FECHA,Mh_PRECURSOR,Mv_PRECURSOR,Dh_TOTAL,F_DENSITY,Delta_foF2_1,slope_foF2_1,foF2_max_SW,foF2_min_SW,foF2_drop_SW,num_muestras_foF2,delta_inicio_min,delta_fin_min,extremos_validos,hora_inicio_real,hora_fin_real,tiempo_real_min,num_registros
2014-03-31,,,,,,,,,,0,120.0,0.0,False,2014-03-31 19:00:00,2014-03-31 19:00:00,,3
2014-04-01,504.0,0.7591666666666669,91.10000000000002,11.932,-1.299999999999999,-0.010833333333333325,12.8,9.3,3.5,25,0.0,0.0,True,2014-04-01 17:00:00,2014-04-01 19:00:00,120.0,25
2014-04-02,510.2,0.9116666666666665,109.39999999999998,11.144,-1.3000000000000007,-0.010833333333333339,11.4,10.1,1.3000000000000007,25,0.0,0.0,True,2014-04-02 17:00:00,2014-04-02 19:00:00,120.0,25
2014-04-03,476.2,0.9933333333333333,119.19999999999999,9.724,-0.29999999999999893,-0.002499999999999991,10.7,8.6,2.0999999999999996,25,0.0,0.0,True,2014-04-03 17:00:00,2014-04-03 19:00:00,120.0,25
2014-04-04,477.9,0.6716666666666664,80.59999999999997,11.0,-3.0,-0.025,12.3,9.3,3.0,9,0.0,0.0,True,2014-04-04 17:00:00,2014-04-04 19:00:00,120.0,9
2014-04-05,,,,,,,,,,0,0.0,-15.0,False,2014-04-05 17:00:00,2014-04-05 18:45:00,,8
2014-04-06,492.1,0.6116666666666669,73.40000000000003,11.38888888888889,-3.1999999999999993,-0.02666666666666666,12.6,9.4,3.1999999999999993,9,0.0,0.0,True,2014-04-06 17:00:00,2014-04-06 19:00:00,120.0,9
2014-04-07,,,,,,,,,,0,15.0,0.0,False,2014-04-07 17:15:00,2014-04-07 19:00:00,,8
2014-04-08,453.9,0.5816666666666663,69.79999999999995,9.58888888888889,-1.299999999999999,-0.010833333333333325,10.3,8.9,1.4000000000000004,9,0.0,0.0,True,2014-04-08 17:00:00,2014-04-08 19:00:00,120.0,9
2014-04-09,476.3,0.4475000000000004,53.700000000000045,11.355555555555556,-2.8000000000000007,-0.023333333333333338,12.3,9.5,2.8000000000000007,9,0.0,0.0,True,2014-04-09 17:00:00,2014-04-09 19:00:00,120.0,9
2014-04-10,501.1,0.9233333333333335,110.80000000000001,11.233333333333334,-4.800000000000001,-0.04000000000000001,13.1,8.2,4.9,9,0.0,0.0,True,2014-04-10 17:00:00,2014-04-10 19:00:00,120.0,9
2014-04-11,533.0,1.0683333333333331,128.2,11.533333333333335,-4.1,-0.034166666666666665,13.0,8.9,4.1,9,0.0,0.0,True,2014-04-11 17:00:00,2014-04-11 19:00:00,120.0,9
2014-04-12,462.8,0.6700000000000003,80.40000000000003,11.350000000000001,-1.200000000000001,-0.010000000000000009,11.8,10.6,1.200000000000001,9,0.0,0.0,True,2014-04-12 17:00:00,2014-04-12 19:00:00,120.0,9
2014-04-13,466.1,0.8841666666666669,106.10000000000002,11.355555555555554,-0.5,-0.004166666666666667,11.6,10.8,0.7999999999999989,9,0.0,0.0,True,2014-04-13 17:00:00,2014-04-13 19:00:00,120.0,9
2014-04-14,449.1,0.5733333333333335,68.80000000000001,11.077777777777778,-2.0999999999999996,-0.017499999999999998,12.4,9.5,2.9000000000000004,9,0.0,0.0,True,2014-04-14 17:00:00,2014-04-14 19:00:00,120.0,9
2014-04-15,,,,,,,,,,0,10.000000000000071,0.0,False,2014-04-15 17:10:00,2014-04-15 19:00:00,,9
2014-04-16,531.7,1.360833333333334,163.30000000000007,10.96111111111111,-2.25,-0.01875,11.6,9.3,2.299999999999999,9,0.0,0.0,True,2014-04-16 17:00:00,2014-04-16 19:00:00,120.0,9
2014-04-17,481.8,0.6441666666666668,77.30000000000001,12.0,-3.3999999999999986,-0.02833333333333332,13.2,9.3,3.8999999999999986,9,0.0,0.0,True,2014-04-17 17:00:00,2014-04-17 19:00:00,120.0,9
2014-04-18,504.1,0.8683333333333337,104.20000000000005,10.027777777777779,-2.3499999999999996,-0.01958333333333333,11.25,8.9,2.3499999999999996,9,0.0,0.0,True,2014-04-18 17:00:00,2014-04-18 19:00:00,120.0,9
2014-04-19,489.4,0.6966666666666664,83.59999999999997,11.833333333333336,-1.75,-0.014583333333333334,12.9,10.8,2.0999999999999996,9,0.0,0.0,True,2014-04-19 17:00:00,2014-04-19 19:00:00,120.0,9
2014-04-20,478.7,0.38166666666666677,45.80000000000001,9.794444444444444,-2.5999999999999996,-0.021666666666666664,11.5,8.9,2.5999999999999996,9,0.0,0.0,True,2014-04-20 17:00:00,2014-04-20 19:00:00,120.0,9
2014-04-21,470.7,0.42583333333333306,51.099999999999966,9.96,-2.6999999999999993,-0.022499999999999996,11.6,8.9,2.6999999999999993,25,0.0,0.0,True,2014-04-21 17:00:00,2014-04-21 19:00:00,120.0,25
2014-04-22,499.8,0.7408333333333331,88.89999999999998,8.756000000000002,-2.500000000000001,-0.02083333333333334,9.8,7.3,2.500000000000001,25,0.0,0.0,True,2014-04-22 17:00:00,2014-04-22 19:00:00,120.0,25
2014-04-23,517.8,0.8525000000000001,102.30000000000001,9.152000000000001,-4.199999999999999,-0.034999999999999996,11.1,6.6,4.5,25,0.0,0.0,True,2014-04-23 17:00:00,2014-04-23 19:00:00,120.0,25
2014-04-24,496.6,0.5608333333333334,67.30000000000001,9.876,-4.8,-0.04,12.5,7.2,5.3,25,0.0,0.0,True,2014-04-24 17:00:00,2014-04-24 19:00:00,120.0,25
2014-04-25,455.0,0.7366666666666665,88.39999999999998,10.711999999999998,-1.799999999999999,-0.01499999999999999,11.7,9.4,2.299999999999999,25,0.0,0.0,True,2014-04-25 17:00:00,2014-04-25 19:00:00,120.0,25
2014-04-26,478.0,0.7633333333333335,91.60000000000002,10.177777777777779,-2.1999999999999993,-0.018333333333333326,11.6,8.8,2.799999999999999,9,0.0,0.0,True,2014-04-26 17:00:00,2014-04-26 19:00:00,120.0,9
2014-04-27,474.4,0.8766666666666666,105.19999999999999,10.08888888888889,-2.5,-0.020833333333333332,11.3,8.7,2.6000000000000014,9,0.0,0.0,True,2014-04-27 17:00:00,2014-04-27 19:00:00,120.0,9
2014-04-28,462.6,0.9883333333333335,118.60000000000002,10.983333333333333,-1.6500000000000004,-0.013750000000000004,11.65,9.7,1.950000000000001,9,0.0,0.0,True,2014-04-28 17:00:00,2014-04-28 19:00:00,120.0,9
2014-04-29,479.5,0.9441666666666667,113.30000000000001,9.944444444444445,-2.0999999999999996,-0.017499999999999998,10.9,8.8,2.0999999999999996,9,0.0,0.0,True,2014-04-29 17:00:00,2014-04-29 19:00:00,120.0,9
2014-04-30,433.2,0.20083333333333306,24.099999999999966,12.233333333333333,-2.3000000000000007,-0.019166666666666672,13.0,10.6,2.4000000000000004,9,0.0,0.0,True,2014-04-30 17:00:00,2014-04-30 19:00:00,120.0,9
2014-05-01,451.6,0.5591666666666668,67.10000000000002,9.177777777777777,-2.200000000000001,-0.018333333333333344,10.3,8.0,2.3000000000000007,9,0.0,0.0,True,2014-05-01 17:00:00,2014-05-01 19:00:00,120.0,9
2014-05-02,,,,,,,,,,0,75.0,0.0,False,2014-05-02 18:15:00,2014-05-02 19:00:00,,4
2014-05-03,401.2,0.49583333333333335,59.5,9.31111111111111,0.09999999999999964,0.0008333333333333304,9.7,9.1,0.5999999999999996,9,0.0,0.0,True,2014-05-03 17:00:00,2014-05-03 19:00:00,120.0,9
2014-05-04,418.9,0.29916666666666647,35.89999999999998,9.966666666666669,-1.5999999999999996,-0.01333333333333333,11.0,9.4,1.5999999999999996,9,0.0,0.0,True,2014-05-04 17:00:00,2014-05-04 19:00:00,120.0,9
2014-05-05,443.4,0.9866666666666665,118.39999999999998,9.755555555555555,-0.40000000000000036,-0.003333333333333336,10.7,9.0,1.6999999999999993,9,0.0,0.0,True,2014-05-05 17:00:00,2014-05-05 19:00:00,120.0,9
2014-05-06,453.9,0.38333333333333336,46.0,9.496,-1.8499999999999996,-0.015416666666666664,10.35,8.4,1.9499999999999993,25,0.0,0.0,True,2014-05-06 17:00:00,2014-05-06 19:00:00,120.0,25
2014-05-07,,,,,,,,,,0,-10.000000000000071,0.0,False,2014-05-07 16:50:00,2014-05-07 19:00:00,,24
2014-05-08,466.2,0.8525000000000001,102.30000000000001,8.686,-1.25,-0.010416666666666666,9.55,8.0,1.5500000000000007,25,0.0,0.0,True,2014-05-08 17:00:00,2014-05-08 19:00:00,120.0,25
2014-05-09,410.4,0.18666666666666695,22.400000000000034,9.78125,-1.3499999999999996,-0.011249999999999998,10.65,9.3,1.3499999999999996,8,0.0,0.0,True,2014-05-09 17:00:00,2014-05-09 19:00:00,120.0,8
2014-05-10,390.9,0.35916666666666636,43.099999999999966,9.221428571428572,-0.05000000000000071,-0.0004166666666666726,9.4,9.0,0.40000000000000036,7,0.0,0.0,True,2014-05-10 17:00:00,2014-05-10 19:00:00,120.0,7
2014-05-11,421.5,0.35166666666666657,42.19999999999999,8.488888888888887,-1.2999999999999998,-0.010833333333333332,9.1,7.2,1.8999999999999995,9,0.0,0.0,True,2014-05-11 17:00:00,2014-05-11 19:00:00,120.0,9
2014-05-12,451.4,0.7974999999999999,95.69999999999999,8.843478260869567,-1.0999999999999996,-0.009166666666666663,9.5,7.1,2.4000000000000004,23,0.0,0.0,True,2014-05-12 17:00:00,2014-05-12 19:00:00,120.0,23
2014-05-13,439.5,0.5708333333333333,68.5,10.168,-2.1999999999999993,-0.018333333333333326,11.4,9.0,2.4000000000000004,25,0.0,0.0,True,2014-05-13 17:00:00,2014-05-13 19:00:00,120.0,25
2014-05-14,431.3,0.5266666666666666,63.19999999999999,9.368,-0.9000000000000004,-0.007500000000000003,9.8,8.8,1.0,25,0.0,0.0,True,2014-05-14 17:00:00,2014-05-14 19:00:00,120.0,25
2014-05-15,448.3,0.5766666666666665,69.19999999999999,9.504166666666668,-1.5999999999999996,-0.01333333333333333,10.5,8.8,1.6999999999999993,24,0.0,0.0,True,2014-05-15 17:00:00,2014-05-15 19:00:00,120.0,24
2014-05-16,437.1,0.5441666666666662,65.29999999999995,9.970833333333333,-1.5,-0.0125,11.0,9.3,1.6999999999999993,24,0.0,0.0,True,2014-05-16 17:00:00,2014-05-16 19:00:00,120.0,24
2014-05-17,450.3,1.0533333333333337,126.40000000000003,9.133333333333333,-1.7500000000000009,-0.01458333333333334,10.2,7.8,2.3999999999999995,9,0.0,0.0,True,2014-05-17 17:00:00,2014-05-17 19:00:00,120.0,9
2014-05-18,459.9,0.7974999999999999,95.69999999999999,9.172222222222222,-1.8499999999999996,-0.015416666666666664,9.95,8.1,1.8499999999999996,9,0.0,0.0,True,2014-05-18 17:00:00,2014-05-18 19:00:00,120.0,9
2014-05-19,416.8,0.45083333333333353,54.10000000000002,9.411111111111113,-1.0999999999999996,-0.009166666666666663,10.0,8.9,1.0999999999999996,9,0.0,0.0,True,2014-05-19 17:00:00,2014-05-19 19:00:00,120.0,9
2014-05-20,450.0,-0.225,-27.0,8.044444444444444,-4.2,-0.035,9.4,5.2,4.2,9,0.0,0.0,True,2014-05-20 17:00:00,2014-05-20 19:00:00,120.0,9
2014-05-21,428.9,0.5933333333333333,71.19999999999999,8.166666666666666,-1.3000000000000007,-0.010833333333333339,8.8,7.5,1.3000000000000007,9,0.0,0.0,True,2014-05-21 17:00:00,2014-05-21 19:00:00,120.0,9
2014-05-22,457.8,0.8766666666666666,105.19999999999999,9.083333333333336,-1.3500000000000014,-0.011250000000000012,9.55,8.2,1.3500000000000014,9,0.0,0.0,True,2014-05-22 17:00:00,2014-05-22 19:00:00,120.0,9
2014-05-23,398.4,0.41416666666666657,49.69999999999999,9.272222222222222,-0.34999999999999964,-0.0029166666666666638,9.5,9.0,0.5,9,0.0,0.0,True,2014-05-23 17:00:00,2014-05-23 19:00:00,120.0,9
2014-05-24,433.3,0.2783333333333336,33.400000000000034,8.38888888888889,-2.0,-0.016666666666666666,9.5,7.5,2.0,9,0.0,0.0,True,2014-05-24 17:00:00,2014-05-24 19:00:00,120.0,9
2014-05-25,388.3,-0.25500000000000017,-30.600000000000023,7.168749999999999,-1.9500000000000002,-0.01625,8.25,6.3,1.9500000000000002,8,0.0,0.0,True,2014-05-25 17:00:00,2014-05-25 19:00:00,120.0,8
2014-05-26,414.3,0.4625,55.5,8.394444444444446,-0.6999999999999993,-0.0058333333333333275,8.8,7.9,0.9000000000000004,9,0.0,0.0,True,2014-05-26 17:00:00,2014-05-26 19:00:00,120.0,9
2014-05-27,393.9,0.6808333333333333,81.69999999999999,8.75,-1.4499999999999993,-0.012083333333333328,9.5,7.6,1.9000000000000004,9,0.0,0.0,True,2014-05-27 17:00:00,2014-05-27 19:00:00,120.0,9
2014-05-28,361.5,0.10416666666666667,12.5,8.18888888888889,-1.3500000000000005,-0.011250000000000005,8.75,7.3,1.4500000000000002,9,0.0,0.0,True,2014-05-28 17:00:00,2014-05-28 19:00:00,120.0,9
2014-05-29,371.6,0.21583333333333363,25.900000000000034,9.083333333333334,-1.0500000000000007,-0.008750000000000006,9.5,8.2,1.3000000000000007,9,0.0,0.0,True,2014-05-29 17:00:00,2014-05-29 19:00:00,120.0,9
2014-05-30,356.3,0.2816666666666668,33.80000000000001,8.766666666666667,-1.1999999999999993,-0.009999999999999993,9.3,8.0,1.3000000000000007,9,0.0,0.0,True,2014-05-30 17:00:00,2014-05-30 19:00:00,120.0,9
2014-05-31,368.5,0.24916666666666648,29.899999999999977,7.974999999999999,-1.0250000000000004,-0.00854166666666667,8.7,7.1,1.5999999999999996,9,0.0,0.0,True,2014-05-31 17:00:00,2014-05-31 19:00:00,120.0,9
2014-06-01,354.9,0.19000000000000009,22.80000000000001,8.05,-0.9500000000000002,-0.007916666666666667,8.4,7.3,1.1000000000000005,8,0.0,0.0,True,2014-06-01 17:00:00,2014-06-01 19:00:00,120.0,8
2014-06-02,382.3,0.39833333333333343,47.80000000000001,8.266666666666667,-1.1500000000000004,-0.009583333333333336,8.8,7.4,1.4000000000000004,9,0.0,0.0,True,2014-06-02 17:00:00,2014-06-02 19:00:00,120.0,9
2014-06-03,366.0,0.32083333333333336,38.5,8.227777777777778,-0.75,-0.00625,8.85,7.5,1.3499999999999996,9,0.0,0.0,True,2014-06-03 17:00:00,2014-06-03 19:00:00,120.0,9
2014-06-04,369.2,0.15416666666666667,18.5,8.616666666666667,-0.34999999999999964,-0.0029166666666666638,9.0,8.0,1.0,9,0.0,0.0,True,2014-06-04 17:00:00,2014-06-04 19:00:00,120.0,9
2014-06-05,385.8,0.36166666666666697,43.400000000000034,8.988888888888887,-1.0999999999999996,-0.009166666666666663,9.5,8.3,1.1999999999999993,9,0.0,0.0,True,2014-06-05 17:00:00,2014-06-05 19:00:00,120.0,9
2014-06-06,373.7,0.25666666666666677,30.80000000000001,8.988888888888889,-1.700000000000001,-0.014166666666666676,9.8,8.1,1.700000000000001,9,0.0,0.0,True,2014-06-06 17:00:00,2014-06-06 19:00:00,120.0,9
2014-06-07,388.0,0.3625,43.5,7.861111111111111,-0.9500000000000002,-0.007916666666666667,8.15,7.2,0.9500000000000002,9,0.0,0.0,True,2014-06-07 17:00:00,2014-06-07 19:00:00,120.0,9
2014-06-08,411.7,0.5683333333333332,68.19999999999999,9.428571428571429,-1.700000000000001,-0.014166666666666676,10.3,8.5,1.8000000000000007,7,0.0,0.0,True,2014-06-08 17:00:00,2014-06-08 19:00:00,120.0,7
2014-06-09,436.7,0.675,81.0,7.966666666666667,-0.9500000000000002,-0.007916666666666667,8.6,7.2,1.3999999999999995,9,0.0,0.0,True,2014-06-09 17:00:00,2014-06-09 19:00:00,120.0,9
2014-06-10,368.7,0.35916666666666636,43.099999999999966,9.41875,-1.3000000000000007,-0.010833333333333339,10.4,8.6,1.8000000000000007,8,0.0,0.0,True,2014-06-10 17:00:00,2014-06-10 19:00:00,120.0,8
2014-06-11,426.9,0.4875,58.5,8.277777777777779,-1.1000000000000005,-0.009166666666666672,9.0,7.1,1.9000000000000004,9,0.0,0.0,True,2014-06-11 17:00:00,2014-06-11 19:00:00,120.0,9
2014-06-12,435.7,0.6558333333333333,78.69999999999999,8.104,-1.299999999999999,-0.010833333333333325,8.7,7.4,1.299999999999999,25,0.0,0.0,True,2014-06-12 17:00:00,2014-06-12 19:00:00,120.0,25
2014-06-13,364.6,0.3199999999999998,38.39999999999998,9.149999999999999,-0.7000000000000011,-0.005833333333333342,9.5,8.6,0.9000000000000004,9,0.0,0.0,True,2014-06-13 17:00:00,2014-06-13 19:00:00,120.0,9
2014-06-14,371.4,0.12999999999999973,15.599999999999966,8.613888888888889,-0.7000000000000011,-0.005833333333333342,8.9,8.2,0.7000000000000011,9,0.0,0.0,True,2014-06-14 17:00:00,2014-06-14 19:00:00,120.0,9
2014-06-15,399.3,0.5533333333333336,66.40000000000003,7.655555555555556,-0.5999999999999996,-0.004999999999999997,8.2,7.0,1.1999999999999993,9,0.0,0.0,True,2014-06-15 17:00:00,2014-06-15 19:00:00,120.0,9
2014-06-16,375.0,0.0691666666666663,8.299999999999955,8.077777777777778,-0.7000000000000002,-0.0058333333333333345,8.9,7.2,1.7000000000000002,9,0.0,0.0,True,2014-06-16 17:00:00,2014-06-16 19:00:00,120.0,9
2014-06-17,389.3,0.24666666666666687,29.600000000000023,8.26666666666667,0.14999999999999858,0.001249999999999988,8.4,8.05,0.34999999999999964,9,0.0,0.0,True,2014-06-17 17:00:00,2014-06-17 19:00:00,120.0,9
2014-06-18,411.0,0.4758333333333335,57.10000000000002,6.51875,-1.4500000000000002,-0.012083333333333335,7.25,5.7,1.5499999999999998,8,0.0,0.0,True,2014-06-18 17:00:00,2014-06-18 19:00:00,120.0,8
2014-06-19,377.5,0.046666666666666384,5.599999999999966,8.272222222222222,-1.3000000000000007,-0.010833333333333339,8.95,7.5,1.4499999999999993,9,0.0,0.0,True,2014-06-19 17:00:00,2014-06-19 19:00:00,120.0,9
2014-06-20,,,,,,,,,,0,15.0,0.0,False,2014-06-20 17:15:00,2014-06-20 19:00:00,,8
2014-06-21,342.6,0.3541666666666667,42.5,8.666666666666666,-0.6999999999999993,-0.0058333333333333275,9.2,7.7,1.4999999999999991,9,0.0,0.0,True,2014-06-21 17:00:00,2014-06-21 19:00:00,120.0,9
2014-06-22,349.2,0.001666666666666572,0.19999999999998863,8.3,-0.15000000000000036,-0.001250000000000003,8.7,8.0,0.6999999999999993,9,0.0,0.0,True,2014-06-22 17:00:00,2014-06-22 19:00:00,120.0,9
2014-06-23,341.9,0.31833333333333325,38.19999999999999,8.674999999999999,-0.7000000000000011,-0.005833333333333342,9.35,8.1,1.25,6,0.0,0.0,True,2014-06-23 17:00:00,2014-06-23 19:00:00,120.0,6
2014-06-24,321.6,-0.14833333333333296,-17.799999999999955,7.6875,-0.34999999999999964,-0.0029166666666666638,7.9,7.0,0.9000000000000004,8,0.0,0.0,True,2014-06-24 17:00:00,2014-06-24 19:00:00,120.0,8
2014-06-25,341.3,-0.3016666666666666,-36.19999999999999,7.716666666666667,-1.2999999999999998,-0.010833333333333332,8.15,6.8,1.3500000000000005,9,0.0,0.0,True,2014-06-25 17:00:00,2014-06-25 19:00:00,120.0,9
2014-06-26,371.1,0.06083333333333343,7.300000000000011,7.616666666666666,-0.25,-0.0020833333333333333,8.2,7.1,1.0999999999999996,9,0.0,0.0,True,2014-06-26 17:00:00,2014-06-26 19:00:00,120.0,9
2014-06-27,361.8,0.01333333333333305,1.599999999999966,8.575,-0.7000000000000002,-0.0058333333333333345,9.3,7.7,1.6000000000000005,8,0.0,0.0,True,2014-06-27 17:00:00,2014-06-27 19:00:00,120.0,8
2014-06-28,360.5,-0.01999999999999981,-2.3999999999999773,8.4625,-1.0999999999999996,-0.009166666666666663,9.2,7.4,1.799999999999999,8,0.0,0.0,True,2014-06-28 17:00:00,2014-06-28 19:00:00,120.0,8
2014-06-29,384.4,0.8,96.0,7.972222222222222,-0.125,-0.0010416666666666667,8.6,7.4,1.1999999999999993,9,0.0,0.0,True,2014-06-29 17:00:00,2014-06-29 19:00:00,120.0,9
2014-06-30,401.3,0.11833333333333323,14.199999999999989,8.002777777777778,-0.4999999999999991,-0.00416666666666666,8.425,7.7,0.7250000000000005,9,0.0,0.0,True,2014-06-30 17:00:00,2014-06-30 19:00:00,120.0,9
2014-07-01,391.8,0.08666666666666695,10.400000000000034,7.944444444444445,-0.5,-0.004166666666666667,8.4,7.5,0.9000000000000004,9,0.0,0.0,True,2014-07-01 17:00:00,2014-07-01 19:00:00,120.0,9
2014-07-02,442.8,0.7616666666666669,91.40000000000003,8.022222222222222,-0.75,-0.00625,8.5,7.4,1.0999999999999996,9,0.0,0.0,True,2014-07-02 17:00:00,2014-07-02 19:00:00,120.0,9
2014-07-03,403.2,0.34833333333333344,41.80000000000001,8.038888888888888,-0.35000000000000053,-0.002916666666666671,8.4,7.8,0.6000000000000005,9,0.0,0.0,True,2014-07-03 17:00:00,2014-07-03 19:00:00,120.0,9
2014-07-04,397.4,-0.12416666666666695,-14.900000000000034,8.455555555555556,-0.09999999999999964,-0.0008333333333333304,8.9,8.0,0.9000000000000004,9,0.0,0.0,True,2014-07-04 17:00:00,2014-07-04 19:00:00,120.0,9
2014-07-05,403.6,0.3375,40.5,8.0,0.20000000000000018,0.001666666666666668,8.4,7.6,0.8000000000000007,9,0.0,0.0,True,2014-07-05 17:00:00,2014-07-05 19:00:00,120.0,9
2014-07-06,443.2,0.4199999999999998,50.39999999999998,7.744444444444444,-1.1499999999999995,-0.009583333333333329,8.35,7.2,1.1499999999999995,9,0.0,0.0,True,2014-07-06 17:00:00,2014-07-06 19:00:00,120.0,9
2014-07-07,400.0,-0.2808333333333332,-33.69999999999999,8.455555555555556,-0.29999999999999893,-0.002499999999999991,9.1,7.9,1.1999999999999993,9,0.0,0.0,True,2014-07-07 17:00:00,2014-07-07 19:00:00,120.0,9
2014-07-08,403.5,0.005000000000000189,0.6000000000000227,8.83888888888889,-1.0,-0.008333333333333333,9.4,8.4,1.0,9,0.0,0.0,True,2014-07-08 17:00:00,2014-07-08 19:00:00,120.0,9
2014-07-09,417.5,0.43249999999999983,51.89999999999998,9.100000000000001,-0.4499999999999993,-0.0037499999999999942,9.45,8.8,0.6499999999999986,9,0.0,0.0,True,2014-07-09 17:00:00,2014-07-09 19:00:00,120.0,9
2014-07-10,398.4,0.1375,16.5,9.25625,-0.75,-0.00625,9.5,8.7,0.8000000000000007,8,0.0,0.0,True,2014-07-10 17:00:00,2014-07-10 19:00:00,120.0,8
2014-07-11,402.0,-0.3049999999999997,-36.599999999999966,8.8,-1.1000000000000014,-0.009166666666666679,9.3,8.2,1.1000000000000014,9,0.0,0.0,True,2014-07-11 17:00:00,2014-07-11 19:00:00,120.0,9
2014-07-12,379.3,0.29749999999999993,35.69999999999999,9.266666666666667,-0.05000000000000071,-0.0004166666666666726,9.5,8.9,0.5999999999999996,9,0.0,0.0,True,2014-07-12 17:00:00,2014-07-12 19:00:00,120.0,9
2014-07-13,398.8,0.28416666666666685,34.10000000000002,9.244444444444445,-0.9000000000000004,-0.007500000000000003,9.6,8.6,1.0,9,0.0,0.0,True,2014-07-13 17:00:00,2014-07-13 19:00:00,120.0,9
2014-07-14,372.2,0.0875,10.5,7.916666666666667,-0.4500000000000002,-0.0037500000000000016,8.25,7.2,1.0499999999999998,9,0.0,0.0,True,2014-07-14 17:00:00,2014-07-14 19:00:00,120.0,9
2014-07-15,366.9,0.12833333333333313,15.399999999999977,6.383333333333333,-1.25,-0.010416666666666666,7.15,5.1,2.0500000000000007,9,0.0,0.0,True,2014-07-15 17:00:00,2014-07-15 19:00:00,120.0,9
2014-07-16,368.6,0.24083333333333315,28.899999999999977,7.477777777777778,-0.4500000000000002,-0.0037500000000000016,7.9,6.9,1.0,9,0.0,0.0,True,2014-07-16 17:00:00,2014-07-16 19:00:00,120.0,9
2014-07-17,366.4,-0.34916666666666646,-41.89999999999998,7.388888888888889,-2.4499999999999993,-0.02041666666666666,8.35,5.9,2.4499999999999993,9,0.0,0.0,True,2014-07-17 17:00:00,2014-07-17 19:00:00,120.0,9
2014-07-18,366.0,0.4125,49.5,7.405555555555556,-0.34999999999999964,-0.0029166666666666638,8.0,6.9,1.0999999999999996,9,0.0,0.0,True,2014-07-18 17:00:00,2014-07-18 19:00:00,120.0,9
2014-07-19,322.3,-0.2183333333333337,-26.200000000000045,7.422222222222222,-0.5,-0.004166666666666667,7.9,6.7,1.2000000000000002,9,0.0,0.0,True,2014-07-19 17:00:00,2014-07-19 19:00:00,120.0,9
2014-07-20,,,,,,,,,,0,0.0,-45.0,False,2014-07-20 17:00:00,2014-07-20 18:15:00,,6
2014-07-21,303.2,-0.20333333333333314,-24.399999999999977,7.777777777777778,-0.5,-0.004166666666666667,8.2,7.0,1.1999999999999993,9,0.0,0.0,True,2014-07-21 17:00:00,2014-07-21 19:00:00,120.0,9
2014-07-22,348.6,-0.29666666666666636,-35.599999999999966,7.077000000000001,0.04999999999999982,0.0004166666666666652,7.35,6.7,0.6499999999999995,25,0.0,0.0,True,2014-07-22 17:00:00,2014-07-22 19:00:00,120.0,25
2014-07-23,373.2,0.45416666666666666,54.5,6.505555555555556,-0.25,-0.0020833333333333333,7.2,5.7,1.5,9,0.0,0.0,True,2014-07-23 17:00:00,2014-07-23 19:00:00,120.0,9
2014-07-24,373.8,-0.3474999999999999,-41.69999999999999,7.194444444444446,-0.75,-0.00625,7.65,6.9,0.75,9,0.0,0.0,True,2014-07-24 17:00:00,2014-07-24 19:00:00,120.0,9
2014-07-25,359.9,0.29749999999999993,35.69999999999999,8.538888888888888,-0.22499999999999964,-0.0018749999999999971,8.8,8.3,0.5,9,0.0,0.0,True,2014-07-25 17:00:00,2014-07-25 19:00:00,120.0,9
2014-07-26,382.7,0.5291666666666667,63.5,7.355555555555556,0.5499999999999998,0.004583333333333332,7.8,7.1,0.7000000000000002,9,0.0,0.0,True,2014-07-26 17:00:00,2014-07-26 19:00:00,120.0,9
2014-07-27,385.0,0.18666666666666648,22.399999999999977,8.905555555555557,-1.5,-0.0125,9.5,8.0,1.5,9,0.0,0.0,True,2014-07-27 17:00:00,2014-07-27 19:00:00,120.0,9
2014-07-28,321.3,0.006666666666666288,0.7999999999999545,8.905555555555557,-0.7999999999999989,-0.0066666666666666576,9.2,8.4,0.7999999999999989,9,0.0,0.0,True,2014-07-28 17:00:00,2014-07-28 19:00:00,120.0,9
2014-07-29,432.3,0.7366666666666669,88.40000000000003,7.705555555555557,-0.35000000000000053,-0.002916666666666671,8.4,6.8,1.6000000000000005,9,0.0,0.0,True,2014-07-29 17:00:00,2014-07-29 19:00:00,120.0,9
2014-07-30,370.3,0.2700000000000003,32.400000000000034,9.122222222222222,0.20000000000000107,0.0016666666666666754,9.3,8.7,0.6000000000000014,9,0.0,0.0,True,2014-07-30 17:00:00,2014-07-30 19:00:00,120.0,9
2014-07-31,430.1,-0.475,-57.0,9.005555555555555,-0.9499999999999993,-0.00791666666666666,9.35,8.4,0.9499999999999993,9,0.0,0.0,True,2014-07-31 17:00:00,2014-07-31 19:00:00,120.0,9
2014-08-01,404.5,0.24166666666666667,29.0,8.844444444444443,-0.5,-0.004166666666666667,9.0,8.5,0.5,9,0.0,0.0,True,2014-08-01 17:00:00,2014-08-01 19:00:00,120.0,9
2014-08-02,426.4,0.6291666666666667,75.5,9.533333333333333,-0.75,-0.00625,10.35,8.8,1.549999999999999,9,0.0,0.0,True,2014-08-02 17:00:00,2014-08-02 19:00:00,120.0,9
2014-08-03,412.8,0.31750000000000017,38.10000000000002,9.044444444444444,0.20000000000000107,0.0016666666666666754,9.2,8.7,0.5,9,0.0,0.0,True,2014-08-03 17:00:00,2014-08-03 19:00:00,120.0,9
2014-08-04,392.8,0.4349999999999999,52.19999999999999,9.466666666666667,-0.1999999999999993,-0.0016666666666666607,9.5,9.3,0.1999999999999993,9,0.0,0.0,True,2014-08-04 17:00:00,2014-08-04 19:00:00,120.0,9
2014-08-05,423.3,0.175,21.0,9.033333333333335,-1.0,-0.008333333333333333,9.5,8.4,1.0999999999999996,9,0.0,0.0,True,2014-08-05 17:00:00,2014-08-05 19:00:00,120.0,9
2014-08-06,395.8,0.08333333333333333,10.0,10.116666666666667,-1.25,-0.010416666666666666,10.8,9.3,1.5,9,0.0,0.0,True,2014-08-06 17:00:00,2014-08-06 19:00:00,120.0,9
2014-08-07,445.8,0.6741666666666669,80.90000000000003,9.2125,-1.5,-0.0125,9.7,8.2,1.5,8,0.0,0.0,True,2014-08-07 17:00:00,2014-08-07 19:00:00,120.0,8
2014-08-08,415.7,0.500833333333333,60.099999999999966,8.383333333333333,-2.7,-0.022500000000000003,9.5,6.8,2.7,9,0.0,0.0,True,2014-08-08 17:00:00,2014-08-08 19:00:00,120.0,9
2014-08-09,363.3,0.011666666666666952,1.400000000000034,9.022222222222222,0.5,0.004166666666666667,9.5,8.3,1.1999999999999993,9,0.0,0.0,True,2014-08-09 17:00:00,2014-08-09 19:00:00,120.0,9
2014-08-10,387.3,-0.29416666666666674,-35.30000000000001,8.84311111111111,-1.387999999999999,-0.011566666666666659,9.5,7.7,1.7999999999999998,9,0.0,0.0,True,2014-08-10 17:00:00,2014-08-10 19:00:00,120.0,9
2014-08-11,419.0,0.45416666666666666,54.5,7.205555555555555,-0.10000000000000053,-0.0008333333333333377,8.0,4.4,3.5999999999999996,9,0.0,0.0,True,2014-08-11 17:00:00,2014-08-11 19:00:00,120.0,9
2014-08-12,345.4,0.1375,16.5,8.618749999999999,0.5,0.004166666666666667,9.0,8.05,0.9499999999999993,8,0.0,0.0,True,2014-08-12 17:00:00,2014-08-12 19:00:00,120.0,8
2014-08-13,353.6,-0.28916666666666707,-34.700000000000045,9.272222222222222,-0.6500000000000004,-0.0054166666666666695,9.55,8.7,0.8500000000000014,9,0.0,0.0,True,2014-08-13 17:00:00,2014-08-13 19:00:00,120.0,9
2014-08-14,376.7,-0.07166666666666685,-8.600000000000023,7.577777777777778,-0.39999999999999947,-0.0033333333333333288,8.1,7.2,0.8999999999999995,9,0.0,0.0,True,2014-08-14 17:00:00,2014-08-14 19:00:00,120.0,9
2014-08-15,355.1,-0.12083333333333333,-14.5,8.058333333333334,0.10000000000000053,0.0008333333333333377,8.425,7.45,0.9750000000000005,9,0.0,0.0,True,2014-08-15 17:00:00,2014-08-15 19:00:00,120.0,9
2014-08-16,345.2,0.1324999999999998,15.899999999999977,8.15,-0.20000000000000107,-0.0016666666666666754,8.4,7.9,0.5,9,0.0,0.0,True,2014-08-16 17:00:00,2014-08-16 19:00:00,120.0,9
2014-08-17,385.6,0.17916666666666667,21.5,7.533333333333333,0.14999999999999947,0.0012499999999999955,8.0,7.15,0.8499999999999996,9,0.0,0.0,True,2014-08-17 17:00:00,2014-08-17 19:00:00,120.0,9
2014-08-18,,,,,,,,,,0,15.0,0.0,False,2014-08-18 17:15:00,2014-08-18 19:00:00,,6
2014-08-19,,,,,,,,,,0,75.0,0.0,False,2014-08-19 18:15:00,2014-08-19 19:00:00,,4
2014-08-20,,,,,,,,,,0,60.0,0.0,False,2014-08-20 18:00:00,2014-08-20 19:00:00,,5
2014-08-21,,,,,,,,,,0,75.0,0.0,False,2014-08-21 18:15:00,2014-08-21 19:00:00,,4
2014-08-22,,,,,,,,,,0,45.0,0.0,False,2014-08-22 17:45:00,2014-08-22 19:00:00,,6
2014-08-23,,,,,,,,,,0,30.0,0.0,False,2014-08-23 17:30:00,2014-08-23 19:00:00,,5
2014-08-24,,,,,,,,,,0,75.0,0.0,False,2014-08-24 18:15:00,2014-08-24 19:00:00,,4
2014-08-25,448.2,0.5891666666666666,70.69999999999999,8.083333333333334,-1.6499999999999995,-0.013749999999999995,8.85,7.2,1.6499999999999995,9,0.0,0.0,True,2014-08-25 17:00:00,2014-08-25 19:00:00,120.0,9
2014-08-26,383.4,-0.05583333333333324,-6.699999999999989,9.584,-0.4499999999999993,-0.0037499999999999942,10.1,9.35,0.75,25,0.0,0.0,True,2014-08-26 17:00:00,2014-08-26 19:00:00,120.0,25
2014-08-27,449.6,0.6366666666666669,76.40000000000003,9.616666666666667,-0.8000000000000007,-0.006666666666666672,10.0,9.2,0.8000000000000007,6,0.0,0.0,True,2014-08-27 17:00:00,2014-08-27 19:00:00,120.0,6
2014-08-28,459.9,0.6625,79.5,9.766666666666667,-1.0999999999999996,-0.009166666666666663,10.5,9.4,1.0999999999999996,6,0.0,0.0,True,2014-08-28 17:00:00,2014-08-28 19:00:00,120.0,6
2014-08-29,,,,,,,,,,0,0.0,-15.0,False,2014-08-29 17:00:00,2014-08-29 18:45:00,,8
2014-08-30,435.3,0.6675000000000002,80.10000000000002,9.6125,-0.6999999999999993,-0.0058333333333333275,10.4,9.2,1.200000000000001,8,0.0,0.0,True,2014-08-30 17:00:00,2014-08-30 19:00:00,120.0,8
2014-08-31,412.2,0.47833333333333317,57.39999999999998,9.271428571428572,-0.6999999999999993,-0.0058333333333333275,9.6,8.5,1.0999999999999996,7,0.0,0.0,True,2014-08-31 17:00:00,2014-08-31 19:00:00,120.0,7
2014-09-01,375.8,0.48583333333333345,58.30000000000001,9.914285714285715,0.0,0.0,10.8,9.3,1.5,7,0.0,0.0,True,2014-09-01 17:00:00,2014-09-01 19:00:00,120.0,7
2014-09-02,,,,,,,,,,0,45.0,0.0,False,2014-09-02 17:45:00,2014-09-02 19:00:00,,6
2014-09-03,,,,,,,,,,0,60.0,0.0,False,2014-09-03 18:00:00,2014-09-03 19:00:00,,5
2014-09-04,,,,,,,,,,0,30.0,0.0,False,2014-09-04 17:30:00,2014-09-04 19:00:00,,6
2014-09-05,,,,,,,,,,0,75.0,0.0,False,2014-09-05 18:15:00,2014-09-05 19:00:00,,4
2014-09-06,,,,,,,,,,0,45.0,0.0,False,2014-09-06 17:45:00,2014-09-06 19:00:00,,5
2014-09-07,,,,,,,,,,0,15.0,0.0,False,2014-09-07 17:15:00,2014-09-07 19:00:00,,6
2014-09-08,454.8,0.6216666666666668,74.60000000000002,9.000000000000002,-1.1500000000000004,-0.009583333333333336,9.55,8.4,1.1500000000000004,6,0.0,0.0,True,2014-09-08 17:00:00,2014-09-08 19:00:00,120.0,6
2014-09-09,,,,,,,,,,0,45.0,0.0,False,2014-09-09 17:45:00,2014-09-09 19:00:00,,5
2014-09-10,505.8,0.9316666666666668,111.80000000000001,7.783333333333334,-2.5,-0.020833333333333332,8.9,6.4,2.5,6,0.0,0.0,True,2014-09-10 17:00:00,2014-09-10 19:00:00,120.0,6
2014-09-11,478.7,0.9058333333333333,108.69999999999999,9.285714285714286,-1.3000000000000007,-0.010833333333333339,9.8,8.3,1.5,21,0.0,0.0,True,2014-09-11 17:00:00,2014-09-11 19:00:00,120.0,21
2014-09-12,489.8,-0.1625,-19.5,9.127916666666666,-2.607000000000001,-0.021725000000000008,11.8,8.2,3.6000000000000014,24,0.0,0.0,True,2014-09-12 17:00:00,2014-09-12 19:00:00,120.0,24
2014-09-13,463.4,0.5908333333333331,70.89999999999998,8.482,-2.3500000000000005,-0.019583333333333338,9.55,3.9,5.65,25,0.0,0.0,True,2014-09-13 17:00:00,2014-09-13 19:00:00,120.0,25
2014-09-14,508.1,1.04,124.80000000000001,7.7620000000000005,-1.5000000000000009,-0.012500000000000008,8.75,6.0,2.75,25,0.0,0.0,True,2014-09-14 17:00:00,2014-09-14 19:00:00,120.0,25
2014-09-15,466.4,0.7183333333333333,86.19999999999999,9.245652173913044,-2.0500000000000007,-0.01708333333333334,10.35,8.2,2.1500000000000004,23,0.0,0.0,True,2014-09-15 17:00:00,2014-09-15 19:00:00,120.0,23
2014-09-16,,,,,,,,,,0,15.0,0.0,False,2014-09-16 17:15:00,2014-09-16 19:00:00,,6
2014-09-17,472.3,0.7691666666666668,92.30000000000001,8.427777777777779,-1.3500000000000005,-0.011250000000000005,8.9,7.3,1.6000000000000005,9,0.0,0.0,True,2014-09-17 17:00:00,2014-09-17 19:00:00,120.0,9
2014-09-18,497.3,0.6916666666666667,83.0,9.344444444444445,-3.5,-0.029166666666666667,10.9,7.4,3.5,9,0.0,0.0,True,2014-09-18 17:00:00,2014-09-18 19:00:00,120.0,9
2014-09-19,,,,,,,,,,0,15.0,0.0,False,2014-09-19 17:15:00,2014-09-19 19:00:00,,6
2014-09-20,537.7,1.2133333333333336,145.60000000000002,8.399999999999999,-4.5,-0.0375,10.1,5.6,4.5,8,0.0,0.0,True,2014-09-20 17:00:00,2014-09-20 19:00:00,120.0,8
2014-09-21,,,,,,,,,,0,45.0,0.0,False,2014-09-21 17:45:00,2014-09-21 19:00:00,,5
2014-09-22,493.4,0.8033333333333331,96.39999999999998,9.655555555555557,-3.6499999999999995,-0.03041666666666666,11.35,7.7,3.6499999999999995,9,0.0,0.0,True,2014-09-22 17:00:00,2014-09-22 19:00:00,120.0,9
2014-09-23,522.8,1.26,151.2,10.655999999999999,-3.0500000000000007,-0.025416666666666674,11.65,8.5,3.1500000000000004,25,0.0,0.0,True,2014-09-23 17:00:00,2014-09-23 19:00:00,120.0,25
2014-09-24,484.4,0.8083333333333333,97.0,9.226,-1.8499999999999996,-0.015416666666666664,9.85,8.0,1.8499999999999996,25,0.0,0.0,True,2014-09-24 17:00:00,2014-09-24 19:00:00,120.0,25
2014-09-25,494.6,0.5983333333333334,71.80000000000001,10.604,-4.000000000000001,-0.03333333333333334,12.0,7.8,4.2,25,0.0,0.0,True,2014-09-25 17:00:00,2014-09-25 19:00:00,120.0,25
2014-09-26,484.2,0.6466666666666664,77.59999999999997,9.96,-2.049999999999999,-0.017083333333333325,11.05,8.9,2.1500000000000004,25,0.0,0.0,True,2014-09-26 17:00:00,2014-09-26 19:00:00,120.0,25
2014-09-27,499.7,0.8641666666666665,103.69999999999999,8.733333333333333,-1.700000000000001,-0.014166666666666676,9.3,7.6,1.700000000000001,9,0.0,0.0,True,2014-09-27 17:00:00,2014-09-27 19:00:00,120.0,9
2014-09-28,517.1,0.9891666666666671,118.70000000000005,10.833333333333334,-2.200000000000001,-0.018333333333333344,11.6,9.2,2.4000000000000004,9,0.0,0.0,True,2014-09-28 17:00:00,2014-09-28 19:00:00,120.0,9
2014-09-29,517.4,1.0341666666666665,124.09999999999997,9.288888888888888,-1.700000000000001,-0.014166666666666676,9.9,8.1,1.8000000000000007,9,0.0,0.0,True,2014-09-29 17:00:00,2014-09-29 19:00:00,120.0,9
2014-09-30,492.2,0.5984,74.80000000000001,10.222727272727274,-2.4000000000000004,-0.019200000000000002,11.6,9.2,2.4000000000000004,22,-4.999999999999929,0.0,True,2014-09-30 16:55:00,2014-09-30 19:00:00,125.0,22
2014-10-01,489.6,0.7950000000000003,95.40000000000003,10.084,-2.5,-0.020833333333333332,11.2,8.4,2.799999999999999,25,0.0,0.0,True,2014-10-01 17:00:00,2014-10-01 19:00:00,120.0,25
2014-10-02,488.8,0.5533333333333331,66.39999999999998,10.684,-3.0,-0.025,12.2,7.1,5.1,25,0.0,0.0,True,2014-10-02 17:00:00,2014-10-02 19:00:00,120.0,25
2014-10-03,496.9,0.6974999999999999,83.69999999999999,10.193999999999999,-3.1499999999999986,-0.02624999999999999,11.65,8.3,3.3499999999999996,25,0.0,0.0,True,2014-10-03 17:00:00,2014-10-03 19:00:00,120.0,25
2014-10-04,462.8,0.6541666666666667,78.5,9.06111111111111,-0.75,-0.00625,9.35,8.2,1.1500000000000004,9,0.0,0.0,True,2014-10-04 17:00:00,2014-10-04 19:00:00,120.0,9
2014-10-05,481.5,0.6233333333333334,74.80000000000001,9.694444444444445,-1.75,-0.014583333333333334,10.75,9.0,1.75,9,0.0,0.0,True,2014-10-05 17:00:00,2014-10-05 19:00:00,120.0,9
2014-10-06,493.8,1.3183333333333331,158.2,9.5,-0.5999999999999996,-0.004999999999999997,10.7,8.8,1.8999999999999986,6,0.0,0.0,True,2014-10-06 17:00:00,2014-10-06 19:00:00,120.0,6
2014-10-07,477.2,0.5783333333333331,69.39999999999998,10.191666666666668,-2.049999999999999,-0.017083333333333325,11.35,9.3,2.049999999999999,6,0.0,0.0,True,2014-10-07 17:00:00,2014-10-07 19:00:00,120.0,6
2014-10-08,518.3,1.1649999999999996,139.79999999999995,11.85,-1.9000000000000004,-0.015833333333333335,12.9,11.0,1.9000000000000004,6,0.0,0.0,True,2014-10-08 17:00:00,2014-10-08 19:00:00,120.0,6
2014-10-09,,,,,,,,,,0,15.0,0.0,False,2014-10-09 17:15:00,2014-10-09 19:00:00,,6
2014-10-10,,,,,,,,,,0,30.0,0.0,False,2014-10-10 17:30:00,2014-10-10 19:00:00,,5
2014-10-11,420.5,0.7474999999999999,89.69999999999999,11.200000000000001,0.0,0.0,11.6,10.8,0.7999999999999989,6,0.0,0.0,True,2014-10-11 17:00:00,2014-10-11 19:00:00,120.0,6
2014-10-12,,,,,,,,,,0,,,False,,,,0
2014-10-13,447.1,0.5875,70.5,11.1875,-0.40000000000000036,-0.003333333333333336,11.5,10.8,0.6999999999999993,8,0.0,0.0,True,2014-10-13 17:00:00,2014-10-13 19:00:00,120.0,8
2014-10-14,,,,,,,,,,0,75.0,0.0,False,2014-10-14 18:15:00,2014-10-14 19:00:00,,4
2014-10-15,,,,,,,,,,0,75.0,0.0,False,2014-10-15 18:15:00,2014-10-15 19:00:00,,4
2014-10-16,,,,,,,,,,0,30.0,0.0,False,2014-10-16 17:30:00,2014-10-16 19:00:00,,6
2014-10-17,480.6,1.0358333333333334,124.30000000000001,9.228571428571428,-0.40000000000000036,-0.003333333333333336,9.5,8.4,1.0999999999999996,7,0.0,0.0,True,2014-10-17 17:00:00,2014-10-17 19:00:00,120.0,7
2014-10-18,505.8,0.5783333333333336,69.40000000000003,9.38,-4.7,-0.03916666666666667,12.4,7.7,4.7,5,0.0,0.0,True,2014-10-18 17:00:00,2014-10-18 19:00:00,120.0,5
2014-10-19,,,,,,,,,,0,75.0,0.0,False,2014-10-19 18:15:00,2014-10-19 19:00:00,,4
2014-10-20,465.7,0.07833333333333314,9.399999999999977,10.057142857142855,-3.5999999999999996,-0.029999999999999995,12.4,8.8,3.5999999999999996,7,0.0,0.0,True,2014-10-20 17:00:00,2014-10-20 19:00:00,120.0,7
2014-10-21,478.1,0.5466666666666669,65.60000000000002,11.377777777777776,-1.3499999999999996,-0.011249999999999998,12.15,10.8,1.3499999999999996,9,0.0,0.0,True,2014-10-21 17:00:00,2014-10-21 19:00:00,120.0,9
2014-10-22,499.3,0.7058333333333332,84.69999999999999,13.207142857142857,-1.75,-0.014583333333333334,13.95,12.2,1.75,7,0.0,0.0,True,2014-10-22 17:00:00,2014-10-22 19:00:00,120.0,7
2014-10-23,512.6,1.0650000000000002,127.80000000000001,12.8875,-2.3000000000000007,-0.019166666666666672,13.9,11.6,2.3000000000000007,8,0.0,0.0,True,2014-10-23 17:00:00,2014-10-23 19:00:00,120.0,8
2014-10-24,,,,,,,,,,0,,,False,,,,0
2014-10-29,471.1,0.701666666666667,84.20000000000005,10.25,-2.799999999999999,-0.023333333333333324,11.6,8.8,2.799999999999999,6,0.0,0.0,True,2014-10-29 17:00:00,2014-10-29 19:00:00,120.0,6
2014-10-30,,,,,,,,,,0,15.0,0.0,False,2014-10-30 17:15:00,2014-10-30 19:00:00,,6
2014-10-31,462.3,0.6691666666666668,80.30000000000001,9.42,-0.7000000000000011,-0.005833333333333342,9.8,9.1,0.7000000000000011,5,0.0,0.0,True,2014-10-31 17:00:00,2014-10-31 19:00:00,120.0,5
2014-11-01,460.2,0.750833333333333,90.09999999999997,8.657142857142858,-0.3999999999999986,-0.0033333333333333214,9.0,8.3,0.6999999999999993,7,0.0,0.0,True,2014-11-01 17:00:00,2014-11-01 19:00:00,120.0,7
2014-11-02,,,,,,,,,,0,75.0,0.0,False,2014-11-02 18:15:00,2014-11-02 19:00:00,,4
2014-11-03,,,,,,,,,,0,75.0,0.0,False,2014-11-03 18:15:00,2014-11-03 19:00:00,,4
2014-11-04,,,,,,,,,,0,30.0,0.0,False,2014-11-04 17:30:00,2014-11-04 19:00:00,,5
2014-11-05,,,,,,,,,,0,75.0,0.0,False,2014-11-05 18:15:00,2014-11-05 19:00:00,,4
2014-11-06,480.7,0.6724999999999999,80.69999999999999,10.38,-1.8000000000000007,-0.015000000000000006,11.5,9.5,2.0,5,0.0,0.0,True,2014-11-06 17:00:00,2014-11-06 19:00:00,120.0,5
2014-11-07,488.0,0.29916666666666647,35.89999999999998,10.9,-4.800000000000001,-0.04000000000000001,13.8,9.0,4.800000000000001,6,0.0,0.0,True,2014-11-07 17:00:00,2014-11-07 19:00:00,120.0,6
2014-11-08,,,,,,,,,,0,45.0,0.0,False,2014-11-08 17:45:00,2014-11-08 19:00:00,,5
2014-11-09,,,,,,,,,,0,15.0,0.0,False,2014-11-09 17:15:00,2014-11-09 19:00:00,,5
2014-11-10,,,,,,,,,,0,15.0,0.0,False,2014-11-10 17:15:00,2014-11-10 19:00:00,,5
2014-11-11,478.9,0.5024999999999996,60.299999999999955,9.885714285714286,-3.700000000000001,-0.03083333333333334,12.3,8.6,3.700000000000001,7,0.0,0.0,True,2014-11-11 17:00:00,2014-11-11 19:00:00,120.0,7
2014-11-12,479.2,0.8424999999999997,101.09999999999997,9.0,-1.3000000000000007,-0.010833333333333339,9.5,8.2,1.3000000000000007,6,0.0,0.0,True,2014-11-12 17:00:00,2014-11-12 19:00:00,120.0,6
2014-11-13,476.2,0.8625,103.5,9.633333333333333,-0.09999999999999964,-0.0008333333333333304,10.0,9.2,0.8000000000000007,6,0.0,0.0,True,2014-11-13 17:00:00,2014-11-13 19:00:00,120.0,6
2014-11-14,,,,,,,,,,0,75.0,0.0,False,2014-11-14 18:15:00,2014-11-14 19:00:00,,4
2014-11-15,484.3,0.4983333333333334,59.80000000000001,9.9125,-1.799999999999999,-0.01499999999999999,11.1,9.3,1.799999999999999,8,0.0,0.0,True,2014-11-15 17:00:00,2014-11-15 19:00:00,120.0,8
2014-11-16,474.2,0.32083333333333336,38.5,9.744444444444444,-1.9000000000000004,-0.015833333333333335,11.0,9.1,1.9000000000000004,9,0.0,0.0,True,2014-11-16 17:00:00,2014-11-16 19:00:00,120.0,9
2014-11-17,474.3,0.18916666666666657,22.69999999999999,10.98125,-2.8499999999999996,-0.023749999999999997,12.45,9.6,2.8499999999999996,8,0.0,0.0,True,2014-11-17 17:00:00,2014-11-17 19:00:00,120.0,8
2014-11-18,,,,,,,,,,0,45.0,0.0,False,2014-11-18 17:45:00,2014-11-18 19:00:00,,6
2014-11-19,,,,,,,,,,0,15.0,0.0,False,2014-11-19 17:15:00,2014-11-19 19:00:00,,5
2014-11-20,,,,,,,,,,0,75.0,0.0,False,2014-11-20 18:15:00,2014-11-20 19:00:00,,4
2014-11-21,468.6,0.5133333333333335,61.60000000000002,13.05,-0.6500000000000004,-0.0054166666666666695,13.35,12.7,0.6500000000000004,7,0.0,0.0,True,2014-11-21 17:00:00,2014-11-21 19:00:00,120.0,7
2014-11-22,471.6,0.45250000000000007,54.30000000000001,11.414285714285713,-1.0999999999999996,-0.009166666666666663,11.9,10.8,1.0999999999999996,7,0.0,0.0,True,2014-11-22 17:00:00,2014-11-22 19:00:00,120.0,7
2014-11-23,505.8,0.7208333333333333,86.5,12.950000000000001,-2.5,-0.020833333333333332,13.9,11.4,2.5,6,0.0,0.0,True,2014-11-23 17:00:00,2014-11-23 19:00:00,120.0,6
2014-11-24,501.0,0.8949999999999998,107.39999999999998,13.36,-0.9000000000000004,-0.007500000000000003,14.0,9.3,4.699999999999999,25,0.0,0.0,True,2014-11-24 17:00:00,2014-11-24 19:00:00,120.0,25
2014-11-25,507.3,1.0441666666666667,125.30000000000001,13.636,-0.7000000000000011,-0.005833333333333342,14.1,12.7,1.4000000000000004,25,0.0,0.0,True,2014-11-25 17:00:00,2014-11-25 19:00:00,120.0,25
2014-11-26,499.8,0.4575000000000003,54.900000000000034,11.851999999999999,-2.799999999999999,-0.023333333333333324,13.2,10.4,2.799999999999999,25,0.0,0.0,True,2014-11-26 17:00:00,2014-11-26 19:00:00,120.0,25
2014-11-27,465.3,0.3724999999999999,44.69999999999999,10.747916666666667,-2.0999999999999996,-0.017499999999999998,11.45,9.3,2.1499999999999986,24,0.0,0.0,True,2014-11-27 17:00:00,2014-11-27 19:00:00,120.0,24
2014-11-28,,,,,,,,,,0,75.0,0.0,False,2014-11-28 18:15:00,2014-11-28 19:00:00,,4
2014-11-29,,,,,,,,,,0,75.0,0.0,False,2014-11-29 18:15:00,2014-11-29 19:00:00,,4
2014-11-30,465.9,0.2,24.0,9.5,-2.700000000000001,-0.02250000000000001,11.3,8.6,2.700000000000001,5,0.0,0.0,True,2014-11-30 17:00:00,2014-11-30 19:00:00,120.0,5
2014-12-01,509.9,0.19249999999999973,23.099999999999966,11.7125,-5.35,-0.04458333333333333,14.15,8.8,5.35,8,0.0,0.0,True,2014-12-01 17:00:00,2014-12-01 19:00:00,120.0,8
2014-12-02,503.6,0.7991666666666669,95.90000000000003,13.433333333333332,-1.5,-0.0125,14.1,12.6,1.5,6,0.0,0.0,True,2014-12-02 17:00:00,2014-12-02 19:00:00,120.0,6
2014-12-03,470.7,0.10500000000000019,12.600000000000023,10.285714285714283,-5.6499999999999995,-0.04708333333333333,13.45,7.8,5.6499999999999995,7,0.0,0.0,True,2014-12-03 17:00:00,2014-12-03 19:00:00,120.0,7
2014-12-04,444.2,0.04499999999999981,5.399999999999977,8.73,-2.9499999999999993,-0.02458333333333333,10.95,8.0,2.9499999999999993,5,0.0,0.0,True,2014-12-04 17:00:00,2014-12-04 19:00:00,120.0,5
2014-12-05,,,,,,,,,,0,75.0,-15.0,False,2014-12-05 18:15:00,2014-12-05 18:45:00,,3
2014-12-06,,,,,,,,,,0,75.0,0.0,False,2014-12-06 18:15:00,2014-12-06 19:00:00,,4
2014-12-07,,,,,,,,,,0,75.0,0.0,False,2014-12-07 18:15:00,2014-12-07 19:00:00,,4
2014-12-08,,,,,,,,,,0,15.0,0.0,False,2014-12-08 17:15:00,2014-12-08 19:00:00,,5
2014-12-09,479.9,0.6491666666666664,77.89999999999998,10.54375,-2.200000000000001,-0.018333333333333344,11.3,9.1,2.200000000000001,8,0.0,0.0,True,2014-12-09 17:00:00,2014-12-09 19:00:00,120.0,8
2014-12-10,475.8,0.5058333333333332,60.69999999999999,11.4,-3.0,-0.025,13.0,10.0,3.0,5,0.0,0.0,True,2014-12-10 17:00:00,2014-12-10 19:00:00,120.0,5
2014-12-11,427.6,-0.5958333333333333,-71.5,7.507142857142858,-4.5,-0.0375,9.0,4.5,4.5,7,0.0,0.0,True,2014-12-11 17:00:00,2014-12-11 19:00:00,120.0,7
2014-12-12,436.5,0.3025000000000001,36.30000000000001,8.9,-0.40000000000000036,-0.003333333333333336,9.2,8.5,0.6999999999999993,6,0.0,0.0,True,2014-12-12 17:00:00,2014-12-12 19:00:00,120.0,6
2014-12-13,,,,,,,,,,0,15.0,0.0,False,2014-12-13 17:15:00,2014-12-13 19:00:00,,5
2014-12-14,,,,,,,,,,0,15.0,0.0,False,2014-12-14 17:15:00,2014-12-14 19:00:00,,6
2014-12-15,421.1,0.08666666666666695,10.400000000000034,9.633333333333333,-0.5999999999999996,-0.004999999999999997,10.0,9.4,0.5999999999999996,9,0.0,0.0,True,2014-12-15 17:00:00,2014-12-15 19:00:00,120.0,9
2014-12-16,489.7,0.3733333333333334,44.80000000000001,12.296000000000001,-3.5,-0.029166666666666667,13.7,10.2,3.5,25,0.0,0.0,True,2014-12-16 17:00:00,2014-12-16 19:00:00,120.0,25
2014-12-17,467.3,0.06833333333333323,8.199999999999989,10.16,-3.5999999999999996,-0.029999999999999995,12.35,8.5,3.8499999999999996,25,0.0,0.0,True,2014-12-17 17:00:00,2014-12-17 19:00:00,120.0,25
2014-12-18,,,,,,,,,,0,-10.000000000000071,0.0,False,2014-12-18 16:50:00,2014-12-18 19:00:00,,24
2014-12-19,489.3,0.015000000000000095,1.8000000000000114,12.573999999999998,-4.1,-0.034166666666666665,13.55,9.4,4.15,25,0.0,0.0,True,2014-12-19 17:00:00,2014-12-19 19:00:00,120.0,25
2014-12-20,509.1,-0.3550000000000002,-42.60000000000002,12.33452,-7.1,-0.059166666666666666,14.1,7.0,7.1,25,0.0,0.0,True,2014-12-20 17:00:00,2014-12-20 19:00:00,120.0,25
2014-12-21,535.6,0.4266666666666666,51.19999999999999,12.79252,-5.699999999999999,-0.047499999999999994,14.35,8.4,5.949999999999999,25,0.0,0.0,True,2014-12-21 17:00:00,2014-12-21 19:00:00,120.0,25
2014-12-22,512.0,0.4791666666666667,57.5,13.0,-4.6,-0.03833333333333333,14.2,9.5,4.699999999999999,7,0.0,0.0,True,2014-12-22 17:00:00,2014-12-22 19:00:00,120.0,7
2014-12-23,,,,,,,,,,0,75.0,0.0,False,2014-12-23 18:15:00,2014-12-23 19:00:00,,4
2014-12-24,,,,,,,,,,0,,,False,,,,0
