Time_UTC,Time_Local_Peru,FECHA,YEAR,DOY,Hour,BY_GSE_nT,BZ_GSE_nT,SW_Plasma_Speed_kms,Flow_Pressure_nPa,E_Electric_Field_mVm,Kp_Index,Dst_Index_nT,F10.7_Index
2015-03-01 00:00:00,2015-02-28 19:00:00,2015-02-28,2015,60,0,-8.1,-0.8,479.0,4.96,2.35,50,-34,125.3
2015-03-01 01:00:00,2015-02-28 20:00:00,2015-02-28,2015,60,1,-8.2,2.4,484.0,4.71,0.97,50,-44,125.3
2015-03-01 02:00:00,2015-02-28 21:00:00,2015-02-28,2015,60,2,-6.2,0.1,484.0,4.59,1.4,50,-30,125.3
2015-03-01 03:00:00,2015-02-28 22:00:00,2015-02-28,2015,60,3,-3.4,-3.7,499.0,4.99,2.4,50,-31,125.3
2015-03-01 04:00:00,2015-02-28 23:00:00,2015-02-28,2015,60,4,-5.6,-0.8,523.0,5.58,1.57,50,-28,125.3
2015-03-01 05:00:00,2015-03-01 00:00:00,2015-03-01,2015,60,5,-8.6,-2.7,553.0,5.45,3.1,50,-42,125.3
2015-03-01 06:00:00,2015-03-01 01:00:00,2015-03-01,2015,60,6,-9.4,-1.8,546.0,4.68,2.57,53,-55,125.3
2015-03-01 07:00:00,2015-03-01 02:00:00,2015-03-01,2015,60,7,-8.3,-3.2,538.0,5.09,2.91,53,-53,125.3
2015-03-01 08:00:00,2015-03-01 03:00:00,2015-03-01,2015,60,8,-2.5,3.4,540.0,4.66,-1.46,53,-56,125.3
2015-03-01 09:00:00,2015-03-01 04:00:00,2015-03-01,2015,60,9,-2.7,-0.2,566.0,4.67,0.45,37,-51,125.3
2015-03-01 10:00:00,2015-03-01 05:00:00,2015-03-01,2015,60,10,-4.3,1.2,550.0,4.26,-0.11,37,-50,125.3
2015-03-01 11:00:00,2015-03-01 06:00:00,2015-03-01,2015,60,11,-3.0,1.5,546.0,3.78,-0.44,37,-47,125.3
2015-03-01 12:00:00,2015-03-01 07:00:00,2015-03-01,2015,60,12,-0.1,2.2,533.0,2.93,-1.12,20,-46,125.3
2015-03-01 13:00:00,2015-03-01 08:00:00,2015-03-01,2015,60,13,1.1,1.0,527.0,3.0,-0.63,20,-41,125.3
2015-03-01 14:00:00,2015-03-01 09:00:00,2015-03-01,2015,60,14,0.7,-1.4,522.0,3.13,0.57,20,-36,125.3
2015-03-01 15:00:00,2015-03-01 10:00:00,2015-03-01,2015,60,15,-1.2,-2.7,516.0,3.11,1.5,13,-32,125.3
2015-03-01 16:00:00,2015-03-01 11:00:00,2015-03-01,2015,60,16,-1.4,-1.0,514.0,2.88,0.72,13,-29,125.3
2015-03-01 17:00:00,2015-03-01 12:00:00,2015-03-01,2015,60,17,-0.6,0.8,511.0,2.89,-0.26,13,-26,125.3
2015-03-01 18:00:00,2015-03-01 13:00:00,2015-03-01,2015,60,18,-3.7,1.5,516.0,2.62,0.15,23,-22,125.3
2015-03-01 19:00:00,2015-03-01 14:00:00,2015-03-01,2015,60,19,-4.2,1.2,519.0,2.82,0.47,23,-21,125.3
2015-03-01 20:00:00,2015-03-01 15:00:00,2015-03-01,2015,60,20,-5.6,-0.8,506.0,4.35,1.77,23,-22,125.3
2015-03-01 21:00:00,2015-03-01 16:00:00,2015-03-01,2015,60,21,-3.9,-0.4,502.0,4.62,1.2,27,-21,125.3
2015-03-01 22:00:00,2015-03-01 17:00:00,2015-03-01,2015,60,22,-4.8,2.0,475.0,3.26,0.38,27,-27,125.3
2015-03-01 23:00:00,2015-03-01 18:00:00,2015-03-01,2015,60,23,-4.7,1.5,457.0,4.16,0.55,27,-26,125.3
2015-03-02 00:00:00,2015-03-01 19:00:00,2015-03-01,2015,61,0,-5.8,-1.5,454.0,4.02,1.95,40,-21,128.1
2015-03-02 01:00:00,2015-03-01 20:00:00,2015-03-01,2015,61,1,-6.7,-3.7,449.0,4.47,2.96,40,-20,128.1
2015-03-02 02:00:00,2015-03-01 21:00:00,2015-03-01,2015,61,2,-7.7,1.0,463.0,5.08,1.3,40,-30,128.1
2015-03-02 03:00:00,2015-03-01 22:00:00,2015-03-01,2015,61,3,-5.9,5.4,522.0,5.71,-1.15,43,-35,128.1
2015-03-02 04:00:00,2015-03-01 23:00:00,2015-03-01,2015,61,4,-7.8,-3.6,526.0,6.31,3.37,43,-30,128.1
2015-03-02 05:00:00,2015-03-02 00:00:00,2015-03-02,2015,61,5,-5.2,-1.3,523.0,5.47,1.62,43,-42,128.1
2015-03-02 06:00:00,2015-03-02 01:00:00,2015-03-02,2015,61,6,-5.4,-7.1,574.0,5.08,4.88,53,-43,128.1
2015-03-02 07:00:00,2015-03-02 02:00:00,2015-03-02,2015,61,7,-7.8,-4.0,597.0,5.41,3.58,53,-53,128.1
2015-03-02 08:00:00,2015-03-02 03:00:00,2015-03-02,2015,61,8,-6.4,-1.1,586.0,4.84,1.58,53,-64,128.1
2015-03-02 09:00:00,2015-03-02 04:00:00,2015-03-02,2015,61,9,-3.3,4.5,590.0,4.84,-2.12,47,-62,128.1
2015-03-02 10:00:00,2015-03-02 05:00:00,2015-03-02,2015,61,10,-6.0,-1.5,619.0,4.46,1.73,47,-54,128.1
2015-03-02 11:00:00,2015-03-02 06:00:00,2015-03-02,2015,61,11,-4.0,0.9,627.0,3.91,-0.0,47,-50,128.1
2015-03-02 12:00:00,2015-03-02 07:00:00,2015-03-02,2015,61,12,-3.1,0.4,634.0,3.75,0.19,37,-53,128.1
2015-03-02 13:00:00,2015-03-02 08:00:00,2015-03-02,2015,61,13,-3.0,-3.1,643.0,3.81,2.44,37,-53,128.1
2015-03-02 14:00:00,2015-03-02 09:00:00,2015-03-02,2015,61,14,-3.3,-1.2,637.0,3.27,1.34,37,-49,128.1
2015-03-02 15:00:00,2015-03-02 10:00:00,2015-03-02,2015,61,15,-0.3,0.5,627.0,2.74,-0.25,37,-49,128.1
2015-03-02 16:00:00,2015-03-02 11:00:00,2015-03-02,2015,61,16,0.5,-0.2,621.0,2.22,-0.0,37,-41,128.1
2015-03-02 17:00:00,2015-03-02 12:00:00,2015-03-02,2015,61,17,-1.5,-0.8,604.0,1.96,0.79,37,-40,128.1
2015-03-02 18:00:00,2015-03-02 13:00:00,2015-03-02,2015,61,18,-1.1,0.2,582.0,2.47,0.17,30,-36,128.1
2015-03-02 19:00:00,2015-03-02 14:00:00,2015-03-02,2015,61,19,-1.6,0.8,575.0,2.54,0.06,30,-29,128.1
2015-03-02 20:00:00,2015-03-02 15:00:00,2015-03-02,2015,61,20,-2.5,-0.2,570.0,3.03,0.8,30,-27,128.1
2015-03-02 21:00:00,2015-03-02 16:00:00,2015-03-02,2015,61,21,-0.6,0.1,560.0,2.29,0.11,20,-27,128.1
2015-03-02 22:00:00,2015-03-02 17:00:00,2015-03-02,2015,61,22,-0.5,-0.1,583.0,2.13,0.23,20,-25,128.1
2015-03-02 23:00:00,2015-03-02 18:00:00,2015-03-02,2015,61,23,0.2,-0.6,565.0,2.34,0.23,20,-23,128.1
2015-03-03 00:00:00,2015-03-02 19:00:00,2015-03-02,2015,62,0,-1.6,0.3,552.0,2.2,0.33,30,-24,122.9
2015-03-03 01:00:00,2015-03-02 20:00:00,2015-03-02,2015,62,1,-2.3,-1.7,555.0,2.31,1.44,30,-22,122.9
2015-03-03 02:00:00,2015-03-02 21:00:00,2015-03-02,2015,62,2,-3.1,1.5,563.0,2.37,0.11,30,-28,122.9
2015-03-03 03:00:00,2015-03-02 22:00:00,2015-03-02,2015,62,3,-1.5,1.4,552.0,2.3,-0.33,30,-26,122.9
2015-03-03 04:00:00,2015-03-02 23:00:00,2015-03-02,2015,62,4,-2.8,0.4,547.0,2.19,0.44,30,-25,122.9
2015-03-03 05:00:00,2015-03-03 00:00:00,2015-03-03,2015,62,5,-1.9,-0.3,537.0,1.9,0.54,30,-26,122.9
2015-03-03 06:00:00,2015-03-03 01:00:00,2015-03-03,2015,62,6,-1.6,2.1,538.0,1.82,-0.81,20,-27,122.9
2015-03-03 07:00:00,2015-03-03 02:00:00,2015-03-03,2015,62,7,-1.6,0.9,527.0,1.64,-0.21,20,-26,122.9
2015-03-03 08:00:00,2015-03-03 03:00:00,2015-03-03,2015,62,8,-2.3,0.1,525.0,1.84,0.26,20,-22,122.9
2015-03-03 09:00:00,2015-03-03 04:00:00,2015-03-03,2015,62,9,-2.7,0.2,514.0,1.93,0.21,20,-26,122.9
2015-03-03 10:00:00,2015-03-03 05:00:00,2015-03-03,2015,62,10,-1.8,-0.2,504.0,1.94,0.3,20,-28,122.9
2015-03-03 11:00:00,2015-03-03 06:00:00,2015-03-03,2015,62,11,-2.1,-0.6,495.0,1.93,0.54,20,-27,122.9
2015-03-03 12:00:00,2015-03-03 07:00:00,2015-03-03,2015,62,12,-2.5,-0.2,487.0,1.83,0.39,17,-25,122.9
2015-03-03 13:00:00,2015-03-03 08:00:00,2015-03-03,2015,62,13,-3.5,0.7,479.0,1.62,0.1,17,-27,122.9
2015-03-03 14:00:00,2015-03-03 09:00:00,2015-03-03,2015,62,14,-2.7,-0.8,474.0,1.66,0.71,17,-27,122.9
2015-03-03 15:00:00,2015-03-03 10:00:00,2015-03-03,2015,62,15,-2.8,0.7,465.0,1.69,0.09,13,-27,122.9
2015-03-03 16:00:00,2015-03-03 11:00:00,2015-03-03,2015,62,16,-3.3,0.3,450.0,1.5,0.41,13,-25,122.9
2015-03-03 17:00:00,2015-03-03 12:00:00,2015-03-03,2015,62,17,-3.2,-0.1,456.0,2.1,0.64,13,-25,122.9
2015-03-03 18:00:00,2015-03-03 13:00:00,2015-03-03,2015,62,18,-2.9,0.0,454.0,2.1,0.59,23,-28,122.9
2015-03-03 19:00:00,2015-03-03 14:00:00,2015-03-03,2015,62,19,-2.9,-0.1,457.0,2.31,0.69,23,-21,122.9
2015-03-03 20:00:00,2015-03-03 15:00:00,2015-03-03,2015,62,20,-3.0,-1.1,458.0,2.62,1.15,23,-21,122.9
2015-03-03 21:00:00,2015-03-03 16:00:00,2015-03-03,2015,62,21,-3.0,-2.1,456.0,2.52,1.55,33,-23,122.9
2015-03-03 22:00:00,2015-03-03 17:00:00,2015-03-03,2015,62,22,-1.3,-4.0,452.0,2.62,1.85,33,-27,122.9
2015-03-03 23:00:00,2015-03-03 18:00:00,2015-03-03,2015,62,23,1.1,-3.2,447.0,2.49,0.94,33,-31,122.9
2015-03-04 00:00:00,2015-03-03 19:00:00,2015-03-03,2015,63,0,2.4,-0.1,443.0,2.36,-0.53,20,-27,122.1
2015-03-04 01:00:00,2015-03-03 20:00:00,2015-03-03,2015,63,1,2.3,0.1,451.0,2.59,-0.59,20,-18,122.1
2015-03-04 02:00:00,2015-03-03 21:00:00,2015-03-03,2015,63,2,1.5,0.9,447.0,2.61,-0.67,20,-16,122.1
2015-03-04 03:00:00,2015-03-03 22:00:00,2015-03-03,2015,63,3,0.7,2.1,447.0,2.72,-0.98,13,-17,122.1
2015-03-04 04:00:00,2015-03-03 23:00:00,2015-03-03,2015,63,4,0.2,1.4,447.0,2.89,-0.63,13,-15,122.1
2015-03-04 05:00:00,2015-03-04 00:00:00,2015-03-04,2015,63,5,-2.3,0.1,445.0,2.8,0.31,13,-13,122.1
2015-03-04 06:00:00,2015-03-04 01:00:00,2015-03-04,2015,63,6,-1.5,-0.8,440.0,2.66,0.53,17,-11,122.1
2015-03-04 07:00:00,2015-03-04 02:00:00,2015-03-04,2015,63,7,-0.2,-1.1,441.0,2.74,0.49,17,-8,122.1
2015-03-04 08:00:00,2015-03-04 03:00:00,2015-03-04,2015,63,8,-1.0,1.7,444.0,3.37,-0.62,17,-4,122.1
2015-03-04 09:00:00,2015-03-04 04:00:00,2015-03-04,2015,63,9,-1.5,-4.0,455.0,4.41,1.91,33,-5,122.1
2015-03-04 10:00:00,2015-03-04 05:00:00,2015-03-04,2015,63,10,2.4,0.1,467.0,7.51,-0.28,33,-6,122.1
2015-03-04 11:00:00,2015-03-04 06:00:00,2015-03-04,2015,63,11,6.1,0.5,461.0,5.84,-0.88,33,-7,122.1
2015-03-04 12:00:00,2015-03-04 07:00:00,2015-03-04,2015,63,12,-0.1,1.2,468.0,4.26,-0.51,30,-11,122.1
2015-03-04 13:00:00,2015-03-04 08:00:00,2015-03-04,2015,63,13,-1.7,3.7,502.0,2.95,-1.56,30,-15,122.1
2015-03-04 14:00:00,2015-03-04 09:00:00,2015-03-04,2015,63,14,2.4,3.8,500.0,2.2,-2.15,30,-16,122.1
2015-03-04 15:00:00,2015-03-04 10:00:00,2015-03-04,2015,63,15,3.7,1.4,463.0,1.78,-1.16,3,-19,122.1
2015-03-04 16:00:00,2015-03-04 11:00:00,2015-03-04,2015,63,16,3.5,2.0,461.0,2.02,-1.43,3,-20,122.1
2015-03-04 17:00:00,2015-03-04 12:00:00,2015-03-04,2015,63,17,1.8,1.9,456.0,2.2,-1.14,3,-20,122.1
2015-03-04 18:00:00,2015-03-04 13:00:00,2015-03-04,2015,63,18,1.7,0.4,459.0,2.71,-0.5,17,-17,122.1
2015-03-04 19:00:00,2015-03-04 14:00:00,2015-03-04,2015,63,19,3.6,-0.0,469.0,3.06,-0.8,17,-14,122.1
2015-03-04 20:00:00,2015-03-04 15:00:00,2015-03-04,2015,63,20,2.1,2.0,485.0,2.72,-1.36,17,-15,122.1
2015-03-04 21:00:00,2015-03-04 16:00:00,2015-03-04,2015,63,21,-2.3,1.5,499.0,2.49,-0.05,27,-11,122.1
2015-03-04 22:00:00,2015-03-04 17:00:00,2015-03-04,2015,63,22,-1.5,-0.1,508.0,2.57,0.46,27,-14,122.1
2015-03-04 23:00:00,2015-03-04 18:00:00,2015-03-04,2015,63,23,-1.5,1.7,503.0,2.41,-0.3,27,-18,122.1
2015-03-05 00:00:00,2015-03-04 19:00:00,2015-03-04,2015,64,0,0.3,2.6,502.0,2.5,-1.2,13,-15,137.9
2015-03-05 01:00:00,2015-03-04 20:00:00,2015-03-04,2015,64,1,2.7,2.0,496.0,2.37,-1.54,13,-11,137.9
2015-03-05 02:00:00,2015-03-04 21:00:00,2015-03-04,2015,64,2,2.0,1.3,485.0,2.27,-1.02,13,-9,137.9
2015-03-05 03:00:00,2015-03-04 22:00:00,2015-03-04,2015,64,3,2.7,0.1,486.0,2.25,-0.63,3,-9,137.9
2015-03-05 04:00:00,2015-03-04 23:00:00,2015-03-04,2015,64,4,3.2,-1.3,478.0,2.22,-0.05,3,-7,137.9
2015-03-05 05:00:00,2015-03-05 00:00:00,2015-03-05,2015,64,5,3.3,0.2,462.0,2.13,-0.65,3,-5,137.9
2015-03-05 06:00:00,2015-03-05 01:00:00,2015-03-05,2015,64,6,2.3,1.6,457.0,2.08,-1.05,3,-4,137.9
2015-03-05 07:00:00,2015-03-05 02:00:00,2015-03-05,2015,64,7,-0.9,5.0,456.0,2.29,-2.05,3,-3,137.9
2015-03-05 08:00:00,2015-03-05 03:00:00,2015-03-05,2015,64,8,1.0,2.0,439.0,1.82,-0.97,3,-3,137.9
2015-03-05 09:00:00,2015-03-05 04:00:00,2015-03-05,2015,64,9,0.6,0.1,429.0,1.48,-0.09,13,-6,137.9
2015-03-05 10:00:00,2015-03-05 05:00:00,2015-03-05,2015,64,10,1.6,-3.9,442.0,1.66,1.5,13,-8,137.9
2015-03-05 11:00:00,2015-03-05 06:00:00,2015-03-05,2015,64,11,3.1,-2.0,445.0,1.56,0.53,13,-7,137.9
2015-03-05 12:00:00,2015-03-05 07:00:00,2015-03-05,2015,64,12,3.3,0.1,436.0,1.56,-0.39,20,-12,137.9
2015-03-05 13:00:00,2015-03-05 08:00:00,2015-03-05,2015,64,13,4.0,2.6,433.0,2.22,-1.52,20,-19,137.9
2015-03-05 14:00:00,2015-03-05 09:00:00,2015-03-05,2015,64,14,3.2,1.2,447.0,2.47,-0.94,20,-13,137.9
2015-03-05 15:00:00,2015-03-05 10:00:00,2015-03-05,2015,64,15,2.4,2.1,447.0,2.62,-1.25,23,-14,137.9
2015-03-05 16:00:00,2015-03-05 11:00:00,2015-03-05,2015,64,16,1.8,-0.5,445.0,2.65,-0.09,23,-15,137.9
2015-03-05 17:00:00,2015-03-05 12:00:00,2015-03-05,2015,64,17,1.5,-1.9,423.0,2.02,0.47,23,-12,137.9
2015-03-05 18:00:00,2015-03-05 13:00:00,2015-03-05,2015,64,18,2.5,-2.4,426.0,1.79,0.43,17,-10,137.9
2015-03-05 19:00:00,2015-03-05 14:00:00,2015-03-05,2015,64,19,3.1,-2.2,420.0,2.0,0.21,17,-10,137.9
2015-03-05 20:00:00,2015-03-05 15:00:00,2015-03-05,2015,64,20,3.4,1.0,418.0,2.78,-1.09,17,-8,137.9
2015-03-05 21:00:00,2015-03-05 16:00:00,2015-03-05,2015,64,21,-0.2,4.7,420.0,2.91,-1.64,13,-7,137.9
2015-03-05 22:00:00,2015-03-05 17:00:00,2015-03-05,2015,64,22,0.6,0.1,405.0,3.01,-0.16,13,-3,137.9
2015-03-05 23:00:00,2015-03-05 18:00:00,2015-03-05,2015,64,23,1.4,-0.1,415.0,3.13,-0.29,13,-3,137.9
2015-03-06 00:00:00,2015-03-05 19:00:00,2015-03-05,2015,65,0,4.5,0.1,423.0,2.8,-1.06,13,-3,125.4
2015-03-06 01:00:00,2015-03-05 20:00:00,2015-03-05,2015,65,1,4.5,0.6,414.0,3.0,-1.16,13,0,125.4
2015-03-06 02:00:00,2015-03-05 21:00:00,2015-03-05,2015,65,2,4.2,-1.1,409.0,2.98,-0.45,13,2,125.4
2015-03-06 03:00:00,2015-03-05 22:00:00,2015-03-05,2015,65,3,5.8,0.1,426.0,3.07,-1.15,27,6,125.4
2015-03-06 04:00:00,2015-03-05 23:00:00,2015-03-05,2015,65,4,2.3,-2.3,439.0,2.89,0.53,27,3,125.4
2015-03-06 05:00:00,2015-03-06 00:00:00,2015-03-06,2015,65,5,4.2,-3.3,447.0,3.75,0.67,27,-5,125.4
2015-03-06 06:00:00,2015-03-06 01:00:00,2015-03-06,2015,65,6,-2.0,-5.4,478.0,3.48,2.77,37,-14,125.4
2015-03-06 07:00:00,2015-03-06 02:00:00,2015-03-06,2015,65,7,6.8,0.1,482.0,3.73,-1.01,37,-30,125.4
2015-03-06 08:00:00,2015-03-06 03:00:00,2015-03-06,2015,65,8,7.8,2.0,483.0,3.68,-1.88,37,-30,125.4
2015-03-06 09:00:00,2015-03-06 04:00:00,2015-03-06,2015,65,9,6.7,3.0,479.0,3.64,-2.16,20,-20,125.4
2015-03-06 10:00:00,2015-03-06 05:00:00,2015-03-06,2015,65,10,5.3,4.7,487.0,3.81,-2.82,20,-17,125.4
2015-03-06 11:00:00,2015-03-06 06:00:00,2015-03-06,2015,65,11,6.9,-0.3,471.0,3.03,-0.61,20,-14,125.4
2015-03-06 12:00:00,2015-03-06 07:00:00,2015-03-06,2015,65,12,7.2,-0.6,478.0,2.99,-0.53,17,-16,125.4
2015-03-06 13:00:00,2015-03-06 08:00:00,2015-03-06,2015,65,13,5.5,0.2,474.0,3.02,-0.76,17,-16,125.4
2015-03-06 14:00:00,2015-03-06 09:00:00,2015-03-06,2015,65,14,0.9,5.3,488.0,3.1,-2.59,17,-14,125.4
2015-03-06 15:00:00,2015-03-06 10:00:00,2015-03-06,2015,65,15,4.4,-0.0,475.0,2.85,-0.67,17,-12,125.4
2015-03-06 16:00:00,2015-03-06 11:00:00,2015-03-06,2015,65,16,5.0,-0.2,480.0,3.12,-0.77,17,-11,125.4
2015-03-06 17:00:00,2015-03-06 12:00:00,2015-03-06,2015,65,17,4.1,1.5,492.0,3.7,-1.48,17,-8,125.4
2015-03-06 18:00:00,2015-03-06 13:00:00,2015-03-06,2015,65,18,7.5,3.0,498.0,4.0,-2.99,20,-8,125.4
2015-03-06 19:00:00,2015-03-06 14:00:00,2015-03-06,2015,65,19,6.4,-3.1,475.0,3.08,-0.14,20,-9,125.4
2015-03-06 20:00:00,2015-03-06 15:00:00,2015-03-06,2015,65,20,5.3,-3.7,477.0,2.72,0.24,20,-14,125.4
2015-03-06 21:00:00,2015-03-06 16:00:00,2015-03-06,2015,65,21,7.4,0.8,498.0,3.53,-2.29,30,-17,125.4
2015-03-06 22:00:00,2015-03-06 17:00:00,2015-03-06,2015,65,22,7.4,-0.8,491.0,2.92,-1.62,30,-9,125.4
2015-03-06 23:00:00,2015-03-06 18:00:00,2015-03-06,2015,65,23,6.7,0.2,495.0,2.87,-1.88,30,-6,125.4
2015-03-07 00:00:00,2015-03-06 19:00:00,2015-03-06,2015,66,0,1.1,-1.1,493.0,2.66,0.2,37,-8,135.7
2015-03-07 01:00:00,2015-03-06 20:00:00,2015-03-06,2015,66,1,6.7,1.8,518.0,3.21,-2.59,37,-11,135.7
2015-03-07 02:00:00,2015-03-06 21:00:00,2015-03-06,2015,66,2,3.6,0.0,510.0,3.15,-0.87,37,-12,135.7
2015-03-07 03:00:00,2015-03-06 22:00:00,2015-03-06,2015,66,3,3.4,-4.1,512.0,3.57,1.08,43,-17,135.7
2015-03-07 04:00:00,2015-03-06 23:00:00,2015-03-06,2015,66,4,1.2,-0.8,491.0,3.09,0.1,43,-20,135.7
2015-03-07 05:00:00,2015-03-07 00:00:00,2015-03-07,2015,66,5,5.0,1.5,499.0,3.52,-1.6,43,-27,135.7
2015-03-07 06:00:00,2015-03-07 01:00:00,2015-03-07,2015,66,6,1.2,2.6,503.0,3.58,-1.41,33,-27,135.7
2015-03-07 07:00:00,2015-03-07 02:00:00,2015-03-07,2015,66,7,-2.8,0.9,509.0,3.78,-0.0,33,-25,135.7
2015-03-07 08:00:00,2015-03-07 03:00:00,2015-03-07,2015,66,8,-2.2,-1.5,510.0,3.68,1.02,33,-19,135.7
2015-03-07 09:00:00,2015-03-07 04:00:00,2015-03-07,2015,66,9,3.1,-1.8,519.0,3.32,0.52,33,-20,135.7
2015-03-07 10:00:00,2015-03-07 05:00:00,2015-03-07,2015,66,10,2.0,1.1,551.0,3.31,-0.83,33,-24,135.7
2015-03-07 11:00:00,2015-03-07 06:00:00,2015-03-07,2015,66,11,1.3,-1.7,553.0,3.3,0.77,33,-22,135.7
2015-03-07 12:00:00,2015-03-07 07:00:00,2015-03-07,2015,66,12,2.3,-1.9,559.0,3.33,0.73,30,-19,135.7
2015-03-07 13:00:00,2015-03-07 08:00:00,2015-03-07,2015,66,13,-1.7,-1.0,560.0,3.32,0.78,30,-12,135.7
2015-03-07 14:00:00,2015-03-07 09:00:00,2015-03-07,2015,66,14,0.1,-2.5,573.0,3.55,1.38,30,-11,135.7
2015-03-07 15:00:00,2015-03-07 10:00:00,2015-03-07,2015,66,15,-0.2,0.5,563.0,3.28,-0.23,37,-12,135.7
2015-03-07 16:00:00,2015-03-07 11:00:00,2015-03-07,2015,66,16,-1.6,-2.0,560.0,3.15,1.34,37,-10,135.7
2015-03-07 17:00:00,2015-03-07 12:00:00,2015-03-07,2015,66,17,0.1,0.8,575.0,3.21,-0.46,37,-14,135.7
2015-03-07 18:00:00,2015-03-07 13:00:00,2015-03-07,2015,66,18,-0.2,1.4,571.0,3.18,-0.69,33,-14,135.7
2015-03-07 19:00:00,2015-03-07 14:00:00,2015-03-07,2015,66,19,-0.7,2.1,574.0,3.2,-0.86,33,-16,135.7
2015-03-07 20:00:00,2015-03-07 15:00:00,2015-03-07,2015,66,20,-0.0,-0.6,555.0,2.85,0.28,33,-20,135.7
2015-03-07 21:00:00,2015-03-07 16:00:00,2015-03-07,2015,66,21,-0.1,-3.0,558.0,2.79,1.45,37,-24,135.7
2015-03-07 22:00:00,2015-03-07 17:00:00,2015-03-07,2015,66,22,3.5,0.4,568.0,2.81,-1.25,37,-24,135.7
2015-03-07 23:00:00,2015-03-07 18:00:00,2015-03-07,2015,66,23,0.4,-2.7,556.0,2.51,1.17,37,-20,135.7
2015-03-08 00:00:00,2015-03-07 19:00:00,2015-03-07,2015,67,0,3.8,-0.2,556.0,2.67,-1.0,27,-17,122.3
2015-03-08 01:00:00,2015-03-07 20:00:00,2015-03-07,2015,67,1,1.8,1.4,550.0,2.53,-1.16,27,-13,122.3
2015-03-08 02:00:00,2015-03-07 21:00:00,2015-03-07,2015,67,2,3.1,-0.7,537.0,2.2,-0.48,27,-13,122.3
2015-03-08 03:00:00,2015-03-07 22:00:00,2015-03-07,2015,67,3,3.8,-1.5,544.0,2.16,-0.22,23,-14,122.3
2015-03-08 04:00:00,2015-03-07 23:00:00,2015-03-07,2015,67,4,3.2,-0.2,547.0,2.45,-0.6,23,-15,122.3
2015-03-08 05:00:00,2015-03-08 00:00:00,2015-03-08,2015,67,5,0.4,0.1,558.0,3.0,-0.11,23,-12,122.3
2015-03-08 06:00:00,2015-03-08 01:00:00,2015-03-08,2015,67,6,0.6,2.0,564.0,3.45,-1.18,27,-7,122.3
2015-03-08 07:00:00,2015-03-08 02:00:00,2015-03-08,2015,67,7,3.0,-0.5,560.0,3.39,-0.22,27,-7,122.3
2015-03-08 08:00:00,2015-03-08 03:00:00,2015-03-08,2015,67,8,1.8,-1.0,568.0,3.64,0.28,27,-9,122.3
2015-03-08 09:00:00,2015-03-08 04:00:00,2015-03-08,2015,67,9,1.3,0.2,563.0,3.3,-0.28,30,-8,122.3
2015-03-08 10:00:00,2015-03-08 05:00:00,2015-03-08,2015,67,10,1.9,-2.8,572.0,3.24,1.32,30,-12,122.3
2015-03-08 11:00:00,2015-03-08 06:00:00,2015-03-08,2015,67,11,-0.0,-2.5,566.0,3.2,1.36,30,-18,122.3
2015-03-08 12:00:00,2015-03-08 07:00:00,2015-03-08,2015,67,12,5.5,-1.0,566.0,2.76,-0.23,37,-21,122.3
2015-03-08 13:00:00,2015-03-08 08:00:00,2015-03-08,2015,67,13,1.5,-2.5,564.0,2.7,1.13,37,-18,122.3
2015-03-08 14:00:00,2015-03-08 09:00:00,2015-03-08,2015,67,14,1.6,-2.2,564.0,2.47,0.9,37,-21,122.3
2015-03-08 15:00:00,2015-03-08 10:00:00,2015-03-08,2015,67,15,4.0,-2.8,576.0,2.08,0.75,20,-19,122.3
2015-03-08 16:00:00,2015-03-08 11:00:00,2015-03-08,2015,67,16,3.7,-2.5,549.0,2.04,0.55,20,-17,122.3
2015-03-08 17:00:00,2015-03-08 12:00:00,2015-03-08,2015,67,17,1.6,-2.1,550.0,2.18,0.71,20,-20,122.3
2015-03-08 18:00:00,2015-03-08 13:00:00,2015-03-08,2015,67,18,3.4,2.6,551.0,2.06,-2.09,17,-21,122.3
2015-03-08 19:00:00,2015-03-08 14:00:00,2015-03-08,2015,67,19,4.3,2.4,546.0,1.91,-2.29,17,-18,122.3
2015-03-08 20:00:00,2015-03-08 15:00:00,2015-03-08,2015,67,20,4.2,2.0,547.0,1.84,-2.13,17,-15,122.3
2015-03-08 21:00:00,2015-03-08 16:00:00,2015-03-08,2015,67,21,1.5,2.4,550.0,1.96,-1.54,3,-14,122.3
2015-03-08 22:00:00,2015-03-08 17:00:00,2015-03-08,2015,67,22,1.2,-0.1,553.0,1.95,-0.33,3,-13,122.3
2015-03-08 23:00:00,2015-03-08 18:00:00,2015-03-08,2015,67,23,2.9,-2.0,559.0,1.93,0.06,3,-15,122.3
2015-03-09 00:00:00,2015-03-08 19:00:00,2015-03-08,2015,68,0,1.7,-3.2,557.0,1.66,1.0,33,-18,121.2
2015-03-09 01:00:00,2015-03-08 20:00:00,2015-03-08,2015,68,1,1.3,-1.7,547.0,1.37,0.44,33,-23,121.2
2015-03-09 02:00:00,2015-03-08 21:00:00,2015-03-08,2015,68,2,1.3,-0.8,528.0,1.02,0.05,33,-21,121.2
2015-03-09 03:00:00,2015-03-08 22:00:00,2015-03-08,2015,68,3,1.6,-1.0,502.0,0.83,0.1,23,-22,121.2
2015-03-09 04:00:00,2015-03-08 23:00:00,2015-03-08,2015,68,4,2.7,-0.2,489.0,0.83,-0.44,23,-19,121.2
2015-03-09 05:00:00,2015-03-09 00:00:00,2015-03-09,2015,68,5,3.1,0.1,479.0,0.94,-0.57,23,-16,121.2
2015-03-09 06:00:00,2015-03-09 01:00:00,2015-03-09,2015,68,6,1.5,1.5,482.0,1.18,-0.92,3,-17,121.2
2015-03-09 07:00:00,2015-03-09 02:00:00,2015-03-09,2015,68,7,1.5,1.4,475.0,1.32,-0.85,3,-18,121.2
2015-03-09 08:00:00,2015-03-09 03:00:00,2015-03-09,2015,68,8,1.2,1.9,473.0,1.17,-0.99,3,-17,121.2
2015-03-09 09:00:00,2015-03-09 04:00:00,2015-03-09,2015,68,9,1.5,2.3,458.0,1.2,-1.19,0,-16,121.2
2015-03-09 10:00:00,2015-03-09 05:00:00,2015-03-09,2015,68,10,2.6,1.0,455.0,1.22,-0.73,0,-14,121.2
2015-03-09 11:00:00,2015-03-09 06:00:00,2015-03-09,2015,68,11,1.4,2.3,435.0,1.21,-1.13,0,-11,121.2
2015-03-09 12:00:00,2015-03-09 07:00:00,2015-03-09,2015,68,12,2.8,0.8,431.0,1.25,-0.65,7,-9,121.2
2015-03-09 13:00:00,2015-03-09 08:00:00,2015-03-09,2015,68,13,2.2,0.1,424.0,1.19,-0.3,7,-9,121.2
2015-03-09 14:00:00,2015-03-09 09:00:00,2015-03-09,2015,68,14,1.1,-1.7,411.0,1.08,0.53,7,-10,121.2
2015-03-09 15:00:00,2015-03-09 10:00:00,2015-03-09,2015,68,15,0.5,-0.4,404.0,1.11,0.08,10,-9,121.2
2015-03-09 16:00:00,2015-03-09 11:00:00,2015-03-09,2015,68,16,0.8,-1.2,402.0,1.15,0.32,10,-10,121.2
2015-03-09 17:00:00,2015-03-09 12:00:00,2015-03-09,2015,68,17,0.9,-0.7,397.0,1.14,0.12,10,-10,121.2
2015-03-09 18:00:00,2015-03-09 13:00:00,2015-03-09,2015,68,18,1.0,0.6,423.0,2.11,-0.42,3,-5,121.2
2015-03-09 19:00:00,2015-03-09 14:00:00,2015-03-09,2015,68,19,4.7,0.9,447.0,2.56,-1.39,3,-4,121.2
2015-03-09 20:00:00,2015-03-09 15:00:00,2015-03-09,2015,68,20,4.0,0.7,444.0,2.43,-1.15,3,-4,121.2
2015-03-09 21:00:00,2015-03-09 16:00:00,2015-03-09,2015,68,21,3.5,-1.0,429.0,2.15,-0.43,10,-4,121.2
2015-03-09 22:00:00,2015-03-09 17:00:00,2015-03-09,2015,68,22,4.0,1.5,413.0,1.75,-1.4,10,-4,121.2
2015-03-09 23:00:00,2015-03-09 18:00:00,2015-03-09,2015,68,23,3.8,0.2,409.0,1.81,-0.9,10,-3,121.2
2015-03-10 00:00:00,2015-03-09 19:00:00,2015-03-09,2015,69,0,3.8,0.2,406.0,1.85,-0.89,13,-1,119.2
2015-03-10 01:00:00,2015-03-09 20:00:00,2015-03-09,2015,69,1,2.6,0.2,400.0,1.8,-0.6,13,-4,119.2
2015-03-10 02:00:00,2015-03-09 21:00:00,2015-03-09,2015,69,2,3.5,-1.6,407.0,1.99,-0.12,13,-4,119.2
2015-03-10 03:00:00,2015-03-09 22:00:00,2015-03-09,2015,69,3,3.0,-1.8,401.0,1.9,0.08,13,-6,119.2
2015-03-10 04:00:00,2015-03-09 23:00:00,2015-03-09,2015,69,4,3.8,0.1,393.0,1.81,-0.67,13,-6,119.2
2015-03-10 05:00:00,2015-03-10 00:00:00,2015-03-10,2015,69,5,4.0,-1.4,393.0,1.83,-0.08,13,-4,119.2
2015-03-10 06:00:00,2015-03-10 01:00:00,2015-03-10,2015,69,6,3.8,-0.5,387.0,1.7,-0.31,17,-2,119.2
2015-03-10 07:00:00,2015-03-10 02:00:00,2015-03-10,2015,69,7,1.6,-0.2,380.0,1.49,-0.11,17,-1,119.2
2015-03-10 08:00:00,2015-03-10 03:00:00,2015-03-10,2015,69,8,3.3,-3.6,387.0,1.56,1.01,17,1,119.2
2015-03-10 09:00:00,2015-03-10 04:00:00,2015-03-10,2015,69,9,4.1,-2.7,383.0,1.58,0.61,13,-3,119.2
2015-03-10 10:00:00,2015-03-10 05:00:00,2015-03-10,2015,69,10,4.7,-1.6,380.0,1.53,0.19,13,-7,119.2
2015-03-10 11:00:00,2015-03-10 06:00:00,2015-03-10,2015,69,11,4.6,-1.8,374.0,1.44,0.26,13,-3,119.2
2015-03-10 12:00:00,2015-03-10 07:00:00,2015-03-10,2015,69,12,4.7,-1.5,367.0,1.3,0.11,7,-5,119.2
2015-03-10 13:00:00,2015-03-10 08:00:00,2015-03-10,2015,69,13,4.9,2.7,376.0,1.19,-1.47,7,-6,119.2
2015-03-10 14:00:00,2015-03-10 09:00:00,2015-03-10,2015,69,14,4.3,2.7,379.0,1.25,-1.44,7,-6,119.2
2015-03-10 15:00:00,2015-03-10 10:00:00,2015-03-10,2015,69,15,4.5,1.6,372.0,1.16,-1.12,3,-7,119.2
2015-03-10 16:00:00,2015-03-10 11:00:00,2015-03-10,2015,69,16,2.8,-0.1,355.0,1.02,-0.32,3,-7,119.2
2015-03-10 17:00:00,2015-03-10 12:00:00,2015-03-10,2015,69,17,1.6,2.2,366.0,1.12,-0.99,3,-6,119.2
2015-03-10 18:00:00,2015-03-10 13:00:00,2015-03-10,2015,69,18,1.7,1.5,353.0,1.02,-0.74,10,-6,119.2
2015-03-10 19:00:00,2015-03-10 14:00:00,2015-03-10,2015,69,19,3.9,1.2,374.0,1.23,-1.08,10,-8,119.2
2015-03-10 20:00:00,2015-03-10 15:00:00,2015-03-10,2015,69,20,5.4,2.5,377.0,1.33,-1.85,10,-6,119.2
2015-03-10 21:00:00,2015-03-10 16:00:00,2015-03-10,2015,69,21,3.8,4.3,383.0,1.43,-2.18,3,-4,119.2
2015-03-10 22:00:00,2015-03-10 17:00:00,2015-03-10,2015,69,22,2.1,0.7,355.0,1.15,-0.6,3,-4,119.2
2015-03-10 23:00:00,2015-03-10 18:00:00,2015-03-10,2015,69,23,2.8,2.1,363.0,1.25,-1.2,3,-5,119.2
2015-03-11 00:00:00,2015-03-10 19:00:00,2015-03-10,2015,70,0,3.6,1.7,361.0,1.19,-1.23,3,-6,129.9
2015-03-11 01:00:00,2015-03-10 20:00:00,2015-03-10,2015,70,1,2.1,-0.8,370.0,1.42,-0.15,3,-6,129.9
2015-03-11 02:00:00,2015-03-10 21:00:00,2015-03-10,2015,70,2,2.3,-2.1,378.0,1.55,0.26,3,-6,129.9
2015-03-11 03:00:00,2015-03-10 22:00:00,2015-03-10,2015,70,3,0.7,1.6,369.0,1.52,-0.63,30,-6,129.9
2015-03-11 04:00:00,2015-03-10 23:00:00,2015-03-10,2015,70,4,-0.7,-0.4,377.0,1.64,0.26,30,-5,129.9
2015-03-11 05:00:00,2015-03-11 00:00:00,2015-03-11,2015,70,5,3.1,-2.0,401.0,2.42,0.28,30,5,129.9
2015-03-11 06:00:00,2015-03-11 01:00:00,2015-03-11,2015,70,6,5.9,2.2,428.0,3.87,-1.71,27,6,129.9
2015-03-11 07:00:00,2015-03-11 02:00:00,2015-03-11,2015,70,7,5.8,-0.6,419.0,3.37,-0.46,27,8,129.9
2015-03-11 08:00:00,2015-03-11 03:00:00,2015-03-11,2015,70,8,5.7,0.3,418.0,3.32,-0.75,27,0,129.9
2015-03-11 09:00:00,2015-03-11 04:00:00,2015-03-11,2015,70,9,4.2,-1.3,404.0,3.73,0.08,17,2,129.9
2015-03-11 10:00:00,2015-03-11 05:00:00,2015-03-11,2015,70,10,2.6,0.6,387.0,3.55,-0.46,17,1,129.9
2015-03-11 11:00:00,2015-03-11 06:00:00,2015-03-11,2015,70,11,2.4,-2.8,395.0,3.87,0.87,17,2,129.9
2015-03-11 12:00:00,2015-03-11 07:00:00,2015-03-11,2015,70,12,1.0,-2.4,390.0,3.53,0.82,23,-6,129.9
2015-03-11 13:00:00,2015-03-11 08:00:00,2015-03-11,2015,70,13,0.1,-3.5,379.0,3.04,1.25,23,-11,129.9
2015-03-11 14:00:00,2015-03-11 09:00:00,2015-03-11,2015,70,14,1.5,-4.8,384.0,3.15,1.57,23,-14,129.9
2015-03-11 15:00:00,2015-03-11 10:00:00,2015-03-11,2015,70,15,2.9,-0.9,378.0,3.06,-0.04,27,-14,129.9
2015-03-11 16:00:00,2015-03-11 11:00:00,2015-03-11,2015,70,16,2.4,-2.6,375.0,2.93,0.56,27,-12,129.9
2015-03-11 17:00:00,2015-03-11 12:00:00,2015-03-11,2015,70,17,2.4,-4.7,375.0,2.72,1.24,27,-12,129.9
2015-03-11 18:00:00,2015-03-11 13:00:00,2015-03-11,2015,70,18,4.4,-2.5,371.0,2.68,0.07,23,-15,129.9
2015-03-11 19:00:00,2015-03-11 14:00:00,2015-03-11,2015,70,19,4.9,-0.8,373.0,2.58,-0.63,23,-20,129.9
2015-03-11 20:00:00,2015-03-11 15:00:00,2015-03-11,2015,70,20,4.9,-2.1,372.0,2.4,-0.26,23,-19,129.9
2015-03-11 21:00:00,2015-03-11 16:00:00,2015-03-11,2015,70,21,5.8,2.0,383.0,2.43,-1.84,10,-16,129.9
2015-03-11 22:00:00,2015-03-11 17:00:00,2015-03-11,2015,70,22,6.2,3.1,381.0,2.1,-2.29,10,-15,129.9
2015-03-11 23:00:00,2015-03-11 18:00:00,2015-03-11,2015,70,23,5.4,0.1,377.0,2.09,-1.13,10,-14,129.9
2015-03-12 00:00:00,2015-03-11 19:00:00,2015-03-11,2015,71,0,5.2,-0.0,379.0,2.19,-1.06,17,-15,125.1
2015-03-12 01:00:00,2015-03-11 20:00:00,2015-03-11,2015,71,1,4.5,2.5,378.0,2.21,-1.7,17,-12,125.1
2015-03-12 02:00:00,2015-03-11 21:00:00,2015-03-11,2015,71,2,1.9,-3.8,378.0,2.27,0.91,17,-8,125.1
2015-03-12 03:00:00,2015-03-11 22:00:00,2015-03-11,2015,71,3,1.6,-2.8,387.0,2.4,0.7,33,-10,125.1
2015-03-12 04:00:00,2015-03-11 23:00:00,2015-03-11,2015,71,4,2.4,1.4,392.0,2.62,-0.9,33,-11,125.1
2015-03-12 05:00:00,2015-03-12 00:00:00,2015-03-12,2015,71,5,0.5,-3.5,393.0,2.45,1.22,33,-7,125.1
2015-03-12 06:00:00,2015-03-12 01:00:00,2015-03-12,2015,71,6,0.3,-3.2,395.0,2.53,1.15,23,-12,125.1
2015-03-12 07:00:00,2015-03-12 02:00:00,2015-03-12,2015,71,7,1.5,-1.4,399.0,2.58,0.36,23,-22,125.1
2015-03-12 08:00:00,2015-03-12 03:00:00,2015-03-12,2015,71,8,-0.3,-4.8,409.0,2.77,1.92,23,-24,125.1
2015-03-12 09:00:00,2015-03-12 04:00:00,2015-03-12,2015,71,9,-2.5,-0.8,409.0,2.86,0.57,23,-23,125.1
2015-03-12 10:00:00,2015-03-12 05:00:00,2015-03-12,2015,71,10,-1.0,4.5,410.0,2.77,-1.68,23,-19,125.1
2015-03-12 11:00:00,2015-03-12 06:00:00,2015-03-12,2015,71,11,-0.9,-1.5,409.0,2.7,0.7,23,-19,125.1
2015-03-12 12:00:00,2015-03-12 07:00:00,2015-03-12,2015,71,12,0.7,-1.9,405.0,2.68,0.69,23,-15,125.1
2015-03-12 13:00:00,2015-03-12 08:00:00,2015-03-12,2015,71,13,-0.5,-1.9,408.0,2.59,0.82,23,-17,125.1
2015-03-12 14:00:00,2015-03-12 09:00:00,2015-03-12,2015,71,14,0.4,0.9,406.0,2.57,-0.41,23,-18,125.1
2015-03-12 15:00:00,2015-03-12 10:00:00,2015-03-12,2015,71,15,1.2,-2.4,403.0,2.53,0.77,20,-13,125.1
2015-03-12 16:00:00,2015-03-12 11:00:00,2015-03-12,2015,71,16,3.0,1.7,406.0,2.49,-1.1,20,-9,125.1
2015-03-12 17:00:00,2015-03-12 12:00:00,2015-03-12,2015,71,17,2.2,1.9,402.0,2.36,-1.05,20,-9,125.1
2015-03-12 18:00:00,2015-03-12 13:00:00,2015-03-12,2015,71,18,2.4,4.3,409.0,2.32,-2.0,7,-9,125.1
2015-03-12 19:00:00,2015-03-12 14:00:00,2015-03-12,2015,71,19,3.1,3.3,405.0,2.22,-1.78,7,-8,125.1
2015-03-12 20:00:00,2015-03-12 15:00:00,2015-03-12,2015,71,20,3.4,2.7,403.0,2.09,-1.65,7,-8,125.1
2015-03-12 21:00:00,2015-03-12 16:00:00,2015-03-12,2015,71,21,2.9,2.1,403.0,1.97,-1.33,0,-11,125.1
2015-03-12 22:00:00,2015-03-12 17:00:00,2015-03-12,2015,71,22,4.4,3.8,419.0,2.07,-2.35,0,-13,125.1
2015-03-12 23:00:00,2015-03-12 18:00:00,2015-03-12,2015,71,23,3.6,4.4,414.0,2.0,-2.32,0,-15,125.1
2015-03-13 00:00:00,2015-03-12 19:00:00,2015-03-12,2015,72,0,4.0,0.6,400.0,1.95,-1.04,10,-13,117.9
2015-03-13 01:00:00,2015-03-12 20:00:00,2015-03-12,2015,72,1,1.9,1.9,400.0,1.77,-1.04,10,-12,117.9
2015-03-13 02:00:00,2015-03-12 21:00:00,2015-03-12,2015,72,2,5.1,2.9,415.0,2.04,-2.08,10,-9,117.9
2015-03-13 03:00:00,2015-03-12 22:00:00,2015-03-12,2015,72,3,4.8,3.5,408.0,2.04,-2.16,3,-3,117.9
2015-03-13 04:00:00,2015-03-12 23:00:00,2015-03-12,2015,72,4,3.9,3.3,404.0,1.98,-1.86,3,-2,117.9
2015-03-13 05:00:00,2015-03-13 00:00:00,2015-03-13,2015,72,5,3.8,2.6,399.0,2.01,-1.52,3,1,117.9
2015-03-13 06:00:00,2015-03-13 01:00:00,2015-03-13,2015,72,6,5.2,1.2,401.0,2.01,-1.16,3,1,117.9
2015-03-13 07:00:00,2015-03-13 02:00:00,2015-03-13,2015,72,7,3.5,-0.6,393.0,1.92,-0.2,3,0,117.9
2015-03-13 08:00:00,2015-03-13 03:00:00,2015-03-13,2015,72,8,3.4,0.8,399.0,2.02,-0.68,3,-1,117.9
2015-03-13 09:00:00,2015-03-13 04:00:00,2015-03-13,2015,72,9,4.0,2.3,408.0,2.13,-1.31,17,-2,117.9
2015-03-13 10:00:00,2015-03-13 05:00:00,2015-03-13,2015,72,10,4.4,-0.7,406.0,2.13,-0.16,17,-2,117.9
2015-03-13 11:00:00,2015-03-13 06:00:00,2015-03-13,2015,72,11,4.0,0.2,418.0,2.63,-0.46,17,0,117.9
2015-03-13 12:00:00,2015-03-13 07:00:00,2015-03-13,2015,72,12,0.5,-6.1,435.0,3.35,2.52,33,-3,117.9
2015-03-13 13:00:00,2015-03-13 08:00:00,2015-03-13,2015,72,13,4.4,-3.4,420.0,3.11,0.88,33,-16,117.9
2015-03-13 14:00:00,2015-03-13 09:00:00,2015-03-13,2015,72,14,2.9,4.1,404.0,2.52,-1.94,33,-20,117.9
2015-03-13 15:00:00,2015-03-13 10:00:00,2015-03-13,2015,72,15,2.3,4.0,409.0,2.81,-1.84,20,-11,117.9
2015-03-13 16:00:00,2015-03-13 11:00:00,2015-03-13,2015,72,16,3.2,1.7,413.0,3.24,-1.16,20,-7,117.9
2015-03-13 17:00:00,2015-03-13 12:00:00,2015-03-13,2015,72,17,3.6,2.9,408.0,2.71,-1.67,20,-10,117.9
2015-03-13 18:00:00,2015-03-13 13:00:00,2015-03-13,2015,72,18,4.0,1.2,393.0,2.07,-1.14,10,-15,117.9
2015-03-13 19:00:00,2015-03-13 14:00:00,2015-03-13,2015,72,19,1.5,-2.7,372.0,1.69,0.6,10,-15,117.9
2015-03-13 20:00:00,2015-03-13 15:00:00,2015-03-13,2015,72,20,3.9,2.8,389.0,2.9,-1.71,10,-11,117.9
2015-03-13 21:00:00,2015-03-13 16:00:00,2015-03-13,2015,72,21,4.7,0.8,390.0,3.02,-1.25,10,-10,117.9
2015-03-13 22:00:00,2015-03-13 17:00:00,2015-03-13,2015,72,22,6.1,0.6,385.0,2.99,-1.46,10,-7,117.9
2015-03-13 23:00:00,2015-03-13 18:00:00,2015-03-13,2015,72,23,5.0,0.5,364.0,2.59,-1.13,10,-10,117.9
2015-03-14 00:00:00,2015-03-13 19:00:00,2015-03-13,2015,73,0,5.6,3.4,365.0,2.34,-2.15,3,-12,114.3
2015-03-14 01:00:00,2015-03-13 20:00:00,2015-03-13,2015,73,1,6.3,1.4,362.0,2.52,-1.59,3,-11,114.3
2015-03-14 02:00:00,2015-03-13 21:00:00,2015-03-13,2015,73,2,2.9,-2.9,345.0,2.02,0.38,3,-12,114.3
2015-03-14 03:00:00,2015-03-13 22:00:00,2015-03-13,2015,73,3,2.5,-3.6,346.0,2.08,0.73,23,-13,114.3
2015-03-14 04:00:00,2015-03-13 23:00:00,2015-03-13,2015,73,4,2.1,-1.1,340.0,1.9,0.03,23,-14,114.3
2015-03-14 05:00:00,2015-03-14 00:00:00,2015-03-14,2015,73,5,2.3,0.6,336.0,1.86,-0.47,23,-15,114.3
2015-03-14 06:00:00,2015-03-14 01:00:00,2015-03-14,2015,73,6,1.9,-4.0,337.0,1.87,1.04,17,-12,114.3
2015-03-14 07:00:00,2015-03-14 02:00:00,2015-03-14,2015,73,7,3.4,2.4,347.0,2.34,-1.15,17,-9,114.3
2015-03-14 08:00:00,2015-03-14 03:00:00,2015-03-14,2015,73,8,3.7,0.8,344.0,2.38,-0.62,17,-8,114.3
2015-03-14 09:00:00,2015-03-14 04:00:00,2015-03-14,2015,73,9,3.7,4.3,349.0,2.51,-1.78,13,-7,114.3
2015-03-14 10:00:00,2015-03-14 05:00:00,2015-03-14,2015,73,10,5.6,-1.4,346.0,2.54,-0.0,13,-5,114.3
2015-03-14 11:00:00,2015-03-14 06:00:00,2015-03-14,2015,73,11,4.5,0.1,340.0,2.5,-0.41,13,-4,114.3
2015-03-14 12:00:00,2015-03-14 07:00:00,2015-03-14,2015,73,12,2.4,-3.1,338.0,2.53,0.81,17,-4,114.3
2015-03-14 13:00:00,2015-03-14 08:00:00,2015-03-14,2015,73,13,4.5,0.4,339.0,2.99,-0.54,17,-4,114.3
2015-03-14 14:00:00,2015-03-14 09:00:00,2015-03-14,2015,73,14,4.5,2.3,342.0,3.52,-1.2,17,1,114.3
2015-03-14 15:00:00,2015-03-14 10:00:00,2015-03-14,2015,73,15,4.6,-0.3,331.0,2.99,-0.43,7,3,114.3
2015-03-14 16:00:00,2015-03-14 11:00:00,2015-03-14,2015,73,16,4.7,-1.1,331.0,2.88,-0.23,7,4,114.3
2015-03-14 17:00:00,2015-03-14 12:00:00,2015-03-14,2015,73,17,4.1,-0.6,328.0,3.02,-0.39,7,2,114.3
2015-03-14 18:00:00,2015-03-14 13:00:00,2015-03-14,2015,73,18,4.1,-0.9,329.0,3.05,-0.36,3,3,114.3
2015-03-14 19:00:00,2015-03-14 14:00:00,2015-03-14,2015,73,19,3.4,-1.7,322.0,2.49,-0.06,3,2,114.3
2015-03-14 20:00:00,2015-03-14 15:00:00,2015-03-14,2015,73,20,3.4,-0.8,319.0,2.37,-0.35,3,-1,114.3
2015-03-14 21:00:00,2015-03-14 16:00:00,2015-03-14,2015,73,21,3.4,-2.1,323.0,2.73,-0.0,23,-3,114.3
2015-03-14 22:00:00,2015-03-14 17:00:00,2015-03-14,2015,73,22,-2.0,-1.9,331.0,3.38,0.89,23,-5,114.3
2015-03-14 23:00:00,2015-03-14 18:00:00,2015-03-14,2015,73,23,-4.4,0.8,324.0,2.53,0.55,23,-11,114.3
2015-03-15 00:00:00,2015-03-14 19:00:00,2015-03-14,2015,74,0,-3.9,-0.7,324.0,2.73,0.87,20,-11,113.1
2015-03-15 01:00:00,2015-03-14 20:00:00,2015-03-14,2015,74,1,-2.3,-2.0,327.0,3.22,0.95,20,-11,113.1
2015-03-15 02:00:00,2015-03-14 21:00:00,2015-03-14,2015,74,2,-2.0,2.1,327.0,3.17,-0.29,20,-11,113.1
2015-03-15 03:00:00,2015-03-14 22:00:00,2015-03-14,2015,74,3,-0.4,3.5,329.0,3.47,-0.95,20,-12,113.1
2015-03-15 04:00:00,2015-03-14 23:00:00,2015-03-14,2015,74,4,0.9,-2.2,326.0,3.86,0.52,20,-11,113.1
2015-03-15 05:00:00,2015-03-15 00:00:00,2015-03-15,2015,74,5,-0.7,-3.5,324.0,3.81,1.13,20,-11,113.1
2015-03-15 06:00:00,2015-03-15 01:00:00,2015-03-15,2015,74,6,-0.5,-3.9,326.0,3.93,1.24,27,-9,113.1
2015-03-15 07:00:00,2015-03-15 02:00:00,2015-03-15,2015,74,7,-1.1,-1.7,326.0,4.44,0.65,27,-9,113.1
2015-03-15 08:00:00,2015-03-15 03:00:00,2015-03-15,2015,74,8,-0.0,-3.7,323.0,4.66,1.16,27,-7,113.1
2015-03-15 09:00:00,2015-03-15 04:00:00,2015-03-15,2015,74,9,-1.1,-3.1,321.0,4.31,1.06,13,-6,113.1
2015-03-15 10:00:00,2015-03-15 05:00:00,2015-03-15,2015,74,10,-0.6,-3.9,318.0,3.8,1.24,13,-7,113.1
2015-03-15 11:00:00,2015-03-15 06:00:00,2015-03-15,2015,74,11,0.2,-4.2,316.0,3.85,1.26,13,-5,113.1
2015-03-15 12:00:00,2015-03-15 07:00:00,2015-03-15,2015,74,12,1.9,-4.1,312.0,3.96,1.09,13,-5,113.1
2015-03-15 13:00:00,2015-03-15 08:00:00,2015-03-15,2015,74,13,5.8,-1.9,312.0,3.44,0.09,13,-3,113.1
2015-03-15 14:00:00,2015-03-15 09:00:00,2015-03-15,2015,74,14,3.4,-0.5,309.0,3.14,-0.15,13,1,113.1
2015-03-15 15:00:00,2015-03-15 10:00:00,2015-03-15,2015,74,15,2.8,-1.7,313.0,3.55,0.22,13,4,113.1
2015-03-15 16:00:00,2015-03-15 11:00:00,2015-03-15,2015,74,16,5.5,-3.4,320.0,3.44,0.35,13,-1,113.1
2015-03-15 17:00:00,2015-03-15 12:00:00,2015-03-15,2015,74,17,5.9,-0.9,321.0,4.25,-0.51,13,0,113.1
2015-03-15 18:00:00,2015-03-15 13:00:00,2015-03-15,2015,74,18,9.7,0.9,323.0,3.7,-1.68,20,2,113.1
2015-03-15 19:00:00,2015-03-15 14:00:00,2015-03-15,2015,74,19,1.9,8.6,314.0,3.81,-2.64,20,1,113.1
2015-03-15 20:00:00,2015-03-15 15:00:00,2015-03-15,2015,74,20,3.1,-1.7,312.0,3.88,-0.03,20,-2,113.1
2015-03-15 21:00:00,2015-03-15 16:00:00,2015-03-15,2015,74,21,0.6,4.6,298.0,2.43,-1.25,10,-7,113.1
2015-03-15 22:00:00,2015-03-15 17:00:00,2015-03-15,2015,74,22,1.0,4.0,305.0,3.38,-1.19,10,-7,113.1
2015-03-15 23:00:00,2015-03-15 18:00:00,2015-03-15,2015,74,23,0.4,5.1,306.0,3.27,-1.38,10,-2,113.1
2015-03-16 00:00:00,2015-03-15 19:00:00,2015-03-15,2015,75,0,-1.0,5.8,314.0,4.32,-1.38,17,4,116.0
2015-03-16 01:00:00,2015-03-15 20:00:00,2015-03-15,2015,75,1,-1.7,0.8,326.0,6.54,0.07,17,10,116.0
2015-03-16 02:00:00,2015-03-15 21:00:00,2015-03-15,2015,75,2,3.4,0.5,327.0,8.29,-0.69,17,15,116.0
2015-03-16 03:00:00,2015-03-15 22:00:00,2015-03-15,2015,75,3,0.9,-5.1,340.0,7.68,1.39,33,10,116.0
2015-03-16 04:00:00,2015-03-15 23:00:00,2015-03-15,2015,75,4,-2.1,6.3,347.0,6.99,-1.7,33,7,116.0
2015-03-16 05:00:00,2015-03-16 00:00:00,2015-03-16,2015,75,5,-1.9,-2.5,346.0,8.48,1.04,33,15,116.0
2015-03-16 06:00:00,2015-03-16 01:00:00,2015-03-16,2015,75,6,-8.1,-4.1,361.0,6.26,2.38,37,1,116.0
2015-03-16 07:00:00,2015-03-16 02:00:00,2015-03-16,2015,75,7,-0.3,10.4,362.0,3.9,-3.55,37,-10,116.0
2015-03-16 08:00:00,2015-03-16 03:00:00,2015-03-16,2015,75,8,-4.0,5.3,364.0,4.13,-1.46,37,-2,116.0
2015-03-16 09:00:00,2015-03-16 04:00:00,2015-03-16,2015,75,9,4.1,6.3,378.0,6.22,-2.68,30,5,116.0
2015-03-16 10:00:00,2015-03-16 05:00:00,2015-03-16,2015,75,10,-9.4,6.6,380.0,6.33,-1.6,30,11,116.0
2015-03-16 11:00:00,2015-03-16 06:00:00,2015-03-16,2015,75,11,-2.2,13.0,376.0,6.86,-4.55,30,19,116.0
2015-03-16 12:00:00,2015-03-16 07:00:00,2015-03-16,2015,75,12,7.2,7.2,368.0,6.92,-3.24,27,17,116.0
2015-03-16 13:00:00,2015-03-16 08:00:00,2015-03-16,2015,75,13,-5.0,7.7,376.0,5.52,-2.29,27,11,116.0
2015-03-16 14:00:00,2015-03-16 09:00:00,2015-03-16,2015,75,14,-3.1,10.6,400.0,4.73,-3.68,27,7,116.0
2015-03-16 15:00:00,2015-03-16 10:00:00,2015-03-16,2015,75,15,6.7,7.9,405.0,6.44,-3.93,27,12,116.0
2015-03-16 16:00:00,2015-03-16 11:00:00,2015-03-16,2015,75,16,7.2,5.9,401.0,5.97,-3.29,27,17,116.0
2015-03-16 17:00:00,2015-03-16 12:00:00,2015-03-16,2015,75,17,2.4,8.4,406.0,7.16,-3.49,27,17,116.0
2015-03-16 18:00:00,2015-03-16 13:00:00,2015-03-16,2015,75,18,3.4,7.5,418.0,8.35,-3.43,13,15,116.0
2015-03-16 19:00:00,2015-03-16 14:00:00,2015-03-16,2015,75,19,2.2,6.4,424.0,7.79,-2.84,13,16,116.0
2015-03-16 20:00:00,2015-03-16 15:00:00,2015-03-16,2015,75,20,1.5,5.5,425.0,7.8,-2.34,13,11,116.0
2015-03-16 21:00:00,2015-03-16 16:00:00,2015-03-16,2015,75,21,0.2,5.8,431.0,6.48,-2.15,3,9,116.0
2015-03-16 22:00:00,2015-03-16 17:00:00,2015-03-16,2015,75,22,2.6,6.7,421.0,5.37,-2.95,3,6,116.0
2015-03-16 23:00:00,2015-03-16 18:00:00,2015-03-16,2015,75,23,3.7,4.8,425.0,5.55,-2.55,3,3,116.0
2015-03-17 00:00:00,2015-03-16 19:00:00,2015-03-16,2015,76,0,4.6,4.9,420.0,5.53,-2.77,20,4,113.2
2015-03-17 01:00:00,2015-03-16 20:00:00,2015-03-16,2015,76,1,3.8,5.2,416.0,4.66,-2.66,20,3,113.2
2015-03-17 02:00:00,2015-03-16 21:00:00,2015-03-16,2015,76,2,0.3,3.4,415.0,4.17,-1.29,20,3,113.2
2015-03-17 03:00:00,2015-03-16 22:00:00,2015-03-16,2015,76,3,-0.4,5.0,412.0,5.43,-1.77,47,2,113.2
2015-03-17 04:00:00,2015-03-16 23:00:00,2015-03-16,2015,76,4,3.6,8.2,413.0,5.13,-3.72,47,13,113.2
2015-03-17 05:00:00,2015-03-17 00:00:00,2015-03-17,2015,76,5,6.7,19.0,492.0,15.42,-9.89,47,45,113.2
2015-03-17 06:00:00,2015-03-17 01:00:00,2015-03-17,2015,76,6,-14.1,-1.2,514.0,16.69,3.03,57,25,113.2
2015-03-17 07:00:00,2015-03-17 02:00:00,2015-03-17,2015,76,7,-8.9,-2.8,514.0,14.26,2.72,57,-18,113.2
2015-03-17 08:00:00,2015-03-17 03:00:00,2015-03-17,2015,76,8,-10.3,-14.0,561.0,12.31,9.14,57,-54,113.2
2015-03-17 09:00:00,2015-03-17 04:00:00,2015-03-17,2015,76,9,-15.5,-0.6,555.0,15.21,2.44,53,-83,113.2
2015-03-17 10:00:00,2015-03-17 05:00:00,2015-03-17,2015,76,10,-9.6,11.7,571.0,14.07,-5.2,53,-75,113.2
2015-03-17 11:00:00,2015-03-17 06:00:00,2015-03-17,2015,76,11,5.3,8.3,614.0,17.99,-5.71,53,-54,113.2
2015-03-17 12:00:00,2015-03-17 07:00:00,2015-03-17,2015,76,12,18.4,-14.9,602.0,12.24,5.9,77,-55,113.2
2015-03-17 13:00:00,2015-03-17 08:00:00,2015-03-17,2015,76,13,19.6,-16.6,586.0,17.45,6.27,77,-75,113.2
2015-03-17 14:00:00,2015-03-17 09:00:00,2015-03-17,2015,76,14,16.3,-24.1,583.0,15.58,10.55,77,-93,113.2
2015-03-17 15:00:00,2015-03-17 10:00:00,2015-03-17,2015,76,15,-2.4,-17.7,593.0,18.24,10.38,77,-118,113.2
2015-03-17 16:00:00,2015-03-17 11:00:00,2015-03-17,2015,76,16,-0.8,-16.7,583.0,10.71,9.21,77,-143,113.2
2015-03-17 17:00:00,2015-03-17 12:00:00,2015-03-17,2015,76,17,1.1,-19.2,559.0,13.74,9.5,77,-162,113.2
2015-03-17 18:00:00,2015-03-17 13:00:00,2015-03-17,2015,76,18,8.3,-18.9,575.0,9.42,7.47,73,-154,113.2
2015-03-17 19:00:00,2015-03-17 14:00:00,2015-03-17,2015,76,19,-0.9,-14.1,572.0,6.64,7.26,73,-177,113.2
2015-03-17 20:00:00,2015-03-17 15:00:00,2015-03-17,2015,76,20,-6.1,-14.2,563.0,5.47,8.61,73,-182,113.2
2015-03-17 21:00:00,2015-03-17 16:00:00,2015-03-17,2015,76,21,-7.8,-15.5,558.0,4.81,9.65,77,-198,113.2
2015-03-17 22:00:00,2015-03-17 17:00:00,2015-03-17,2015,76,22,-10.6,-12.8,558.0,4.98,9.21,77,-234,113.2
2015-03-17 23:00:00,2015-03-17 18:00:00,2015-03-17,2015,76,23,-17.4,-7.6,544.0,3.62,8.65,77,-225,113.2
2015-03-18 00:00:00,2015-03-17 19:00:00,2015-03-17,2015,77,0,-14.5,2.5,591.0,5.32,3.37,60,-200,113.7
2015-03-18 01:00:00,2015-03-17 20:00:00,2015-03-17,2015,77,1,-14.0,2.7,567.0,2.44,2.78,60,-189,113.7
2015-03-18 02:00:00,2015-03-17 21:00:00,2015-03-17,2015,77,2,-12.1,4.8,553.0,2.72,0.94,60,-172,113.7
2015-03-18 03:00:00,2015-03-17 22:00:00,2015-03-17,2015,77,3,-12.3,2.9,554.0,3.01,1.66,47,-155,113.7
2015-03-18 04:00:00,2015-03-17 23:00:00,2015-03-17,2015,77,4,-10.1,3.1,549.0,2.54,0.77,47,-148,113.7
2015-03-18 05:00:00,2015-03-18 00:00:00,2015-03-18,2015,77,5,-8.9,3.0,557.0,2.51,0.33,47,-136,113.7
2015-03-18 06:00:00,2015-03-18 01:00:00,2015-03-18,2015,77,6,-5.8,6.5,543.0,1.99,-2.28,43,-133,113.7
2015-03-18 07:00:00,2015-03-18 02:00:00,2015-03-18,2015,77,7,-9.3,3.2,571.0,2.37,-0.17,43,-124,113.7
2015-03-18 08:00:00,2015-03-18 03:00:00,2015-03-18,2015,77,8,-8.8,1.8,549.0,2.7,0.33,43,-123,113.7
2015-03-18 09:00:00,2015-03-18 04:00:00,2015-03-18,2015,77,9,-10.2,2.0,559.0,2.97,0.34,43,-117,113.7
2015-03-18 10:00:00,2015-03-18 05:00:00,2015-03-18,2015,77,10,-10.3,2.3,571.0,3.35,0.11,43,-111,113.7
2015-03-18 11:00:00,2015-03-18 06:00:00,2015-03-18,2015,77,11,-9.1,2.3,582.0,4.23,-0.06,43,-99,113.7
2015-03-18 12:00:00,2015-03-18 07:00:00,2015-03-18,2015,77,12,-6.5,3.2,577.0,4.29,-0.87,53,-97,113.7
2015-03-18 13:00:00,2015-03-18 08:00:00,2015-03-18,2015,77,13,-7.3,4.3,581.0,4.6,-1.28,53,-91,113.7
2015-03-18 14:00:00,2015-03-18 09:00:00,2015-03-18,2015,77,14,-7.6,-3.5,603.0,5.04,3.38,53,-88,113.7
2015-03-18 15:00:00,2015-03-18 10:00:00,2015-03-18,2015,77,15,-5.3,-0.9,596.0,4.82,1.55,53,-91,113.7
2015-03-18 16:00:00,2015-03-18 11:00:00,2015-03-18,2015,77,16,-2.6,4.3,600.0,4.42,-1.8,53,-86,113.7
2015-03-18 17:00:00,2015-03-18 12:00:00,2015-03-18,2015,77,17,-5.4,3.1,612.0,3.6,-0.37,53,-82,113.7
2015-03-18 18:00:00,2015-03-18 13:00:00,2015-03-18,2015,77,18,-2.0,-2.8,653.0,2.74,2.22,47,-88,113.7
2015-03-18 19:00:00,2015-03-18 14:00:00,2015-03-18,2015,77,19,-1.9,0.8,653.0,2.61,0.13,47,-94,113.7
2015-03-18 20:00:00,2015-03-18 15:00:00,2015-03-18,2015,77,20,-2.0,1.7,654.0,2.42,-0.26,47,-95,113.7
2015-03-18 21:00:00,2015-03-18 16:00:00,2015-03-18,2015,77,21,-3.8,1.4,683.0,2.73,0.61,47,-94,113.7
2015-03-18 22:00:00,2015-03-18 17:00:00,2015-03-18,2015,77,22,-1.5,-2.3,662.0,2.57,1.79,47,-94,113.7
2015-03-18 23:00:00,2015-03-18 18:00:00,2015-03-18,2015,77,23,-1.3,-2.9,666.0,2.79,2.06,47,-93,113.7
2015-03-19 00:00:00,2015-03-18 19:00:00,2015-03-18,2015,78,0,-2.4,0.6,664.0,2.82,0.53,43,-99,108.3
2015-03-19 01:00:00,2015-03-18 20:00:00,2015-03-18,2015,78,1,-0.6,-0.5,658.0,2.92,0.46,43,-94,108.3
2015-03-19 02:00:00,2015-03-18 21:00:00,2015-03-18,2015,78,2,-2.3,0.4,656.0,2.83,0.52,43,-86,108.3
2015-03-19 03:00:00,2015-03-18 22:00:00,2015-03-18,2015,78,3,-2.0,-0.1,622.0,2.53,0.62,40,-81,108.3
2015-03-19 04:00:00,2015-03-18 23:00:00,2015-03-18,2015,78,4,-2.5,-0.1,607.0,2.49,0.67,40,-86,108.3
2015-03-19 05:00:00,2015-03-19 00:00:00,2015-03-19,2015,78,5,1.4,1.3,599.0,2.53,-1.02,40,-84,108.3
2015-03-19 06:00:00,2015-03-19 01:00:00,2015-03-19,2015,78,6,-2.7,0.1,605.0,2.65,0.48,37,-81,108.3
2015-03-19 07:00:00,2015-03-19 02:00:00,2015-03-19,2015,78,7,-3.9,0.1,610.0,3.16,0.67,37,-73,108.3
2015-03-19 08:00:00,2015-03-19 03:00:00,2015-03-19,2015,78,8,-2.9,-4.2,613.0,3.15,2.94,37,-71,108.3
2015-03-19 09:00:00,2015-03-19 04:00:00,2015-03-19,2015,78,9,-1.6,-3.7,598.0,3.01,2.39,50,-76,108.3
2015-03-19 10:00:00,2015-03-19 05:00:00,2015-03-19,2015,78,10,-1.4,-1.6,594.0,2.59,1.13,50,-75,108.3
2015-03-19 11:00:00,2015-03-19 06:00:00,2015-03-19,2015,78,11,-3.4,-5.1,597.0,1.75,3.46,50,-76,108.3
2015-03-19 12:00:00,2015-03-19 07:00:00,2015-03-19,2015,78,12,-7.1,-1.5,596.0,1.81,1.91,43,-77,108.3
2015-03-19 13:00:00,2015-03-19 08:00:00,2015-03-19,2015,78,13,-4.9,-2.0,568.0,1.61,1.87,43,-83,108.3
2015-03-19 14:00:00,2015-03-19 09:00:00,2015-03-19,2015,78,14,-3.2,0.6,568.0,1.59,0.23,43,-84,108.3
2015-03-19 15:00:00,2015-03-19 10:00:00,2015-03-19,2015,78,15,2.7,4.1,583.0,1.93,-2.8,30,-80,108.3
2015-03-19 16:00:00,2015-03-19 11:00:00,2015-03-19,2015,78,16,4.1,4.0,611.0,2.41,-3.24,30,-73,108.3
2015-03-19 17:00:00,2015-03-19 12:00:00,2015-03-19,2015,78,17,-3.1,1.6,576.0,2.28,-0.12,30,-72,108.3
2015-03-19 18:00:00,2015-03-19 13:00:00,2015-03-19,2015,78,18,-1.4,1.8,582.0,2.79,-0.58,23,-71,108.3
2015-03-19 19:00:00,2015-03-19 14:00:00,2015-03-19,2015,78,19,2.4,-0.3,592.0,3.11,-0.53,23,-70,108.3
2015-03-19 20:00:00,2015-03-19 15:00:00,2015-03-19,2015,78,20,-2.7,-2.7,577.0,2.9,2.13,23,-71,108.3
2015-03-19 21:00:00,2015-03-19 16:00:00,2015-03-19,2015,78,21,1.1,-2.3,575.0,2.44,0.81,37,-69,108.3
2015-03-19 22:00:00,2015-03-19 17:00:00,2015-03-19,2015,78,22,-0.5,0.4,571.0,2.3,-0.06,37,-65,108.3
2015-03-19 23:00:00,2015-03-19 18:00:00,2015-03-19,2015,78,23,-3.7,2.1,595.0,2.53,0.18,37,-70,108.3
2015-03-20 00:00:00,2015-03-19 19:00:00,2015-03-19,2015,79,0,-3.7,-1.3,595.0,2.13,1.84,47,-75,111.8
2015-03-20 01:00:00,2015-03-19 20:00:00,2015-03-19,2015,79,1,-2.4,1.9,577.0,1.93,-0.23,47,-81,111.8
2015-03-20 02:00:00,2015-03-19 21:00:00,2015-03-19,2015,79,2,-1.0,-1.1,556.0,1.35,0.78,47,-74,111.8
2015-03-20 03:00:00,2015-03-19 22:00:00,2015-03-19,2015,79,3,-2.1,-1.7,547.0,1.13,1.37,30,-69,111.8
2015-03-20 04:00:00,2015-03-19 23:00:00,2015-03-19,2015,79,4,-4.0,-0.1,564.0,1.51,1.02,30,-65,111.8
2015-03-20 05:00:00,2015-03-20 00:00:00,2015-03-20,2015,79,5,-3.0,-3.7,576.0,1.74,2.65,30,-64,111.8
2015-03-20 06:00:00,2015-03-20 01:00:00,2015-03-20,2015,79,6,1.6,3.6,568.0,1.68,-2.22,47,-71,111.8
2015-03-20 07:00:00,2015-03-20 02:00:00,2015-03-20,2015,79,7,-2.5,0.1,542.0,1.21,0.38,47,-68,111.8
2015-03-20 08:00:00,2015-03-20 03:00:00,2015-03-20,2015,79,8,-4.1,-0.6,571.0,1.4,0.97,47,-63,111.8
2015-03-20 09:00:00,2015-03-20 04:00:00,2015-03-20,2015,79,9,-5.2,-1.7,585.0,1.6,1.7,30,-61,111.8
2015-03-20 10:00:00,2015-03-20 05:00:00,2015-03-20,2015,79,10,-1.5,-0.8,567.0,1.44,0.62,30,-62,111.8
2015-03-20 11:00:00,2015-03-20 06:00:00,2015-03-20,2015,79,11,1.9,2.1,562.0,1.51,-1.41,30,-65,111.8
2015-03-20 12:00:00,2015-03-20 07:00:00,2015-03-20,2015,79,12,2.2,0.1,558.0,1.44,-0.33,27,-58,111.8
2015-03-20 13:00:00,2015-03-20 08:00:00,2015-03-20,2015,79,13,4.0,1.9,581.0,1.74,-1.68,27,-57,111.8
2015-03-20 14:00:00,2015-03-20 09:00:00,2015-03-20,2015,79,14,5.3,-0.5,593.0,1.85,-0.65,27,-55,111.8
2015-03-20 15:00:00,2015-03-20 10:00:00,2015-03-20,2015,79,15,3.5,-0.7,582.0,1.75,-0.29,23,-56,111.8
2015-03-20 16:00:00,2015-03-20 11:00:00,2015-03-20,2015,79,16,-1.8,-1.7,551.0,1.29,1.27,23,-62,111.8
2015-03-20 17:00:00,2015-03-20 12:00:00,2015-03-20,2015,79,17,-2.6,1.1,547.0,1.37,0.05,23,-66,111.8
2015-03-20 18:00:00,2015-03-20 13:00:00,2015-03-20,2015,79,18,0.1,2.1,542.0,1.29,-1.03,33,-64,111.8
2015-03-20 19:00:00,2015-03-20 14:00:00,2015-03-20,2015,79,19,-3.9,0.4,568.0,1.46,0.91,33,-60,111.8
2015-03-20 20:00:00,2015-03-20 15:00:00,2015-03-20,2015,79,20,1.0,2.1,565.0,1.7,-1.3,33,-59,111.8
2015-03-20 21:00:00,2015-03-20 16:00:00,2015-03-20,2015,79,21,-3.7,1.9,583.0,2.1,0.23,43,-56,111.8
2015-03-20 22:00:00,2015-03-20 17:00:00,2015-03-20,2015,79,22,-3.0,-2.1,598.0,2.75,2.03,43,-56,111.8
2015-03-20 23:00:00,2015-03-20 18:00:00,2015-03-20,2015,79,23,-3.3,-0.8,604.0,2.62,1.51,43,-65,111.8
2015-03-21 00:00:00,2015-03-20 19:00:00,2015-03-20,2015,80,0,2.9,-3.2,601.0,2.71,0.72,40,-69,112.7
2015-03-21 01:00:00,2015-03-20 20:00:00,2015-03-20,2015,80,1,5.1,-1.5,583.0,2.53,-0.76,40,-65,112.7
2015-03-21 02:00:00,2015-03-20 21:00:00,2015-03-20,2015,80,2,2.9,-0.5,562.0,2.2,-0.56,40,-64,112.7
2015-03-21 03:00:00,2015-03-20 22:00:00,2015-03-20,2015,80,3,0.2,3.0,584.0,2.46,-1.64,27,-58,112.7
2015-03-21 04:00:00,2015-03-20 23:00:00,2015-03-20,2015,80,4,-1.8,2.7,612.0,3.04,-1.04,27,-48,112.7
2015-03-21 05:00:00,2015-03-21 00:00:00,2015-03-21,2015,80,5,-1.6,1.7,635.0,3.37,-0.64,27,-46,112.7
2015-03-21 06:00:00,2015-03-21 01:00:00,2015-03-21,2015,80,6,-4.2,1.5,641.0,3.26,-0.0,33,-49,112.7
2015-03-21 07:00:00,2015-03-21 02:00:00,2015-03-21,2015,80,7,-3.8,-0.1,650.0,3.29,0.78,33,-46,112.7
2015-03-21 08:00:00,2015-03-21 03:00:00,2015-03-21,2015,80,8,-3.6,1.1,653.0,3.18,-0.07,33,-45,112.7
2015-03-21 09:00:00,2015-03-21 04:00:00,2015-03-21,2015,80,9,-4.2,0.5,654.0,2.88,0.39,27,-44,112.7
2015-03-21 10:00:00,2015-03-21 05:00:00,2015-03-21,2015,80,10,-4.9,2.8,662.0,2.52,-0.99,27,-50,112.7
2015-03-21 11:00:00,2015-03-21 06:00:00,2015-03-21,2015,80,11,-5.5,2.4,661.0,2.58,-0.66,27,-48,112.7
2015-03-21 12:00:00,2015-03-21 07:00:00,2015-03-21,2015,80,12,-3.1,1.7,629.0,2.1,-0.57,23,-46,112.7
2015-03-21 13:00:00,2015-03-21 08:00:00,2015-03-21,2015,80,13,-4.2,1.9,642.0,1.98,-0.45,23,-45,112.7
2015-03-21 14:00:00,2015-03-21 09:00:00,2015-03-21,2015,80,14,-2.5,2.4,626.0,1.64,-0.94,23,-46,112.7
2015-03-21 15:00:00,2015-03-21 10:00:00,2015-03-21,2015,80,15,-3.6,2.6,624.0,1.5,-0.75,17,-46,112.7
2015-03-21 16:00:00,2015-03-21 11:00:00,2015-03-21,2015,80,16,-3.5,2.2,613.0,1.29,-0.43,17,-46,112.7
2015-03-21 17:00:00,2015-03-21 12:00:00,2015-03-21,2015,80,17,-1.6,3.0,623.0,1.79,-1.31,17,-44,112.7
2015-03-21 18:00:00,2015-03-21 13:00:00,2015-03-21,2015,80,18,-1.7,3.0,621.0,1.61,-1.18,17,-44,112.7
2015-03-21 19:00:00,2015-03-21 14:00:00,2015-03-21,2015,80,19,-1.6,2.1,602.0,1.69,-0.6,17,-44,112.7
2015-03-21 20:00:00,2015-03-21 15:00:00,2015-03-21,2015,80,20,-1.4,2.8,595.0,1.51,-1.01,17,-47,112.7
2015-03-21 21:00:00,2015-03-21 16:00:00,2015-03-21,2015,80,21,-2.7,6.0,638.0,2.33,-2.3,13,-40,112.7
2015-03-21 22:00:00,2015-03-21 17:00:00,2015-03-21,2015,80,22,-0.6,7.8,658.0,2.17,-4.08,13,-43,112.7
2015-03-21 23:00:00,2015-03-21 18:00:00,2015-03-21,2015,80,23,2.9,8.7,656.0,2.08,-5.84,13,-41,112.7
2015-03-22 00:00:00,2015-03-21 19:00:00,2015-03-21,2015,81,0,4.2,8.1,658.0,2.33,-5.99,23,-39,121.5
2015-03-22 01:00:00,2015-03-21 20:00:00,2015-03-21,2015,81,1,5.8,6.6,636.0,1.7,-5.47,23,-42,121.5
2015-03-22 02:00:00,2015-03-21 21:00:00,2015-03-21,2015,81,2,6.9,3.4,625.0,2.69,-3.94,23,-36,121.5
2015-03-22 03:00:00,2015-03-21 22:00:00,2015-03-21,2015,81,3,1.7,-2.3,650.0,4.23,0.84,33,-33,121.5
2015-03-22 04:00:00,2015-03-21 23:00:00,2015-03-21,2015,81,4,3.7,-1.4,621.0,3.81,-0.19,33,-40,121.5
2015-03-22 05:00:00,2015-03-22 00:00:00,2015-03-22,2015,81,5,0.1,1.5,622.0,2.78,-0.87,33,-43,121.5
2015-03-22 06:00:00,2015-03-22 01:00:00,2015-03-22,2015,81,6,-2.1,-4.5,621.0,2.28,3.04,63,-45,121.5
2015-03-22 07:00:00,2015-03-22 02:00:00,2015-03-22,2015,81,7,3.1,-2.4,650.0,7.69,0.91,63,-56,121.5
2015-03-22 08:00:00,2015-03-22 03:00:00,2015-03-22,2015,81,8,3.6,4.9,683.0,11.49,-3.89,63,-50,121.5
2015-03-22 09:00:00,2015-03-22 04:00:00,2015-03-22,2015,81,9,1.6,0.3,706.0,7.82,-0.49,47,-50,121.5
2015-03-22 10:00:00,2015-03-22 05:00:00,2015-03-22,2015,81,10,2.6,2.6,686.0,3.6,-2.13,47,-45,121.5
2015-03-22 11:00:00,2015-03-22 06:00:00,2015-03-22,2015,81,11,2.5,0.7,680.0,6.84,-0.88,47,-33,121.5
2015-03-22 12:00:00,2015-03-22 07:00:00,2015-03-22,2015,81,12,6.6,-3.9,670.0,4.24,1.41,33,-41,121.5
2015-03-22 13:00:00,2015-03-22 08:00:00,2015-03-22,2015,81,13,7.0,-2.2,665.0,4.39,0.13,33,-48,121.5
2015-03-22 14:00:00,2015-03-22 09:00:00,2015-03-22,2015,81,14,4.1,-0.8,645.0,1.87,-0.32,33,-55,121.5
2015-03-22 15:00:00,2015-03-22 10:00:00,2015-03-22,2015,81,15,0.2,0.1,641.0,1.27,-0.13,10,-51,121.5
2015-03-22 16:00:00,2015-03-22 11:00:00,2015-03-22,2015,81,16,-1.8,0.1,633.0,1.07,0.38,10,-49,121.5
2015-03-22 17:00:00,2015-03-22 12:00:00,2015-03-22,2015,81,17,-2.4,0.2,605.0,0.59,0.48,10,-52,121.5
2015-03-22 18:00:00,2015-03-22 13:00:00,2015-03-22,2015,81,18,0.3,0.2,596.0,0.7,-0.18,10,-54,121.5
2015-03-22 19:00:00,2015-03-22 14:00:00,2015-03-22,2015,81,19,1.1,0.5,592.0,1.26,-0.59,10,-52,121.5
2015-03-22 20:00:00,2015-03-22 15:00:00,2015-03-22,2015,81,20,0.3,1.4,597.0,2.22,-0.84,10,-47,121.5
2015-03-22 21:00:00,2015-03-22 16:00:00,2015-03-22,2015,81,21,0.6,3.9,573.0,1.17,-2.06,10,-46,121.5
2015-03-22 22:00:00,2015-03-22 17:00:00,2015-03-22,2015,81,22,0.7,5.9,572.0,1.37,-3.03,10,-45,121.5
2015-03-22 23:00:00,2015-03-22 18:00:00,2015-03-22,2015,81,23,2.1,6.5,579.0,1.4,-3.82,10,-44,121.5
2015-03-23 00:00:00,2015-03-22 19:00:00,2015-03-22,2015,82,0,3.8,0.9,575.0,1.7,-1.61,37,-40,127.2
2015-03-23 01:00:00,2015-03-22 20:00:00,2015-03-22,2015,82,1,0.8,-4.1,577.0,2.74,1.79,37,-45,127.2
2015-03-23 02:00:00,2015-03-22 21:00:00,2015-03-22,2015,82,2,3.8,-3.8,566.0,2.76,0.85,37,-46,127.2
2015-03-23 03:00:00,2015-03-22 22:00:00,2015-03-22,2015,82,3,3.9,-3.4,572.0,2.75,0.74,43,-47,127.2
2015-03-23 04:00:00,2015-03-22 23:00:00,2015-03-22,2015,82,4,2.6,-3.9,558.0,2.39,1.4,43,-50,127.2
2015-03-23 05:00:00,2015-03-23 00:00:00,2015-03-23,2015,82,5,1.9,1.0,563.0,1.96,-0.9,43,-47,127.2
2015-03-23 06:00:00,2015-03-23 01:00:00,2015-03-23,2015,82,6,-1.0,2.3,567.0,1.59,-1.02,23,-44,127.2
2015-03-23 07:00:00,2015-03-23 02:00:00,2015-03-23,2015,82,7,-0.8,1.7,595.0,1.9,-0.83,23,-46,127.2
2015-03-23 08:00:00,2015-03-23 03:00:00,2015-03-23,2015,82,8,-1.2,-0.6,594.0,1.81,0.53,23,-47,127.2
2015-03-23 09:00:00,2015-03-23 04:00:00,2015-03-23,2015,82,9,-0.3,-1.4,628.0,2.47,0.88,30,-44,127.2
2015-03-23 10:00:00,2015-03-23 05:00:00,2015-03-23,2015,82,10,4.6,-0.4,643.0,2.61,-0.45,30,-46,127.2
2015-03-23 11:00:00,2015-03-23 06:00:00,2015-03-23,2015,82,11,2.7,-0.8,598.0,2.21,0.06,30,-42,127.2
2015-03-23 12:00:00,2015-03-23 07:00:00,2015-03-23,2015,82,12,2.9,-2.6,600.0,2.16,1.08,37,-36,127.2
2015-03-23 13:00:00,2015-03-23 08:00:00,2015-03-23,2015,82,13,1.8,-2.8,635.0,2.65,1.4,37,-35,127.2
2015-03-23 14:00:00,2015-03-23 09:00:00,2015-03-23,2015,82,14,1.8,-2.3,630.0,2.83,1.01,37,-32,127.2
2015-03-23 15:00:00,2015-03-23 10:00:00,2015-03-23,2015,82,15,3.4,1.2,599.0,2.62,-1.38,30,-37,127.2
2015-03-23 16:00:00,2015-03-23 11:00:00,2015-03-23,2015,82,16,2.2,3.4,586.0,1.95,-2.34,30,-39,127.2
2015-03-23 17:00:00,2015-03-23 12:00:00,2015-03-23,2015,82,17,2.5,2.8,583.0,1.87,-2.1,30,-35,127.2
2015-03-23 18:00:00,2015-03-23 13:00:00,2015-03-23,2015,82,18,3.8,1.9,580.0,1.68,-1.97,27,-36,127.2
2015-03-23 19:00:00,2015-03-23 14:00:00,2015-03-23,2015,82,19,2.8,-0.3,581.0,1.69,-0.64,27,-37,127.2
2015-03-23 20:00:00,2015-03-23 15:00:00,2015-03-23,2015,82,20,2.5,-3.5,590.0,1.84,1.0,27,-40,127.2
2015-03-23 21:00:00,2015-03-23 16:00:00,2015-03-23,2015,82,21,4.1,1.1,575.0,1.79,-1.78,37,-50,127.2
2015-03-23 22:00:00,2015-03-23 17:00:00,2015-03-23,2015,82,22,3.2,-1.5,552.0,1.54,-0.28,37,-47,127.2
2015-03-23 23:00:00,2015-03-23 18:00:00,2015-03-23,2015,82,23,4.1,-0.2,548.0,1.54,-1.15,37,-47,127.2
2015-03-24 00:00:00,2015-03-23 19:00:00,2015-03-23,2015,83,0,3.6,0.3,540.0,1.48,-1.19,17,-48,132.2
2015-03-24 01:00:00,2015-03-23 20:00:00,2015-03-23,2015,83,1,3.5,0.5,535.0,1.34,-1.18,17,-48,132.2
2015-03-24 02:00:00,2015-03-23 21:00:00,2015-03-23,2015,83,2,2.9,0.6,513.0,1.15,-0.97,17,-45,132.2
2015-03-24 03:00:00,2015-03-23 22:00:00,2015-03-23,2015,83,3,2.9,1.0,510.0,1.2,-1.12,13,-40,132.2
2015-03-24 04:00:00,2015-03-23 23:00:00,2015-03-23,2015,83,4,2.4,-0.9,515.0,1.49,-0.1,13,-34,132.2
2015-03-24 05:00:00,2015-03-24 00:00:00,2015-03-24,2015,83,5,2.4,0.2,522.0,1.75,-0.57,13,-33,132.2
2015-03-24 06:00:00,2015-03-24 01:00:00,2015-03-24,2015,83,6,3.1,2.0,535.0,1.99,-1.55,13,-32,132.2
2015-03-24 07:00:00,2015-03-24 02:00:00,2015-03-24,2015,83,7,3.0,2.0,553.0,2.24,-1.55,13,-29,132.2
2015-03-24 08:00:00,2015-03-24 03:00:00,2015-03-24,2015,83,8,2.3,1.7,540.0,1.88,-1.24,13,-30,132.2
2015-03-24 09:00:00,2015-03-24 04:00:00,2015-03-24,2015,83,9,1.9,0.6,523.0,1.59,-0.58,23,-29,132.2
2015-03-24 10:00:00,2015-03-24 05:00:00,2015-03-24,2015,83,10,1.5,-1.4,528.0,1.71,0.53,23,-26,132.2
2015-03-24 11:00:00,2015-03-24 06:00:00,2015-03-24,2015,83,11,0.5,-1.9,542.0,2.11,0.92,23,-31,132.2
2015-03-24 12:00:00,2015-03-24 07:00:00,2015-03-24,2015,83,12,0.5,-0.9,533.0,2.04,0.37,33,-32,132.2
2015-03-24 13:00:00,2015-03-24 08:00:00,2015-03-24,2015,83,13,-2.3,-1.0,535.0,2.22,0.86,33,-30,132.2
2015-03-24 14:00:00,2015-03-24 09:00:00,2015-03-24,2015,83,14,-1.1,-1.4,531.0,2.4,0.9,33,-28,132.2
2015-03-24 15:00:00,2015-03-24 10:00:00,2015-03-24,2015,83,15,-3.1,-2.3,541.0,2.92,1.73,37,-26,132.2
2015-03-24 16:00:00,2015-03-24 11:00:00,2015-03-24,2015,83,16,-3.2,-0.6,535.0,2.58,0.96,37,-33,132.2
2015-03-24 17:00:00,2015-03-24 12:00:00,2015-03-24,2015,83,17,1.7,-0.6,518.0,2.38,-0.1,37,-34,132.2
2015-03-24 18:00:00,2015-03-24 13:00:00,2015-03-24,2015,83,18,3.1,-1.0,525.0,2.24,-0.26,17,-31,132.2
2015-03-24 19:00:00,2015-03-24 14:00:00,2015-03-24,2015,83,19,3.3,2.6,513.0,1.63,-2.0,17,-31,132.2
2015-03-24 20:00:00,2015-03-24 15:00:00,2015-03-24,2015,83,20,2.0,2.8,535.0,1.94,-1.82,17,-28,132.2
2015-03-24 21:00:00,2015-03-24 16:00:00,2015-03-24,2015,83,21,3.4,0.1,544.0,2.3,-1.03,20,-28,132.2
2015-03-24 22:00:00,2015-03-24 17:00:00,2015-03-24,2015,83,22,-0.7,3.2,548.0,2.42,-1.26,20,-34,132.2
2015-03-24 23:00:00,2015-03-24 18:00:00,2015-03-24,2015,83,23,3.5,1.5,552.0,2.46,-1.77,20,-34,132.2
2015-03-25 00:00:00,2015-03-24 19:00:00,2015-03-24,2015,84,0,3.7,1.0,558.0,2.59,-1.56,20,-30,137.0
2015-03-25 01:00:00,2015-03-24 20:00:00,2015-03-24,2015,84,1,2.9,-1.9,565.0,2.6,0.06,20,-30,137.0
2015-03-25 02:00:00,2015-03-24 21:00:00,2015-03-24,2015,84,2,2.4,1.7,549.0,2.45,-1.48,20,-36,137.0
2015-03-25 03:00:00,2015-03-24 22:00:00,2015-03-24,2015,84,3,0.5,2.1,532.0,2.04,-1.12,23,-34,137.0
2015-03-25 04:00:00,2015-03-24 23:00:00,2015-03-24,2015,84,4,2.2,-1.7,541.0,2.13,0.32,23,-32,137.0
2015-03-25 05:00:00,2015-03-25 00:00:00,2015-03-25,2015,84,5,4.1,-1.0,551.0,2.11,-0.33,23,-34,137.0
2015-03-25 06:00:00,2015-03-25 01:00:00,2015-03-25,2015,84,6,2.3,-0.4,517.0,1.63,-0.21,27,-33,137.0
2015-03-25 07:00:00,2015-03-25 02:00:00,2015-03-25,2015,84,7,1.4,1.7,509.0,1.63,-1.02,27,-32,137.0
2015-03-25 08:00:00,2015-03-25 03:00:00,2015-03-25,2015,84,8,-0.6,1.0,494.0,1.47,-0.4,27,-31,137.0
2015-03-25 09:00:00,2015-03-25 04:00:00,2015-03-25,2015,84,9,3.5,-1.0,509.0,1.58,0.05,33,-28,137.0
2015-03-25 10:00:00,2015-03-25 05:00:00,2015-03-25,2015,84,10,2.9,-1.0,544.0,4.53,0.16,33,-17,137.0
2015-03-25 11:00:00,2015-03-25 06:00:00,2015-03-25,2015,84,11,3.3,2.1,550.0,5.17,-1.54,33,-13,137.0
2015-03-25 12:00:00,2015-03-25 07:00:00,2015-03-25,2015,84,12,1.3,2.6,558.0,5.26,-1.56,37,-5,137.0
2015-03-25 13:00:00,2015-03-25 08:00:00,2015-03-25,2015,84,13,1.6,2.2,573.0,5.83,-1.49,37,-5,137.0
2015-03-25 14:00:00,2015-03-25 09:00:00,2015-03-25,2015,84,14,0.3,-1.0,579.0,7.61,0.52,37,-4,137.0
2015-03-25 15:00:00,2015-03-25 10:00:00,2015-03-25,2015,84,15,1.3,-0.4,579.0,5.27,-0.06,27,-12,137.0
2015-03-25 16:00:00,2015-03-25 11:00:00,2015-03-25,2015,84,16,0.9,1.8,579.0,3.32,-1.16,27,-22,137.0
2015-03-25 17:00:00,2015-03-25 12:00:00,2015-03-25,2015,84,17,0.5,1.7,574.0,5.0,-1.03,27,-17,137.0
2015-03-25 18:00:00,2015-03-25 13:00:00,2015-03-25,2015,84,18,0.1,0.1,569.0,5.75,-0.06,33,-17,137.0
2015-03-25 19:00:00,2015-03-25 14:00:00,2015-03-25,2015,84,19,0.3,-0.3,569.0,4.84,0.06,33,-22,137.0
2015-03-25 20:00:00,2015-03-25 15:00:00,2015-03-25,2015,84,20,1.6,0.3,551.0,3.26,-0.61,33,-28,137.0
2015-03-25 21:00:00,2015-03-25 16:00:00,2015-03-25,2015,84,21,2.5,1.5,523.0,2.04,-1.36,20,-32,137.0
2015-03-25 22:00:00,2015-03-25 17:00:00,2015-03-25,2015,84,22,0.2,2.3,508.0,1.7,-1.02,20,-33,137.0
2015-03-25 23:00:00,2015-03-25 18:00:00,2015-03-25,2015,84,23,-1.2,1.7,513.0,1.72,-0.41,20,-31,137.0
2015-03-26 00:00:00,2015-03-25 19:00:00,2015-03-25,2015,85,0,3.6,-1.5,516.0,1.92,-0.36,23,-29,135.5
2015-03-26 01:00:00,2015-03-25 20:00:00,2015-03-25,2015,85,1,3.6,-0.2,512.0,1.96,-0.87,23,-25,135.5
2015-03-26 02:00:00,2015-03-25 21:00:00,2015-03-25,2015,85,2,3.8,0.8,508.0,1.93,-1.27,23,-25,135.5
2015-03-26 03:00:00,2015-03-25 22:00:00,2015-03-25,2015,85,3,4.1,1.3,496.0,1.87,-1.49,13,-23,135.5
2015-03-26 04:00:00,2015-03-25 23:00:00,2015-03-25,2015,85,4,3.5,-1.1,496.0,1.94,-0.2,13,-23,135.5
2015-03-26 05:00:00,2015-03-26 00:00:00,2015-03-26,2015,85,5,2.3,-1.1,479.0,1.65,0.1,13,-26,135.5
2015-03-26 06:00:00,2015-03-26 01:00:00,2015-03-26,2015,85,6,1.7,-0.9,457.0,1.42,0.14,17,-27,135.5
2015-03-26 07:00:00,2015-03-26 02:00:00,2015-03-26,2015,85,7,3.8,0.9,463.0,1.9,-0.93,17,-21,135.5
2015-03-26 08:00:00,2015-03-26 03:00:00,2015-03-26,2015,85,8,4.1,0.3,452.0,1.63,-0.63,17,-18,135.5
2015-03-26 09:00:00,2015-03-26 04:00:00,2015-03-26,2015,85,9,3.5,-0.1,447.0,1.75,-0.36,7,-15,135.5
2015-03-26 10:00:00,2015-03-26 05:00:00,2015-03-26,2015,85,10,3.4,0.3,443.0,1.7,-0.49,7,-15,135.5
2015-03-26 11:00:00,2015-03-26 06:00:00,2015-03-26,2015,85,11,4.3,0.2,442.0,1.88,-0.53,7,-10,135.5
2015-03-26 12:00:00,2015-03-26 07:00:00,2015-03-26,2015,85,12,4.4,0.8,436.0,2.08,-0.83,20,-9,135.5
2015-03-26 13:00:00,2015-03-26 08:00:00,2015-03-26,2015,85,13,3.3,-0.7,427.0,2.0,-0.09,20,-13,135.5
2015-03-26 14:00:00,2015-03-26 09:00:00,2015-03-26,2015,85,14,1.0,0.7,442.0,4.71,-0.44,20,-11,135.5
2015-03-26 15:00:00,2015-03-26 10:00:00,2015-03-26,2015,85,15,-1.2,0.8,435.0,4.16,-0.13,23,-16,135.5
2015-03-26 16:00:00,2015-03-26 11:00:00,2015-03-26,2015,85,16,-1.9,1.3,416.0,2.32,-0.21,23,-20,135.5
2015-03-26 17:00:00,2015-03-26 12:00:00,2015-03-26,2015,85,17,-2.6,0.7,411.0,2.12,0.21,23,-20,135.5
2015-03-26 18:00:00,2015-03-26 13:00:00,2015-03-26,2015,85,18,-1.7,0.7,406.0,1.8,0.08,20,-21,135.5
2015-03-26 19:00:00,2015-03-26 14:00:00,2015-03-26,2015,85,19,-3.6,-0.5,417.0,2.08,0.92,20,-20,135.5
2015-03-26 20:00:00,2015-03-26 15:00:00,2015-03-26,2015,85,20,-3.7,-0.4,421.0,2.08,0.97,20,-27,135.5
2015-03-26 21:00:00,2015-03-26 16:00:00,2015-03-26,2015,85,21,-1.5,0.6,428.0,2.07,0.13,30,-30,135.5
2015-03-26 22:00:00,2015-03-26 17:00:00,2015-03-26,2015,85,22,-1.8,-0.6,434.0,2.19,0.65,30,-31,135.5
2015-03-26 23:00:00,2015-03-26 18:00:00,2015-03-26,2015,85,23,-2.4,-1.1,436.0,2.19,0.96,30,-29,135.5
2015-03-27 00:00:00,2015-03-26 19:00:00,2015-03-26,2015,86,0,-3.3,-0.3,434.0,2.12,0.87,30,-28,137.2
2015-03-27 01:00:00,2015-03-26 20:00:00,2015-03-26,2015,86,1,-2.6,-0.2,428.0,1.99,0.64,30,-29,137.2
2015-03-27 02:00:00,2015-03-26 21:00:00,2015-03-26,2015,86,2,-3.7,-0.6,429.0,2.03,0.99,30,-27,137.2
2015-03-27 03:00:00,2015-03-26 22:00:00,2015-03-26,2015,86,3,-3.3,0.2,431.0,2.09,0.56,23,-27,137.2
2015-03-27 04:00:00,2015-03-26 23:00:00,2015-03-26,2015,86,4,-4.5,-1.0,438.0,2.21,1.23,23,-25,137.2
2015-03-27 05:00:00,2015-03-27 00:00:00,2015-03-27,2015,86,5,-4.8,-0.5,434.0,2.17,1.0,23,-30,137.2
2015-03-27 06:00:00,2015-03-27 01:00:00,2015-03-27,2015,86,6,-2.6,2.2,430.0,1.83,-0.52,23,-35,137.2
2015-03-27 07:00:00,2015-03-27 02:00:00,2015-03-27,2015,86,7,-3.0,1.1,429.0,1.91,-0.09,23,-29,137.2
2015-03-27 08:00:00,2015-03-27 03:00:00,2015-03-27,2015,86,8,-3.8,-1.1,423.0,1.87,0.89,23,-23,137.2
2015-03-27 09:00:00,2015-03-27 04:00:00,2015-03-27,2015,86,9,-3.3,0.4,412.0,1.71,0.16,13,-27,137.2
2015-03-27 10:00:00,2015-03-27 05:00:00,2015-03-27,2015,86,10,-3.1,-1.9,411.0,1.77,1.07,13,-23,137.2
2015-03-27 11:00:00,2015-03-27 06:00:00,2015-03-27,2015,86,11,-3.5,0.2,407.0,1.74,0.24,13,-22,137.2
2015-03-27 12:00:00,2015-03-27 07:00:00,2015-03-27,2015,86,12,-3.7,-2.0,407.0,1.77,1.18,23,-22,137.2
2015-03-27 13:00:00,2015-03-27 08:00:00,2015-03-27,2015,86,13,-2.8,-3.9,403.0,1.85,1.81,23,-23,137.2
2015-03-27 14:00:00,2015-03-27 09:00:00,2015-03-27,2015,86,14,-3.2,-0.9,391.0,1.73,0.7,23,-29,137.2
2015-03-27 15:00:00,2015-03-27 10:00:00,2015-03-27,2015,86,15,-3.3,1.2,390.0,1.71,-0.0,13,-30,137.2
2015-03-27 16:00:00,2015-03-27 11:00:00,2015-03-27,2015,86,16,-3.0,1.6,386.0,1.77,-0.12,13,-26,137.2
2015-03-27 17:00:00,2015-03-27 12:00:00,2015-03-27,2015,86,17,-1.2,2.9,387.0,1.78,-0.81,13,-23,137.2
2015-03-27 18:00:00,2015-03-27 13:00:00,2015-03-27,2015,86,18,-2.3,1.5,382.0,1.75,-0.11,10,-23,137.2
2015-03-27 19:00:00,2015-03-27 14:00:00,2015-03-27,2015,86,19,-2.2,3.7,387.0,2.07,-0.81,10,-23,137.2
2015-03-27 20:00:00,2015-03-27 15:00:00,2015-03-27,2015,86,20,-3.2,1.8,380.0,2.0,0.04,10,-21,137.2
2015-03-27 21:00:00,2015-03-27 16:00:00,2015-03-27,2015,86,21,-2.1,1.4,378.0,2.08,-0.04,13,-20,137.2
2015-03-27 22:00:00,2015-03-27 17:00:00,2015-03-27,2015,86,22,-1.4,3.7,376.0,2.07,-0.86,13,-21,137.2
2015-03-27 23:00:00,2015-03-27 18:00:00,2015-03-27,2015,86,23,1.4,4.2,369.0,1.99,-1.59,13,-21,137.2
2015-03-28 00:00:00,2015-03-27 19:00:00,2015-03-27,2015,87,0,2.3,4.0,362.0,1.97,-1.67,0,-20,145.1
2015-03-28 01:00:00,2015-03-27 20:00:00,2015-03-27,2015,87,1,3.4,3.5,358.0,2.08,-1.68,0,-18,145.1
2015-03-28 02:00:00,2015-03-27 21:00:00,2015-03-27,2015,87,2,3.3,2.3,363.0,2.41,-1.31,0,-11,145.1
2015-03-28 03:00:00,2015-03-27 22:00:00,2015-03-27,2015,87,3,6.1,2.2,372.0,2.42,-1.75,17,-6,145.1
2015-03-28 04:00:00,2015-03-27 23:00:00,2015-03-27,2015,87,4,5.3,2.0,381.0,2.98,-1.52,17,-3,145.1
2015-03-28 05:00:00,2015-03-28 00:00:00,2015-03-28,2015,87,5,-3.7,-3.3,391.0,3.21,1.72,17,-5,145.1
2015-03-28 06:00:00,2015-03-28 01:00:00,2015-03-28,2015,87,6,-3.6,-6.4,401.0,2.6,2.89,33,-23,145.1
2015-03-28 07:00:00,2015-03-28 02:00:00,2015-03-28,2015,87,7,-6.7,-1.2,406.0,2.36,1.26,33,-39,145.1
2015-03-28 08:00:00,2015-03-28 03:00:00,2015-03-28,2015,87,8,-6.6,5.2,406.0,2.78,-1.34,33,-42,145.1
2015-03-28 09:00:00,2015-03-28 04:00:00,2015-03-28,2015,87,9,-4.5,8.1,399.0,2.88,-2.67,17,-33,145.1
2015-03-28 10:00:00,2015-03-28 05:00:00,2015-03-28,2015,87,10,-2.7,7.5,416.0,3.21,-2.79,17,-27,145.1
2015-03-28 11:00:00,2015-03-28 06:00:00,2015-03-28,2015,87,11,-3.3,6.4,414.0,3.24,-2.24,17,-25,145.1
2015-03-28 12:00:00,2015-03-28 07:00:00,2015-03-28,2015,87,12,-4.4,7.8,416.0,2.65,-2.7,17,-27,145.1
2015-03-28 13:00:00,2015-03-28 08:00:00,2015-03-28,2015,87,13,-4.2,7.6,411.0,2.38,-2.55,17,-28,145.1
2015-03-28 14:00:00,2015-03-28 09:00:00,2015-03-28,2015,87,14,-3.9,8.4,416.0,2.71,-2.83,17,-26,145.1
2015-03-28 15:00:00,2015-03-28 10:00:00,2015-03-28,2015,87,15,-5.8,8.3,415.0,2.87,-2.45,23,-20,145.1
2015-03-28 16:00:00,2015-03-28 11:00:00,2015-03-28,2015,87,16,-6.6,8.3,421.0,3.32,-2.19,23,-15,145.1
2015-03-28 17:00:00,2015-03-28 12:00:00,2015-03-28,2015,87,17,-4.4,9.6,419.0,3.82,-2.89,23,-11,145.1
2015-03-28 18:00:00,2015-03-28 13:00:00,2015-03-28,2015,87,18,-6.9,10.3,423.0,3.99,-2.54,20,-12,145.1
2015-03-28 19:00:00,2015-03-28 14:00:00,2015-03-28,2015,87,19,-9.6,9.5,424.0,3.76,-1.53,20,-15,145.1
2015-03-28 20:00:00,2015-03-28 15:00:00,2015-03-28,2015,87,20,-11.4,8.2,420.0,3.56,-0.46,20,-19,145.1
2015-03-28 21:00:00,2015-03-28 16:00:00,2015-03-28,2015,87,21,-11.4,7.6,416.0,6.01,-0.12,27,-20,145.1
2015-03-28 22:00:00,2015-03-28 17:00:00,2015-03-28,2015,87,22,-10.2,7.4,413.0,7.56,-0.29,27,-18,145.1
2015-03-28 23:00:00,2015-03-28 18:00:00,2015-03-28,2015,87,23,-10.5,6.7,410.0,7.12,0.04,27,-17,145.1
2015-03-29 00:00:00,2015-03-28 19:00:00,2015-03-28,2015,88,0,-11.7,5.1,404.0,8.04,0.77,40,-19,144.0
2015-03-29 01:00:00,2015-03-28 20:00:00,2015-03-28,2015,88,1,-12.2,4.8,396.0,5.5,0.83,40,-22,144.0
2015-03-29 02:00:00,2015-03-28 21:00:00,2015-03-28,2015,88,2,-10.9,1.0,399.0,6.48,1.76,40,-20,144.0
2015-03-29 03:00:00,2015-03-28 22:00:00,2015-03-28,2015,88,3,-11.4,4.7,390.0,6.05,0.35,33,-24,144.0
2015-03-29 04:00:00,2015-03-28 23:00:00,2015-03-28,2015,88,4,-11.4,3.4,392.0,6.6,0.63,33,-30,144.0
2015-03-29 05:00:00,2015-03-29 00:00:00,2015-03-29,2015,88,5,-13.9,2.6,383.0,3.32,1.03,33,-34,144.0
2015-03-29 06:00:00,2015-03-29 01:00:00,2015-03-29,2015,88,6,-13.6,0.4,373.0,2.29,1.53,23,-34,144.0
2015-03-29 07:00:00,2015-03-29 02:00:00,2015-03-29,2015,88,7,-7.1,-1.9,368.0,2.77,1.44,23,-31,144.0
2015-03-29 08:00:00,2015-03-29 03:00:00,2015-03-29,2015,88,8,-8.2,-2.1,362.0,2.75,1.52,23,-26,144.0
2015-03-29 09:00:00,2015-03-29 04:00:00,2015-03-29,2015,88,9,-9.5,-1.1,357.0,2.66,1.21,17,-32,144.0
2015-03-29 10:00:00,2015-03-29 05:00:00,2015-03-29,2015,88,10,-7.8,-3.4,358.0,2.31,1.83,17,-43,144.0
2015-03-29 11:00:00,2015-03-29 06:00:00,2015-03-29,2015,88,11,-9.0,1.4,354.0,2.4,0.28,17,-46,144.0
2015-03-29 12:00:00,2015-03-29 07:00:00,2015-03-29,2015,88,12,-8.1,3.4,356.0,2.07,-0.46,20,-35,144.0
2015-03-29 13:00:00,2015-03-29 08:00:00,2015-03-29,2015,88,13,-8.4,-0.4,351.0,1.96,0.91,20,-30,144.0
2015-03-29 14:00:00,2015-03-29 09:00:00,2015-03-29,2015,88,14,-7.4,1.9,353.0,2.12,0.14,20,-34,144.0
2015-03-29 15:00:00,2015-03-29 10:00:00,2015-03-29,2015,88,15,-6.4,2.2,366.0,2.03,0.04,17,-33,144.0
2015-03-29 16:00:00,2015-03-29 11:00:00,2015-03-29,2015,88,16,-6.5,3.6,380.0,2.1,-0.34,17,-33,144.0
2015-03-29 17:00:00,2015-03-29 12:00:00,2015-03-29,2015,88,17,-7.8,1.9,381.0,2.14,0.57,17,-36,144.0
2015-03-29 18:00:00,2015-03-29 13:00:00,2015-03-29,2015,88,18,-7.9,2.2,381.0,2.09,0.61,20,-40,144.0
2015-03-29 19:00:00,2015-03-29 14:00:00,2015-03-29,2015,88,19,-7.8,3.2,377.0,1.97,0.38,20,-40,144.0
2015-03-29 20:00:00,2015-03-29 15:00:00,2015-03-29,2015,88,20,-7.0,3.8,366.0,2.08,0.15,20,-37,144.0
2015-03-29 21:00:00,2015-03-29 16:00:00,2015-03-29,2015,88,21,-6.9,2.7,367.0,3.07,0.51,20,-32,144.0
2015-03-29 22:00:00,2015-03-29 17:00:00,2015-03-29,2015,88,22,-7.2,2.0,369.0,2.89,0.81,20,-32,144.0
2015-03-29 23:00:00,2015-03-29 18:00:00,2015-03-29,2015,88,23,-6.2,2.1,362.0,2.84,0.58,20,-31,144.0
2015-03-30 00:00:00,2015-03-29 19:00:00,2015-03-29,2015,89,0,-5.3,1.8,357.0,2.47,0.46,17,-30,133.3
2015-03-30 01:00:00,2015-03-29 20:00:00,2015-03-29,2015,89,1,-4.9,2.3,355.0,2.64,0.18,17,-28,133.3
2015-03-30 02:00:00,2015-03-29 21:00:00,2015-03-29,2015,89,2,-5.6,1.5,357.0,2.64,0.5,17,-26,133.3
2015-03-30 03:00:00,2015-03-29 22:00:00,2015-03-29,2015,89,3,-4.3,1.5,351.0,2.08,0.21,20,-27,133.3
2015-03-30 04:00:00,2015-03-29 23:00:00,2015-03-29,2015,89,4,-5.0,2.6,363.0,1.9,-0.11,20,-26,133.3
2015-03-30 05:00:00,2015-03-30 00:00:00,2015-03-30,2015,89,5,-5.1,0.8,360.0,2.1,0.4,20,-24,133.3
2015-03-30 06:00:00,2015-03-30 01:00:00,2015-03-30,2015,89,6,-4.8,1.1,360.0,1.93,0.18,7,-23,133.3
2015-03-30 07:00:00,2015-03-30 02:00:00,2015-03-30,2015,89,7,-3.9,1.6,348.0,1.59,-0.14,7,-22,133.3
2015-03-30 08:00:00,2015-03-30 03:00:00,2015-03-30,2015,89,8,-4.5,1.8,349.0,1.4,-0.17,7,-19,133.3
2015-03-30 09:00:00,2015-03-30 04:00:00,2015-03-30,2015,89,9,-5.5,-0.1,359.0,1.39,0.5,7,-20,133.3
2015-03-30 10:00:00,2015-03-30 05:00:00,2015-03-30,2015,89,10,-3.9,1.2,345.0,1.25,-0.1,7,-26,133.3
2015-03-30 11:00:00,2015-03-30 06:00:00,2015-03-30,2015,89,11,-0.3,2.1,330.0,0.96,-0.66,7,-26,133.3
2015-03-30 12:00:00,2015-03-30 07:00:00,2015-03-30,2015,89,12,-0.1,1.8,326.0,0.94,-0.55,3,-23,133.3
2015-03-30 13:00:00,2015-03-30 08:00:00,2015-03-30,2015,89,13,-2.7,1.5,324.0,0.95,-0.23,3,-21,133.3
2015-03-30 14:00:00,2015-03-30 09:00:00,2015-03-30,2015,89,14,-3.2,1.6,317.0,0.9,-0.19,3,-23,133.3
2015-03-30 15:00:00,2015-03-30 10:00:00,2015-03-30,2015,89,15,-3.0,2.0,316.0,0.91,-0.28,3,-25,133.3
2015-03-30 16:00:00,2015-03-30 11:00:00,2015-03-30,2015,89,16,-3.0,1.3,314.0,0.94,-0.03,3,-26,133.3
2015-03-30 17:00:00,2015-03-30 12:00:00,2015-03-30,2015,89,17,-3.3,1.5,312.0,0.87,-0.0,3,-26,133.3
2015-03-30 18:00:00,2015-03-30 13:00:00,2015-03-30,2015,89,18,-4.1,0.9,316.0,0.99,0.35,7,-26,133.3
2015-03-30 19:00:00,2015-03-30 14:00:00,2015-03-30,2015,89,19,-4.4,0.6,312.0,0.94,0.5,7,-27,133.3
2015-03-30 20:00:00,2015-03-30 15:00:00,2015-03-30,2015,89,20,-4.4,0.2,312.0,0.86,0.66,7,-26,133.3
2015-03-30 21:00:00,2015-03-30 16:00:00,2015-03-30,2015,89,21,-3.9,-0.6,314.0,0.79,0.82,17,-28,133.3
2015-03-30 22:00:00,2015-03-30 17:00:00,2015-03-30,2015,89,22,-2.3,1.1,303.0,0.59,0.09,17,-29,133.3
2015-03-30 23:00:00,2015-03-30 18:00:00,2015-03-30,2015,89,23,-1.6,1.9,301.0,0.59,-0.21,17,-28,133.3
2015-03-31 00:00:00,2015-03-30 19:00:00,2015-03-30,2015,90,0,-3.4,3.1,313.0,0.71,-0.25,3,-24,127.8
2015-03-31 01:00:00,2015-03-30 20:00:00,2015-03-30,2015,90,1,-4.5,3.1,322.0,0.83,-0.13,3,-20,127.8
2015-03-31 02:00:00,2015-03-30 21:00:00,2015-03-30,2015,90,2,-4.9,2.8,325.0,0.89,-0.03,3,-15,127.8
2015-03-31 03:00:00,2015-03-30 22:00:00,2015-03-30,2015,90,3,-4.7,2.3,319.0,0.82,-0.0,7,-12,127.8
2015-03-31 04:00:00,2015-03-30 23:00:00,2015-03-30,2015,90,4,-4.7,2.0,321.0,0.88,0.03,7,-12,127.8
2015-03-31 05:00:00,2015-03-31 00:00:00,2015-03-31,2015,90,5,-4.9,0.1,326.0,0.94,0.55,7,-14,127.8
2015-03-31 06:00:00,2015-03-31 01:00:00,2015-03-31,2015,90,6,-5.4,1.0,332.0,1.13,0.27,23,-17,127.8
2015-03-31 07:00:00,2015-03-31 02:00:00,2015-03-31,2015,90,7,-5.7,1.5,336.0,1.37,0.07,23,-19,127.8
2015-03-31 08:00:00,2015-03-31 03:00:00,2015-03-31,2015,90,8,-6.6,2.5,343.0,1.91,-0.24,23,-14,127.8
2015-03-31 09:00:00,2015-03-31 04:00:00,2015-03-31,2015,90,9,-10.5,7.2,382.0,4.33,-1.68,23,-8,127.8
2015-03-31 10:00:00,2015-03-31 05:00:00,2015-03-31,2015,90,10,-10.4,8.3,380.0,4.29,-2.17,23,-9,127.8
2015-03-31 11:00:00,2015-03-31 06:00:00,2015-03-31,2015,90,11,-12.6,1.5,378.0,4.72,0.57,23,-5,127.8
2015-03-31 12:00:00,2015-03-31 07:00:00,2015-03-31,2015,90,12,-6.1,8.7,384.0,4.03,-2.65,30,-13,127.8
2015-03-31 13:00:00,2015-03-31 08:00:00,2015-03-31,2015,90,13,-7.7,8.1,402.0,4.71,-2.33,30,-11,127.8
2015-03-31 14:00:00,2015-03-31 09:00:00,2015-03-31,2015,90,14,7.3,12.1,407.0,6.18,-5.58,30,-7,127.8
2015-03-31 15:00:00,2015-03-31 10:00:00,2015-03-31,2015,90,15,11.1,7.5,415.0,5.14,-4.48,30,-5,127.8
2015-03-31 16:00:00,2015-03-31 11:00:00,2015-03-31,2015,90,16,12.3,6.1,402.0,4.54,-4.14,30,-4,127.8
2015-03-31 17:00:00,2015-03-31 12:00:00,2015-03-31,2015,90,17,0.4,0.0,386.0,6.82,-0.08,30,2,127.8
2015-03-31 18:00:00,2015-03-31 13:00:00,2015-03-31,2015,90,18,0.6,5.0,381.0,6.36,-1.79,27,-7,127.8
2015-03-31 19:00:00,2015-03-31 14:00:00,2015-03-31,2015,90,19,11.5,1.2,401.0,4.63,-2.69,27,-9,127.8
2015-03-31 20:00:00,2015-03-31 15:00:00,2015-03-31,2015,90,20,11.3,9.7,423.0,3.01,-5.96,27,-10,127.8
2015-03-31 21:00:00,2015-03-31 16:00:00,2015-03-31,2015,90,21,9.8,10.1,408.0,2.43,-5.63,20,-12,127.8
2015-03-31 22:00:00,2015-03-31 17:00:00,2015-03-31,2015,90,22,8.5,10.5,398.0,2.53,-5.33,20,-12,127.8
2015-03-31 23:00:00,2015-03-31 18:00:00,2015-03-31,2015,90,23,10.1,9.0,400.0,2.66,-5.2,20,-12,127.8
