FECHA,Δh1,Mh1,Mv1,Delta_foF2_1,slope_foF2_1,foF2_max_SW1,foF2_min_SW1,foF2_drop_SW1,num_muestras_foF2_SW1,delta_inicio_SW1_min,delta_fin_SW1_min,extremos_validos_SW1,tiempo_real_SW1_min,Δh2,Mh2,Mv2,Delta_foF2_2,slope_foF2_2,foF2_max_SW2,foF2_min_SW2,foF2_drop_SW2,num_muestras_foF2_SW2,delta_inicio_SW2_min,delta_fin_SW2_min,extremos_validos_SW2,tiempo_real_SW2_min,Δh3,Mh3,Mv3,Delta_foF2_3,slope_foF2_3,foF2_max_SW3,foF2_min_SW3,foF2_drop_SW3,num_muestras_foF2_SW3,delta_inicio_SW3_min,delta_fin_SW3_min,extremos_validos_SW3,tiempo_real_SW3_min,F_DENSITY,Bz_mean_16_19,Bz_min_16_19,Bz_slope_16_19,E_mean_16_19,E_max_16_19,E_slope_16_19,SW_speed_mean_16_19,SW_speed_std_16_19,SW_speed_slope_16_19,Dst_mean_16_19,Dst_min_16_19,Pdyn_mean_16_19,Pdyn_max_16_19,BY_mean_16_19,Kp_last_6h_mean,Kp_last_6h_max,Kp_last_6h_sum,F10.7_Index,num_registros_16_19,num_registros_kp_13_18
2015-03-31,,,,,,,,,0,,,False,,,,,,,,,,0,,,False,,,492.0,,,,10.7,,,1,40.00000000000007,0.0,False,,10.7,7.5,7.5,,-4.89,-4.89,,401.0,,,-13.0,-13,2.35,2.35,11.0,,,,123.9,1,0
2015-04-01,18.0,409.5,0.4,-0.1999999999999993,-0.0044444444444444,10.9,9.0,1.9000000000000004,5,0.0,4.999999999999929,True,45.0,26.400000000000038,381.8,0.8800000000000011,0.0,0.0,9.5,9.0,0.5,3,4.999999999999929,-4.999999999999929,True,30.0,89.0,454.1,1.9777777777777776,0.1999999999999993,0.0044444444444444,9.3,9.0,0.3000000000000007,4,-4.999999999999929,0.0,True,45.0,9.54,0.825,-1.8,1.91,-2.9875,-2.09,-0.6030000000000001,421.0,9.899494936611664,-7.2,-8.5,-11,4.675000000000001,4.94,12.025,20.0,20.0,120.0,123.9,4,6
2015-04-02,64.0,437.6,1.4222222222222225,1.0,0.0222222222222222,13.0,11.7,1.3000000000000007,4,0.0,4.999999999999929,True,45.0,-29.5,437.6,-0.9833333333333332,-1.3999999999999986,-0.0466666666666666,12.7,9.5,3.1999999999999997,3,4.999999999999929,-4.999999999999929,True,30.0,74.59999999999997,482.7,1.6577777777777771,1.3999999999999986,0.031111111111111,12.7,11.3,1.3999999999999986,4,-4.999999999999929,0.0,True,45.0,11.955555555555556,5.05,2.6,0.52,-2.4625,-1.33,-0.1749999999999999,463.75,3.8622100754188224,2.5,-29.5,-35,6.795,7.58,1.925,40.0,47.0,240.0,121.2,4,6
2015-04-03,46.5,449.1,1.0333333333333334,-0.9000000000000004,-0.02,12.3,11.4,0.9000000000000004,4,0.0,4.999999999999929,True,45.0,-24.0,450.7,-0.8,-1.9000000000000004,-0.0633333333333333,11.4,9.5,1.9000000000000004,3,4.999999999999929,-4.999999999999929,True,30.0,63.5,488.6,1.4111111111111112,-1.0999999999999996,-0.0244444444444444,9.5,8.4,1.0999999999999996,4,-4.999999999999929,0.0,True,45.0,10.444444444444445,-1.15,-2.5,0.6799999999999999,-0.1374999999999999,0.5,-0.4429999999999999,551.75,1.707825127659933,1.3,-28.5,-33,2.2175,2.3,2.325,25.0,30.0,150.0,119.8,4,6
2015-04-04,,,,,,,,,0,15.0,4.999999999999929,False,,32.39999999999998,443.9,1.0799999999999992,-0.3000000000000007,-0.01,11.4,10.5,0.9000000000000004,3,4.999999999999929,-4.999999999999929,True,30.0,38.700000000000045,482.6,0.860000000000001,-1.5999999999999996,-0.0355555555555555,11.1,9.5,1.5999999999999996,4,-4.999999999999929,0.0,True,45.0,10.8125,2.725,1.6,-0.5900000000000001,-0.8949999999999999,-0.72,0.144,538.25,14.84082207965583,9.3,-12.5,-15,2.305,2.48,-1.175,18.5,20.0,111.0,122.4,4,6
2015-04-05,-9.400000000000034,366.6,-0.2088888888888896,-1.0,-0.0222222222222222,12.5,11.5,1.0,3,0.0,4.999999999999929,True,45.0,26.100000000000023,383.3,0.8700000000000008,0.0999999999999996,0.0033333333333333,11.6,11.5,0.0999999999999996,3,4.999999999999929,-4.999999999999929,True,30.0,69.09999999999997,452.4,1.535555555555555,-0.0999999999999996,-0.0022222222222222,11.6,11.5,0.0999999999999996,4,-4.999999999999929,0.0,True,45.0,11.75,-1.15,-2.7,0.7,0.2125,0.85,-0.209,564.5,11.030261405182864,-5.8,-13.5,-17,2.0025,2.4,1.15,20.0,30.0,120.0,122.3,4,6
2015-04-06,44.10000000000002,406.4,1.1025000000000005,0.5999999999999996,0.0149999999999999,11.4,10.25,1.1500000000000004,9,0.0,0.0,True,40.0,-15.400000000000034,400.8,-0.3850000000000008,-1.5999999999999996,-0.0399999999999999,11.1,9.5,1.5999999999999996,9,0.0,0.0,True,40.0,61.0,434.4,1.525,-0.8000000000000007,-0.02,9.5,8.7,0.8000000000000007,9,0.0,0.0,True,40.0,10.218,0.4750000000000001,-0.9,-0.97,-0.3849999999999999,0.04,0.28,449.25,3.5,-2.1,-16.25,-19,1.1575,1.25,0.825,8.5,10.0,51.0,125.8,4,6
2015-04-07,4.7000000000000455,363.3,0.1175000000000011,-0.200000000000001,-0.005,11.6,9.3,2.299999999999999,9,0.0,0.0,True,40.0,49.0,384.3,1.225,0.0,0.0,11.2,9.3,1.8999999999999984,9,0.0,0.0,True,40.0,58.79999999999996,438.4,1.4699999999999989,-1.3999999999999986,-0.0349999999999999,10.8,9.1,1.700000000000001,9,0.0,0.0,True,40.0,10.32,0.1249999999999999,-2.6,-0.8299999999999998,-0.4625,0.53,0.251,377.75,6.701989754294367,-4.9,-3.75,-8,1.3425,1.37,2.125,8.0,13.0,48.0,111.4,4,6
2015-04-08,8.5,349.5,0.2125,0.0,0.0,10.5,9.2,1.3000000000000007,9,0.0,0.0,True,40.0,3.6999999999999886,393.7,0.0924999999999997,-1.0,-0.025,10.8,9.0,1.8000000000000007,9,0.0,0.0,True,40.0,95.10000000000002,443.5,2.3775000000000004,0.0,0.0,9.5,9.2,0.3000000000000007,9,0.0,0.0,True,40.0,9.716,-1.35,-3.0,-0.82,0.505,0.7,0.0779999999999999,331.75,2.8722813232690143,2.1,-2.5,-6,1.0225,1.08,-0.7,12.0,17.0,72.0,106.3,4,6
2015-04-09,-35.80000000000001,352.6,-0.7955555555555558,-2.6,-0.0577777777777777,11.5,8.9,2.6,4,0.0,4.999999999999929,True,45.0,95.3,399.6,3.176666666666667,2.4000000000000004,0.08,11.3,8.9,2.4000000000000004,3,4.999999999999929,-4.999999999999929,True,30.0,68.19999999999999,467.8,1.515555555555555,-2.0,-0.0444444444444444,11.3,5.7,5.6000000000000005,4,-4.999999999999929,0.0,True,45.0,9.944444444444445,-4.15,-6.8,-2.3200000000000003,0.9125,4.1,2.315,382.75,2.8722813232690143,1.5,-0.75,-28,6.577500000000001,7.8,2.225,23.5,27.0,141.0,111.6,4,6
2015-04-10,,,,,,,,,0,,,False,,,,,,,,,,0,,,False,,,,,,,,,,0,,,False,,,-10.1,-10.7,-0.2599999999999998,1.5325000000000002,2.16,0.313,376.75,4.5,-3.3,-43.25,-50,1.9025,2.13,8.7,25.0,30.0,150.0,115.5,4,6
2015-04-13,4.099999999999966,404.1,0.0911111111111103,-1.8000000000000007,-0.04,12.3,10.5,1.8000000000000007,4,0.0,4.999999999999929,True,45.0,-2.099999999999966,427.9,-0.0699999999999988,-1.0,-0.0333333333333333,11.0,9.5,1.5,3,4.999999999999929,-4.999999999999929,True,30.0,63.599999999999966,450.7,1.4133333333333329,-0.5,-0.0111111111111111,9.5,9.0,0.5,4,-4.999999999999929,0.0,True,45.0,10.41111111111111,0.5249999999999999,0.4,0.0499999999999999,-0.2324999999999999,-0.09,0.0009999999999999,311.25,8.341662504161466,-6.3,-5.25,-9,3.58,4.02,0.625,10.0,13.0,60.0,142.1,4,6
2015-04-14,,,,,,,,,0,15.0,4.999999999999929,False,,-1.6999999999999886,375.4,-0.0566666666666662,-0.1999999999999993,-0.0066666666666666,8.6,8.4,0.1999999999999993,3,4.999999999999929,-4.999999999999929,True,30.0,19.80000000000001,426.3,0.4400000000000003,0.0,0.0,9.1,7.0,2.1,4,-4.999999999999929,0.0,True,45.0,8.3875,3.7,-7.4,5.720000000000001,-1.8475,1.78,-1.6990000000000005,330.0,4.163331998932265,-1.6,-40.75,-48,6.734999999999999,10.04,4.675,37.0,37.0,222.0,147.7,4,6
2015-04-15,25.400000000000038,376.3,0.6350000000000009,-0.3000000000000007,-0.0075,11.5,11.1,0.4000000000000003,4,0.0,0.0,True,40.0,-92.70000000000005,400.0,-2.64857142857143,-6.699999999999999,-0.1914285714285714,11.3,4.4,6.9,8,0.0,-4.999999999999929,True,35.0,157.0,435.2,3.488888888888889,6.199999999999999,0.1377777777777777,10.8,4.4,6.4,9,-4.999999999999929,0.0,True,45.0,10.05263157894737,0.2,-0.8,-0.36,-0.1425,1.19,0.627,580.0,8.831760866327848,-6.8,-53.0,-54,5.0,5.09,0.0250000000000001,42.0,47.0,252.0,155.7,4,6
2015-04-16,17.80000000000001,421.3,0.4450000000000003,-1.1999999999999993,-0.0299999999999999,10.6,9.1,1.5,9,0.0,0.0,True,40.0,0.0,443.9,0.0,-2.1000000000000005,-0.06,9.3,7.2,2.1000000000000005,7,0.0,-4.999999999999929,True,35.0,15.800000000000011,475.7,0.3160000000000002,-1.6000000000000003,-0.032,7.8,5.6,2.2,8,-4.999999999999929,4.999999999999929,True,50.0,8.595238095238095,-0.925,-3.5,1.61,1.7075,3.98,-1.509,666.75,4.99165971062398,1.7,-78.25,-88,4.63,5.32,-3.475,56.5,60.0,339.0,151.3,4,6
2015-04-17,-29.5,382.2,-0.7375,-1.5999999999999996,-0.0399999999999999,11.6,8.8,2.799999999999999,7,0.0,0.0,True,40.0,58.0,396.4,1.45,0.3000000000000007,0.0075,11.3,9.2,2.1000000000000014,9,0.0,0.0,True,40.0,35.5,473.6,0.8875,-1.0,-0.025,10.8,9.2,1.6000000000000014,9,0.0,0.0,True,40.0,10.286956521739132,0.625,0.1,-0.17,-0.3124999999999999,-0.12,-0.041,595.75,7.041543391425869,-4.7,-42.25,-44,1.9725,2.11,-0.0499999999999999,23.5,27.0,141.0,150.8,4,6
2015-04-18,41.700000000000045,422.6,0.9266666666666676,-0.7999999999999989,-0.0177777777777777,11.6,10.8,0.7999999999999989,4,0.0,4.999999999999929,True,45.0,-34.200000000000045,430.8,-1.1400000000000017,-1.5,-0.05,10.8,9.3,1.5,3,4.999999999999929,-4.999999999999929,True,30.0,77.70000000000005,466.1,1.7266666666666677,-0.200000000000001,-0.0044444444444444,9.4,9.1,0.3000000000000007,4,-4.999999999999929,0.0,True,45.0,10.233333333333333,-0.0999999999999999,-1.5,-0.72,0.1525,1.07,0.525,490.5,5.196152422706632,-3.6,-38.0,-39,1.6375,1.74,-0.5249999999999999,30.0,33.0,180.0,148.9,4,6
2015-04-19,-50.60000000000002,394.6,-1.124444444444445,-1.3999999999999986,-0.031111111111111,10.7,9.3,1.3999999999999986,4,0.0,4.999999999999929,True,45.0,28.19999999999999,414.7,0.9399999999999996,0.1999999999999993,0.0066666666666666,10.3,9.3,1.0,3,4.999999999999929,-4.999999999999929,True,30.0,36.5,408.7,0.8111111111111111,-0.1999999999999993,-0.0044444444444444,9.5,6.6,2.9000000000000004,4,-4.999999999999929,0.0,True,45.0,9.533333333333331,-1.775,-3.6,-0.61,0.8174999999999999,1.11,-0.0789999999999999,397.5,6.757711644237764,-5.2,-29.75,-34,2.76,2.99,-1.0,21.5,23.0,129.0,153.0,4,6
2015-04-20,-16.0,347.0,-0.3555555555555555,-1.3000000000000007,-0.0288888888888889,11.4,10.1,1.3000000000000007,4,0.0,4.999999999999929,True,45.0,,,,,,,,,0,4.999999999999929,10.000000000000073,False,,,,,,,,,,0,10.000000000000073,0.0,False,,11.0125,1.3500000000000003,-4.7,-1.32,-2.185,1.14,0.946,445.25,10.5,7.3,-9.0,-16,5.2325,7.96,7.55,27.0,27.0,162.0,151.0,4,6
2015-04-21,,,,,,,,,0,30.0,4.999999999999929,False,,29.600000000000023,409.6,0.9866666666666676,0.1000000000000014,0.0033333333333333,11.5,11.2,0.3000000000000007,3,4.999999999999929,-4.999999999999929,True,30.0,44.29999999999996,453.9,0.9844444444444436,-0.200000000000001,-0.0044444444444444,11.3,11.0,0.3000000000000007,4,-4.999999999999929,0.0,True,45.0,11.042857142857144,0.15,-2.4,0.86,-0.9325,0.5,-0.475,557.0,6.164414002968976,1.4,-28.5,-32,3.1775,3.37,3.1,30.0,33.0,180.0,155.3,4,6
2015-04-22,33.0,400.0,0.7333333333333333,0.0,0.0,10.2,9.3,0.8999999999999986,4,0.0,4.999999999999929,True,45.0,53.5,427.2,1.7833333333333334,0.0999999999999996,0.0033333333333333,9.5,9.3,0.1999999999999993,3,4.999999999999929,-4.999999999999929,True,30.0,68.10000000000002,495.3,1.513333333333334,-1.0,-0.0222222222222222,9.4,8.4,1.0,4,-4.999999999999929,0.0,True,45.0,9.27777777777778,0.325,-2.9,1.51,-0.9525,0.66,-0.7030000000000001,506.5,2.6457513110645907,0.0,-14.5,-18,2.2675,2.34,3.2,22.0,27.0,132.0,151.8,4,6
2015-04-23,-53.60000000000002,373.5,-1.1911111111111117,-3.5,-0.0777777777777777,12.4,8.9,3.5,4,0.0,4.999999999999929,True,45.0,-14.099999999999966,406.2,-0.4699999999999988,-4.7,-0.1566666666666666,11.5,4.2,7.3,3,4.999999999999929,-4.999999999999929,True,30.0,154.39999999999998,460.2,3.4311111111111106,5.1000000000000005,0.1133333333333333,10.7,4.2,6.499999999999999,4,-4.999999999999929,0.0,True,45.0,9.966666666666669,-0.2249999999999999,-1.0,-0.53,0.03,0.44,0.0599999999999999,404.75,2.753785273643051,2.1,-13.0,-14,1.0525,1.14,0.2249999999999999,8.0,13.0,48.0,142.0,4,6
2015-04-24,-22.399999999999977,348.4,-0.4977777777777772,-1.4000000000000004,-0.0311111111111111,10.0,8.6,1.4000000000000004,4,0.0,4.999999999999929,True,45.0,81.0,407.0,2.7,0.9000000000000004,0.03,9.5,8.5,1.0,3,4.999999999999929,-4.999999999999929,True,30.0,-2.300000000000012,413.1,-0.0511111111111113,-3.3,-0.0733333333333333,9.5,6.2,3.3,4,-4.999999999999929,0.0,True,45.0,8.577777777777778,-0.35,-1.0,0.4199999999999999,0.04,0.34,-0.154,368.75,4.112987559751022,-0.1,-8.5,-9,0.9575,1.04,0.4,1.5,3.0,9.0,136.0,4,6
2015-04-25,-6.2999999999999545,366.5,-0.139999999999999,-1.1999999999999993,-0.0266666666666666,9.4,7.9,1.5,4,0.0,4.999999999999929,True,45.0,76.29999999999995,414.8,2.543333333333332,0.7999999999999989,0.0266666666666666,9.2,7.9,1.299999999999999,3,4.999999999999929,-4.999999999999929,True,30.0,73.10000000000002,479.0,1.624444444444445,-0.6999999999999993,-0.0155555555555555,8.7,8.0,0.6999999999999993,4,-4.999999999999929,0.0,True,45.0,8.588888888888889,1.55,1.1,0.16,-0.4375,-0.13,-0.059,325.25,2.0615528128088303,0.3,0.75,-1,1.755,1.88,0.0249999999999999,1.5,3.0,9.0,127.4,4,6
2015-04-26,91.09999999999997,365.6,2.024444444444444,3.1999999999999997,0.0711111111111111,10.4,6.4,4.0,4,0.0,4.999999999999929,True,45.0,32.30000000000001,366.2,1.076666666666667,-0.0999999999999996,-0.0033333333333333,9.6,9.3,0.2999999999999989,3,4.999999999999929,-4.999999999999929,True,30.0,81.80000000000001,448.0,1.817777777777778,-0.1999999999999993,-0.0044444444444444,9.5,9.3,0.1999999999999993,4,-4.999999999999929,0.0,True,45.0,9.266666666666666,0.525,-1.1,-0.8700000000000001,-0.3299999999999999,0.12,0.172,304.0,2.943920288775949,1.0,0.25,-2,1.83,1.91,1.3,5.0,10.0,30.0,120.0,4,6
2015-04-27,3.3999999999999773,371.9,0.075555555555555,-0.3999999999999986,-0.0088888888888888,11.4,10.8,0.5999999999999996,4,0.0,4.999999999999929,True,45.0,32.80000000000001,391.2,1.0933333333333335,0.0999999999999996,0.0033333333333333,11.0,10.8,0.1999999999999993,3,4.999999999999929,-4.999999999999929,True,30.0,4.699999999999989,425.3,0.1044444444444441,-1.5,-0.0333333333333333,10.9,9.4,1.5,4,-4.999999999999929,0.0,True,45.0,10.744444444444447,-2.675,-3.8,0.53,1.375,1.66,-0.102,300.5,1.7320508075688772,-1.0,-30.5,-36,0.88,0.91,-4.675,15.0,17.0,90.0,108.9,4,6
2015-04-28,106.60000000000002,366.6,2.3688888888888893,2.3000000000000007,0.0511111111111111,8.8,6.5,2.3000000000000007,4,0.0,4.999999999999929,True,45.0,41.0,407.6,1.3666666666666667,0.0,0.0,8.9,8.8,0.0999999999999996,3,4.999999999999929,-4.999999999999929,True,30.0,42.0,451.1,0.9333333333333332,-0.6000000000000014,-0.0133333333333333,8.8,8.0,0.8000000000000007,4,-4.999999999999929,0.0,True,45.0,8.200000000000001,0.1,-0.9,0.42,-0.0624999999999999,0.22,0.0809999999999999,314.5,5.802298395176403,-1.0,-6.25,-10,1.92,2.25,0.175,6.5,10.0,39.0,109.2,4,6
2015-04-29,,,,,,,,,0,30.0,4.999999999999929,False,,16.100000000000023,374.2,0.5366666666666674,-0.1999999999999993,-0.0066666666666666,11.3,10.8,0.5,3,4.999999999999929,-4.999999999999929,True,30.0,30.69999999999999,405.3,0.682222222222222,-0.1000000000000014,-0.0022222222222222,11.0,10.7,0.3000000000000007,4,-4.999999999999929,0.0,True,45.0,11.0,-0.425,-1.4,0.2299999999999999,0.685,1.01,-0.086,292.25,4.645786621588784,3.3,-16.75,-21,2.2775,2.85,-4.275,8.5,10.0,51.0,105.5,4,6
2015-04-30,,,,,,,,,0,15.0,4.999999999999929,False,,11.300000000000011,381.7,0.376666666666667,-0.5999999999999996,-0.0199999999999999,11.0,10.4,0.5999999999999996,3,4.999999999999929,-4.999999999999929,True,30.0,38.10000000000002,419.8,0.8466666666666671,-1.0999999999999996,-0.0244444444444444,10.4,9.3,1.0999999999999996,4,-4.999999999999929,0.0,True,45.0,10.3,2.35,-0.2,-1.4600000000000002,-1.62,-0.81,0.4899999999999999,342.5,3.415650255319866,-2.6,-1.0,-2,1.25,1.28,5.7,15.0,23.0,90.0,103.3,4,6
2015-05-01,13.199999999999989,323.5,0.293333333333333,0.1999999999999993,0.0044444444444444,9.8,9.3,0.5,4,0.0,4.999999999999929,True,45.0,37.0,360.5,1.2333333333333334,-0.0999999999999996,-0.0033333333333333,9.5,9.4,0.0999999999999996,3,4.999999999999929,-4.999999999999929,True,30.0,45.30000000000001,413.7,1.0066666666666668,-0.5999999999999996,-0.0133333333333333,9.4,4.2,5.2,4,-4.999999999999929,0.0,True,45.0,8.788888888888888,1.925,-0.1,-1.5299999999999998,-1.875,-0.45,0.9200000000000002,417.5,11.958260743101398,-8.4,1.5,-4,1.9875,2.24,5.875,15.0,17.0,90.0,101.4,4,6
2015-05-02,31.59999999999997,320.5,0.7022222222222214,1.0,0.0222222222222222,9.7,8.5,1.1999999999999993,4,0.0,4.999999999999929,True,45.0,45.400000000000034,361.6,1.5133333333333343,0.5,0.0166666666666666,10.0,9.5,0.5,3,4.999999999999929,-4.999999999999929,True,30.0,39.39999999999998,401.0,0.8755555555555551,-0.9000000000000004,-0.02,10.0,9.1,0.9000000000000004,4,-4.999999999999929,0.0,True,45.0,9.444444444444445,-1.5,-2.7,0.0199999999999999,-0.1874999999999999,0.77,-0.061,419.0,15.3405779986718,2.0,-14.75,-21,1.135,1.37,3.875,28.5,30.0,171.0,107.3,4,6
2015-05-03,18.400000000000038,331.8,0.4088888888888896,-0.4000000000000003,-0.0088888888888888,11.5,11.1,0.4000000000000003,3,0.0,4.999999999999929,True,45.0,28.30000000000001,360.1,0.9433333333333336,-0.4000000000000003,-0.0133333333333333,11.1,10.7,0.4000000000000003,3,4.999999999999929,-4.999999999999929,True,30.0,33.69999999999999,393.8,0.7488888888888886,-0.3999999999999986,-0.0088888888888888,10.9,10.3,0.5999999999999996,4,-4.999999999999929,0.0,True,45.0,10.925,0.825,-2.0,-0.0499999999999999,-0.8775000000000001,0.19,0.117,385.5,8.06225774829855,2.2,-4.75,-9,1.2,1.38,3.3,10.0,13.0,60.0,112.9,4,6
2015-05-04,-3.7999999999999545,352.4,-0.0844444444444434,-0.8500000000000014,-0.0188888888888889,10.4,9.2,1.200000000000001,4,0.0,4.999999999999929,True,45.0,38.599999999999966,358.7,1.2866666666666655,0.3000000000000007,0.01,9.5,9.2,0.3000000000000007,3,4.999999999999929,-4.999999999999929,True,30.0,50.80000000000001,409.5,1.128888888888889,-0.5,-0.0111111111111111,9.5,9.0,0.5,4,-4.999999999999929,0.0,True,45.0,9.55,1.6,1.0,0.22,-0.7324999999999999,-0.49,-0.103,355.0,4.320493798938574,2.0,-7.0,-10,0.8875000000000001,0.93,1.425,13.5,17.0,81.0,125.4,4,6
2015-05-05,3.8000000000000114,342.2,0.0844444444444447,-0.7000000000000011,-0.0155555555555555,10.4,8.9,1.5,3,0.0,4.999999999999929,True,45.0,50.5,392.7,1.6833333333333331,-0.1999999999999993,-0.0066666666666666,9.7,9.4,0.2999999999999989,3,4.999999999999929,-4.999999999999929,True,30.0,49.400000000000034,442.8,1.0977777777777786,-1.1999999999999993,-0.0266666666666666,9.5,8.3,1.1999999999999993,4,-4.999999999999929,0.0,True,45.0,9.2625,-0.5249999999999999,-1.2,-0.2099999999999999,0.275,0.59,-0.0839999999999999,363.0,7.438637868140466,-5.4,-6.75,-12,1.2025,1.29,-0.625,15.0,20.0,90.0,130.0,4,6
2015-05-06,5.5,389.1,0.1222222222222222,-0.0999999999999996,-0.0022222222222222,9.6,9.0,0.5999999999999996,4,0.0,4.999999999999929,True,45.0,48.700000000000045,411.6,1.6233333333333348,0.3000000000000007,0.01,9.3,,,2,4.999999999999929,-4.999999999999929,True,30.0,10.0,421.6,0.2222222222222222,-0.5,-0.0111111111111111,9.3,8.8,0.5,4,-4.999999999999929,0.0,True,45.0,9.075,6.9,6.2,0.5799999999999998,-4.79,-4.62,0.0839999999999999,430.5,3.1091263510296048,0.0,-15.0,-23,4.9375,6.52,11.125,25.0,33.0,150.0,138.6,4,6
2015-05-07,-84.69999999999999,375.5,-1.882222222222222,-2.4000000000000004,-0.0533333333333333,10.6,8.2,2.4000000000000004,4,0.0,4.999999999999929,True,45.0,46.0,361.9,1.5333333333333334,-4.1,-0.1366666666666666,10.8,4.1,6.700000000000001,3,4.999999999999929,-4.999999999999929,True,30.0,57.89999999999998,394.7,1.2866666666666662,5.200000000000001,0.1155555555555555,9.4,4.1,5.300000000000001,4,-4.999999999999929,0.0,True,45.0,9.077777777777778,0.7,-1.2,0.2399999999999998,0.1,1.07,0.2279999999999999,404.0,7.393691004272944,-3.2,-7.5,-13,2.4475,3.94,-2.075,17.0,17.0,102.0,149.2,4,6
2015-05-08,-42.39999999999998,380.2,-0.9422222222222216,-1.299999999999999,-0.0288888888888888,10.6,9.3,1.299999999999999,4,0.0,4.999999999999929,True,45.0,27.30000000000001,388.7,0.9100000000000004,0.1999999999999993,0.0066666666666666,10.2,9.3,0.8999999999999986,3,4.999999999999929,-4.999999999999929,True,30.0,62.5,425.8,1.3888888888888888,-0.1999999999999993,-0.0044444444444444,9.5,9.3,0.1999999999999993,4,-4.999999999999929,0.0,True,45.0,9.733333333333334,1.65,0.4,-0.82,-0.1,0.23,0.242,386.75,6.701989754294367,-4.9,-10.25,-12,1.7325000000000002,1.82,-2.7750000000000004,7.0,7.0,42.0,152.6,4,6
2015-05-09,63.69999999999999,340.2,1.4155555555555552,2.3999999999999995,0.0533333333333333,9.8,7.2,2.6000000000000005,4,0.0,4.999999999999929,True,45.0,8.800000000000011,349.0,0.2933333333333337,-0.1999999999999993,-0.0066666666666666,9.6,9.0,0.5999999999999996,3,4.999999999999929,-4.999999999999929,True,30.0,42.69999999999999,391.7,0.9488888888888888,-0.0999999999999996,-0.0022222222222222,9.5,8.4,1.0999999999999996,4,-4.999999999999929,0.0,True,45.0,9.083333333333332,0.35,-0.8,-0.58,-0.6950000000000001,-0.49,0.0,364.0,18.239152027072603,-12.2,0.25,-3,1.6324999999999998,3.6,3.75,25.0,27.0,150.0,157.5,4,6
2015-05-10,-11.300000000000011,395.8,-0.2511111111111113,-0.8499999999999996,-0.0188888888888888,10.75,9.8,0.9499999999999992,4,0.0,4.999999999999929,True,45.0,2.400000000000034,377.8,0.0800000000000011,-0.4000000000000003,-0.0133333333333333,9.9,9.5,0.4000000000000003,3,4.999999999999929,-4.999999999999929,True,30.0,27.30000000000001,405.1,0.6066666666666669,-0.1999999999999993,-0.0044444444444444,9.5,9.3,0.1999999999999993,4,-4.999999999999929,0.0,True,45.0,9.772222222222222,-9.55,-11.2,-1.1599999999999997,2.055,2.97,0.6280000000000001,354.0,4.96655480858378,-1.2,-25.25,-29,0.9625,1.43,6.624999999999999,18.5,20.0,111.0,163.1,4,6
2015-05-11,,,,,,,,,0,0.0,-10.000000000000073,False,,,,,,,,,,0,-10.000000000000073,-4.999999999999929,False,,85.69999999999999,477.9,1.904444444444444,-0.5,-0.0111111111111111,9.3,8.8,0.5,4,-4.999999999999929,0.0,True,45.0,9.114285714285714,-0.175,-5.0,-1.59,-0.1975,1.45,0.5349999999999999,345.0,1.4142135623730951,0.0,-24.75,-35,4.1925,4.64,1.7499999999999998,30.0,37.0,180.0,166.2,4,6
2015-05-12,36.60000000000002,401.3,0.8133333333333338,-0.7250000000000014,-0.0161111111111111,11.425,10.7,0.7250000000000014,4,0.0,4.999999999999929,True,45.0,37.69999999999999,439.0,1.2566666666666664,-0.7999999999999989,-0.0266666666666666,10.7,,,2,4.999999999999929,-4.999999999999929,True,30.0,51.89999999999998,495.5,1.1533333333333329,-0.8000000000000007,-0.0177777777777777,9.9,9.1,0.8000000000000007,4,-4.999999999999929,0.0,True,45.0,10.253125,1.225,-2.1,1.41,0.3349999999999999,2.59,0.0579999999999999,479.5,48.58326186386967,35.6,-17.5,-22,6.494999999999999,8.87,-4.75,30.0,30.0,180.0,166.5,4,6
2015-05-13,1.6999999999999886,356.0,0.0377777777777775,-0.6999999999999993,-0.0155555555555555,9.7,9.0,0.6999999999999993,4,0.0,4.999999999999929,True,45.0,42.5,390.2,1.4166666666666667,0.0,0.0,9.5,9.0,0.5,3,4.999999999999929,-4.999999999999929,True,30.0,63.5,449.8,1.4111111111111112,0.0999999999999996,0.0022222222222222,9.1,8.9,0.1999999999999993,4,-4.999999999999929,0.0,True,45.0,9.233333333333333,0.575,-0.6,0.85,0.0874999999999999,1.63,-1.1629999999999998,709.0,15.59914527573012,7.6,-44.75,-63,2.0175,2.35,-1.625,46.5,50.0,279.0,160.3,4,6
2015-05-14,-36.5,383.1,-0.8111111111111111,-1.0,-0.0222222222222222,11.5,10.0,1.5,4,0.0,4.999999999999929,True,45.0,7.799999999999954,393.2,0.2599999999999985,-1.0,-0.0333333333333333,10.9,9.5,1.4000000000000004,3,4.999999999999929,-4.999999999999929,True,30.0,34.900000000000034,413.9,0.7755555555555563,-1.1999999999999993,-0.0266666666666666,9.5,8.3,1.1999999999999993,4,-4.999999999999929,0.0,True,45.0,10.011111111111113,2.0,0.3,0.12,-0.625,0.48,-0.1199999999999999,601.25,18.89223826513594,-13.7,-22.5,-30,1.46,1.62,-1.9,25.0,30.0,150.0,148.2,4,6
2015-05-15,88.59999999999997,372.9,1.968888888888888,1.5,0.0333333333333333,8.6,7.1,1.5,4,0.0,4.999999999999929,True,45.0,49.5,422.4,1.65,0.0,0.0,8.9,8.6,0.3000000000000007,3,4.999999999999929,-4.999999999999929,True,30.0,,,,,,,,,0,-4.999999999999929,-15.0,False,,8.0375,0.8,0.4,-0.0599999999999999,0.0375,0.5,0.215,493.75,6.849574196011505,-2.3,-13.25,-18,1.6625,1.93,-2.025,16.5,20.0,99.0,139.5,4,6
2015-05-18,44.30000000000001,351.6,0.9844444444444448,0.5,0.0111111111111111,9.8,9.3,0.5,4,0.0,4.999999999999929,True,45.0,,,,,,,,,0,4.999999999999929,-19.99999999999993,False,,,,,,,,,,0,,,False,,9.52,-5.4,-13.9,3.66,0.2925000000000001,4.98,-1.963,459.0,4.69041575982343,1.2,-28.5,-47,3.055,3.58,11.15,41.5,53.0,249.0,117.6,4,6
2015-05-19,,,,,,,,,0,0.0,-10.000000000000073,False,,,,,,,,,,0,-10.000000000000073,-4.999999999999929,False,,35.200000000000045,393.1,0.7822222222222233,-0.1999999999999993,-0.0044444444444444,9.5,9.2,0.3000000000000007,4,-4.999999999999929,0.0,True,45.0,9.51875,2.4,-0.1,0.9399999999999998,-1.5125,-0.35,-0.321,506.0,10.23067283548187,-2.0,-19.25,-20,1.965,2.12,1.95,13.5,20.0,81.0,112.9,4,6
2015-05-20,10.199999999999989,362.4,0.2266666666666664,0.0,0.0,9.3,9.2,0.1000000000000014,4,0.0,4.999999999999929,True,45.0,-4.5,353.9,-0.15,-0.5,-0.0166666666666666,9.2,8.7,0.5,3,4.999999999999929,-4.999999999999929,True,30.0,29.400000000000038,378.8,0.6533333333333341,-0.5,-0.0111111111111111,8.7,8.2,0.5,4,-4.999999999999929,0.0,True,45.0,8.844444444444445,-1.275,-1.5,0.19,0.2825,0.36,-0.0649999999999999,400.5,5.066228051190222,-1.6,-24.75,-26,0.2875,0.33,1.1749999999999998,3.5,7.0,21.0,108.2,4,6
2015-05-21,-1.6999999999999886,354.1,-0.0377777777777775,-0.4000000000000003,-0.0088888888888888,9.3,8.9,0.4000000000000003,5,0.0,4.999999999999929,True,45.0,3.300000000000012,355.3,0.1100000000000003,-0.4000000000000003,-0.0133333333333333,8.9,8.5,0.4000000000000003,3,4.999999999999929,-4.999999999999929,True,30.0,34.0,389.3,0.7555555555555555,-0.5999999999999996,-0.0133333333333333,8.5,7.9,0.5999999999999996,4,-4.999999999999929,0.0,True,45.0,8.690000000000001,-1.05,-2.0,-0.18,0.2375,0.99,0.215,394.25,12.12091855705114,6.7,-9.5,-11,0.5075000000000001,0.72,1.0750000000000002,8.5,10.0,51.0,104.3,4,6
2015-05-22,4.300000000000011,383.6,0.0955555555555558,-0.75,-0.0166666666666666,8.85,8.1,0.75,4,0.0,4.999999999999929,True,45.0,26.0,409.6,0.8666666666666667,-0.5999999999999996,-0.0199999999999999,8.1,7.5,0.5999999999999996,3,4.999999999999929,-4.999999999999929,True,30.0,-12.800000000000011,426.5,-0.2844444444444447,-1.5999999999999996,-0.0355555555555555,7.5,5.9,1.5999999999999996,4,-4.999999999999929,0.0,True,45.0,7.605555555555556,1.475,1.1,-0.13,-0.6375,-0.51,0.057,334.25,2.217355782608345,1.1,-3.5,-7,0.4275,0.5,1.475,1.5,3.0,9.0,101.6,4,6
2015-05-23,6.5,320.2,0.1444444444444444,-1.0999999999999996,-0.0244444444444444,11.0,9.9,1.0999999999999996,4,0.0,4.999999999999929,True,45.0,15.199999999999989,335.4,0.5066666666666663,-0.9000000000000004,-0.03,9.9,9.0,0.9000000000000004,3,4.999999999999929,-4.999999999999929,True,30.0,46.400000000000034,382.0,1.031111111111112,-0.5999999999999996,-0.0133333333333333,9.0,8.4,0.5999999999999996,4,-4.999999999999929,0.0,True,45.0,9.522222222222222,-0.125,-0.8,-0.07,0.365,0.62,0.0579999999999999,325.25,0.957427107756338,0.5,3.5,1,2.02,2.3,-2.825,5.0,7.0,30.0,100.2,4,6
2015-05-24,,,,,,,,,0,30.0,4.999999999999929,False,,-19.5,361.6,-0.65,-0.4000000000000003,-0.0133333333333333,8.4,,,2,4.999999999999929,-4.999999999999929,True,30.0,37.19999999999999,405.2,0.8266666666666664,-0.2999999999999998,-0.0066666666666666,8.5,7.7,0.7999999999999998,4,-4.999999999999929,0.0,True,45.0,8.200000000000001,-0.2249999999999998,-1.7,1.13,0.0224999999999999,0.73,-0.311,336.5,2.0816659994661326,-0.6,-4.25,-6,1.4,1.43,0.35,13.0,13.0,78.0,101.2,4,6
2015-05-25,15.5,348.2,0.3875,-0.6500000000000004,-0.01625,9.5,8.7,0.8000000000000007,9,0.0,0.0,True,40.0,28.30000000000001,389.1,0.7075000000000002,-5.4,-0.1349999999999999,8.7,3.3,5.4,9,0.0,0.0,True,40.0,5.5,432.8,0.1375,2.3,0.0574999999999999,7.6,3.3,4.3,8,0.0,0.0,True,40.0,7.935416666666666,-1.275,-1.9,-0.43,0.595,0.83,0.1219999999999999,298.0,1.4142135623730951,-0.8,5.0,2,1.4975,1.53,-2.275,5.0,7.0,30.0,99.0,4,6
2015-05-26,31.69999999999999,346.2,0.7924999999999998,-0.75,-0.01875,9.35,8.6,0.75,7,0.0,0.0,True,40.0,59.80000000000001,409.8,1.4950000000000003,-0.5999999999999996,-0.0149999999999999,8.6,5.8,2.8,9,0.0,0.0,True,40.0,26.600000000000023,434.9,0.6650000000000006,-1.4000000000000004,-0.035,8.0,4.7,3.3,9,0.0,0.0,True,40.0,7.826086956521739,1.425,0.1,0.7500000000000001,-1.1925,-0.93,-0.1709999999999999,317.75,3.4034296427770228,1.3,4.25,1,1.61,1.65,6.925000000000001,10.0,17.0,60.0,97.0,4,6
2015-05-27,43.69999999999999,382.4,1.0924999999999998,-0.3000000000000007,-0.0075,9.0,8.25,0.75,9,0.0,0.0,True,40.0,1.1000000000000227,383.5,0.0275000000000005,-0.6999999999999993,-0.0174999999999999,8.7,8.0,0.6999999999999993,9,0.0,0.0,True,40.0,17.100000000000023,404.0,0.4275000000000005,-0.7999999999999998,-0.0199999999999999,8.0,7.0,1.0,9,0.0,0.0,True,40.0,8.104,-1.1,-3.9,0.4,0.485,1.32,-0.168,287.5,7.852812659593164,-2.6,-10.75,-13,1.24,1.35,-1.875,13.5,20.0,81.0,97.8,4,6
2015-05-28,-1.8999999999999773,315.5,-0.0474999999999994,-0.6999999999999993,-0.0174999999999999,10.0,9.3,0.6999999999999993,9,0.0,0.0,True,40.0,27.69999999999999,338.0,0.6924999999999997,0.0999999999999996,0.0024999999999999,9.8,9.3,0.5,9,0.0,0.0,True,40.0,35.0,372.2,0.875,-0.7000000000000011,-0.0175,9.4,8.6,0.8000000000000007,9,0.0,0.0,True,40.0,9.33,1.825,-1.1,0.65,-1.29,-0.38,-0.2259999999999999,344.75,5.909032633745278,-1.3,6.5,5,2.8875,3.24,6.074999999999999,11.5,13.0,69.0,95.5,4,6
2015-05-29,3.1000000000000227,308.0,0.0775000000000005,0.0500000000000007,0.00125,9.5,9.2,0.3000000000000007,9,0.0,0.0,True,40.0,21.5,328.4,0.5375,-0.3000000000000007,-0.0075,9.4,9.0,0.4000000000000003,6,0.0,0.0,True,40.0,3.1999999999999886,332.9,0.0799999999999997,-0.8000000000000007,-0.02,9.0,8.2,0.8000000000000007,9,0.0,0.0,True,40.0,9.040909090909093,1.65,0.2,-0.2799999999999999,-1.1575000000000002,-0.77,0.089,403.25,6.020797289396148,-0.5,5.75,4,2.03,2.12,4.05,20.0,20.0,120.0,94.8,4,6
2015-05-30,9.5,347.7,0.2111111111111111,-0.75,-0.0166666666666666,9.55,8.8,0.75,4,0.0,4.999999999999929,True,45.0,20.30000000000001,373.7,0.6766666666666671,0.0999999999999996,0.0033333333333333,9.1,8.8,0.2999999999999989,3,4.999999999999929,-4.999999999999929,True,30.0,30.899999999999977,397.2,0.6866666666666662,-0.5999999999999996,-0.0133333333333333,8.9,8.3,0.5999999999999996,4,-4.999999999999929,0.0,True,45.0,8.916666666666666,-1.25,-2.5,-0.5,0.045,0.55,0.152,392.25,4.7871355387816905,-3.5,2.0,0,1.6025,1.7,3.3,11.5,13.0,69.0,97.7,4,6
2015-05-31,-31.700000000000045,349.1,-0.7044444444444454,-0.75,-0.0166666666666666,9.65,8.8,0.8499999999999996,4,0.0,4.999999999999929,True,45.0,3.6000000000000227,321.0,0.1200000000000007,0.5,0.0166666666666666,9.3,,,2,4.999999999999929,-4.999999999999929,True,30.0,29.0,366.7,0.6444444444444445,-0.9000000000000004,-0.02,9.3,8.4,0.9000000000000004,4,-4.999999999999929,0.0,True,45.0,9.1625,-1.825,-4.0,-1.67,0.13,1.29,0.786,355.0,9.201449161228174,-4.0,7.75,3,1.8725,2.0,4.15,13.5,17.0,81.0,97.0,4,6
2015-06-01,-41.80000000000001,313.2,-0.9288888888888892,-2.5500000000000007,-0.0566666666666666,9.8,7.1,2.700000000000001,4,0.0,4.999999999999929,True,45.0,34.69999999999999,306.2,1.1566666666666665,0.1000000000000005,0.0033333333333333,9.7,7.1,2.6,3,4.999999999999929,-4.999999999999929,True,30.0,31.400000000000038,329.8,0.6977777777777785,0.9999999999999992,0.0222222222222222,8.5,7.2,1.2999999999999998,4,-4.999999999999929,0.0,True,45.0,8.694444444444445,2.7,2.0,0.5599999999999998,-0.9225,-0.24,0.079,335.25,3.774917217635375,-0.3,0.5,-6,1.41,1.46,0.5250000000000001,15.0,23.0,90.0,103.2,4,6
2015-06-02,4.900000000000034,340.4,0.1088888888888896,0.25,0.0055555555555555,9.35,8.95,0.4000000000000003,4,0.0,4.999999999999929,True,45.0,-8.100000000000023,328.3,-0.2700000000000007,-0.6999999999999993,-0.0233333333333333,9.2,,,2,4.999999999999929,-4.999999999999929,True,30.0,32.80000000000001,366.7,0.7288888888888891,-0.4000000000000003,-0.0088888888888888,8.7,8.1,0.5999999999999996,4,-4.999999999999929,0.0,True,45.0,8.825,2.075,1.6,0.3299999999999999,-0.81,-0.59,-0.12,314.25,3.4034296427770228,1.7,10.0,8,1.125,1.16,2.075,3.0,3.0,18.0,103.9,4,6
2015-06-03,-12.899999999999975,316.2,-0.2866666666666662,-0.25,-0.0055555555555555,9.0,8.6,0.4000000000000003,4,0.0,4.999999999999929,True,45.0,20.80000000000001,321.1,0.6933333333333337,-0.0999999999999996,-0.0033333333333333,8.6,8.5,0.0999999999999996,3,4.999999999999929,-4.999999999999929,True,30.0,30.59999999999997,351.7,0.6799999999999993,-0.7999999999999998,-0.0177777777777777,8.5,7.3,1.2000000000000002,4,-4.999999999999929,0.0,True,45.0,8.394444444444444,1.5499999999999998,0.5,0.0999999999999999,-0.7175,-0.52,0.065,307.5,7.767453465154029,-6.0,7.25,6,1.225,1.31,2.875,5.0,7.0,30.0,111.6,4,6
2015-06-04,-22.19999999999999,340.9,-0.493333333333333,-0.25,-0.0055555555555555,8.25,7.9,0.3499999999999996,4,0.0,4.999999999999929,True,45.0,38.5,357.3,1.2833333333333334,0.1999999999999993,0.0066666666666666,8.5,7.9,0.5999999999999996,3,4.999999999999929,-4.999999999999929,True,30.0,,,,,,,,,0,-4.999999999999929,-15.0,False,,8.15,0.125,-0.4,-0.41,-0.2,0.08,0.202,271.75,3.5,-2.1,9.75,9,0.8525,0.91,2.075,5.0,10.0,30.0,121.4,4,6
2015-06-05,21.5,345.5,0.4777777777777778,-0.3499999999999996,-0.0077777777777777,9.25,8.5,0.75,4,0.0,4.999999999999929,True,45.0,,,,,,,,,0,4.999999999999929,10.000000000000073,False,,,,,,,,,,0,10.000000000000073,0.0,False,,8.546875,-0.0499999999999999,-0.6,-0.2399999999999999,-0.305,-0.14,0.054,286.5,3.415650255319866,-1.4,19.25,16,1.8125,1.9,3.975,3.0,3.0,18.0,129.7,4,6
2015-06-06,-33.19999999999999,358.4,-0.7377777777777775,-1.0749999999999993,-0.0238888888888888,8.475,7.4,1.0749999999999993,4,0.0,4.999999999999929,True,45.0,29.0,375.1,0.9666666666666668,-0.1000000000000005,-0.0033333333333333,8.2,7.3,0.8999999999999995,3,4.999999999999929,-4.999999999999929,True,30.0,12.5,395.4,0.2777777777777778,-3.0,-0.0666666666666666,8.1,4.3,3.8,4,-4.999999999999929,0.0,True,45.0,7.491666666666666,1.6,-1.7,1.38,-0.6925,0.22,-0.375,311.5,5.916079783099616,-4.0,17.0,16,2.1975,2.31,2.6499999999999995,7.0,7.0,42.0,136.6,4,6
2015-06-07,-9.699999999999989,314.5,-0.2155555555555553,0.0,0.0,9.3,8.9,0.4000000000000003,4,0.0,4.999999999999929,True,45.0,47.30000000000001,352.1,1.576666666666667,0.4000000000000003,0.0133333333333333,9.3,8.9,0.4000000000000003,3,4.999999999999929,-4.999999999999929,True,30.0,-43.900000000000034,352.1,-0.9755555555555564,-1.4000000000000004,-0.0311111111111111,9.3,7.9,1.4000000000000004,4,-4.999999999999929,0.0,True,45.0,8.855555555555558,2.8,-1.0,0.78,-0.0899999999999999,1.12,-0.162,368.75,9.358596760910972,6.7,18.5,14,6.4575,6.75,-9.2,30.0,30.0,180.0,141.4,4,6
2015-06-08,37.5,385.4,0.8333333333333334,-0.1000000000000014,-0.0022222222222222,9.3,9.1,0.200000000000001,4,0.0,4.999999999999929,True,45.0,-4.5,385.4,-0.15,-0.1999999999999993,-0.0066666666666666,9.2,7.1,2.1,3,4.999999999999929,-4.999999999999929,True,30.0,,,,,,,,,0,-4.999999999999929,-15.0,False,,8.6125,1.375,1.2,0.17,-0.6799999999999999,0.06,-0.486,626.75,7.932002689527196,4.1,-39.25,-48,2.5424999999999995,2.79,-0.9499999999999998,37.0,37.0,222.0,138.2,4,6
2015-06-09,-38.69999999999999,393.9,-0.9674999999999996,-0.4499999999999993,-0.0112499999999999,9.75,9.3,0.4499999999999993,9,0.0,0.0,True,40.0,23.100000000000023,384.9,0.6600000000000007,-0.5,-0.0142857142857142,9.3,8.5,0.8000000000000007,8,0.0,-4.999999999999929,True,35.0,8.399999999999977,400.2,0.1866666666666661,-0.4000000000000003,-0.0088888888888888,8.9,8.4,0.5,9,-4.999999999999929,0.0,True,45.0,9.0125,0.1,-0.3,0.2,0.295,0.82,-0.1979999999999999,614.25,9.215023964519393,-3.5,-26.25,-32,2.05,2.16,-2.275,25.0,27.0,150.0,140.6,4,6
2015-06-10,3.1000000000000227,370.3,0.0775000000000005,-0.4000000000000003,-0.01,9.5,8.2,1.3000000000000007,9,0.0,0.0,True,40.0,36.80000000000001,382.3,0.9200000000000004,-0.0999999999999996,-0.0024999999999999,9.5,8.5,1.0,9,0.0,0.0,True,40.0,7.799999999999954,389.9,0.1949999999999988,-0.4000000000000003,-0.01,9.2,8.5,0.6999999999999993,9,0.0,0.0,True,40.0,8.978,0.6749999999999999,-1.0,-0.8099999999999999,-0.2075,0.85,0.547,617.5,7.767453465154029,-2.8,-18.25,-23,2.13,2.26,-1.3250000000000002,25.0,27.0,150.0,139.5,4,6
2015-06-11,2.6999999999999886,357.4,0.0599999999999997,0.2999999999999989,0.0066666666666666,9.55,8.9,0.6500000000000004,9,-4.999999999999929,0.0,True,45.0,26.0,365.9,0.65,0.0,0.0,9.2,8.8,0.3999999999999986,9,0.0,0.0,True,40.0,37.30000000000001,403.2,0.9325000000000004,-0.2999999999999989,-0.0074999999999999,9.2,8.8,0.3999999999999986,9,0.0,0.0,True,40.0,9.172916666666666,0.225,-0.1,-0.13,0.1624999999999999,0.35,0.0649999999999999,509.75,8.5,-5.9,-14.75,-18,1.4275,1.5,-2.225,13.0,13.0,78.0,144.2,4,6
2015-06-12,28.80000000000001,381.6,0.6400000000000002,-0.0499999999999989,-0.001111111111111,9.1,8.8,0.2999999999999989,4,0.0,4.999999999999929,True,45.0,-23.5,392.6,-0.7833333333333333,-0.6000000000000014,-0.02,8.8,8.2,0.6000000000000014,3,4.999999999999929,-4.999999999999929,True,30.0,32.30000000000001,387.0,0.7177777777777781,-0.6999999999999993,-0.0155555555555555,8.2,4.7,3.499999999999999,4,-4.999999999999929,0.0,True,45.0,8.06111111111111,0.8500000000000001,-2.5,-1.46,-0.845,0.88,0.68,510.0,20.37972849017703,13.4,5.75,5,3.02,3.72,3.55,17.0,17.0,102.0,141.0,4,6
2015-06-13,-15.200000000000044,361.0,-0.3377777777777788,0.0,0.0,9.8,8.8,1.0,4,0.0,4.999999999999929,True,45.0,12.400000000000034,348.3,0.4133333333333345,0.0,0.0,9.5,9.2,0.3000000000000007,3,4.999999999999929,-4.999999999999929,True,30.0,39.69999999999999,388.0,0.882222222222222,-1.5,-0.0333333333333333,9.5,8.0,1.5,4,-4.999999999999929,0.0,True,45.0,9.11111111111111,-0.6749999999999999,-4.5,-1.89,0.25,2.46,1.052,485.5,10.723805294763608,3.6,-4.0,-9,4.3325,6.57,0.7499999999999999,21.5,23.0,129.0,140.3,4,6
2015-06-14,-29.900000000000038,374.6,-0.6644444444444452,-0.3499999999999996,-0.0077777777777777,8.75,8.15,0.5999999999999996,4,0.0,4.999999999999929,True,45.0,,,,,,,,,0,4.999999999999929,10.000000000000073,False,,,,,,,,,,0,10.000000000000073,0.0,False,,7.775,2.9,1.8,0.3199999999999999,-1.8675,-0.8,-0.1190000000000001,566.5,14.977761292440649,10.8,-11.75,-14,3.08,3.77,2.075,27.0,27.0,162.0,135.8,4,6
2015-06-15,7.300000000000011,372.5,0.1622222222222224,-0.3500000000000014,-0.0077777777777778,9.55,9.2,0.3500000000000014,4,0.0,4.999999999999929,True,45.0,21.5,394.0,0.7166666666666667,-0.7999999999999989,-0.0266666666666666,9.2,8.4,0.7999999999999989,3,4.999999999999929,-4.999999999999929,True,30.0,-47.19999999999999,394.0,-1.0488888888888883,-1.2000000000000002,-0.0266666666666666,8.4,7.2,1.2000000000000002,4,-4.999999999999929,0.0,True,45.0,8.638888888888891,-1.45,-2.6,-0.92,0.2225,0.78,0.337,515.75,10.04572877727976,5.3,-17.5,-20,2.4075,2.78,4.6,25.0,27.0,150.0,139.1,4,6
2015-06-16,-2.300000000000012,372.8,-0.0511111111111113,0.5,0.0111111111111111,8.9,7.8,1.1000000000000003,4,0.0,4.999999999999929,True,45.0,9.5,341.6,0.3166666666666666,-0.200000000000001,-0.0066666666666667,8.8,8.4,0.4000000000000003,3,4.999999999999929,-4.999999999999929,True,30.0,38.19999999999999,373.5,0.8488888888888886,0.3000000000000007,0.0066666666666666,8.9,8.2,0.7000000000000011,4,-4.999999999999929,0.0,True,45.0,8.47777777777778,2.875,0.3,-0.51,-2.0700000000000003,-0.63,0.436,540.75,19.27649691550136,-13.3,-7.25,-8,2.7825,3.19,4.675,18.5,20.0,111.0,140.5,4,6
2015-06-17,10.100000000000025,396.4,0.2525000000000005,0.0499999999999989,0.0012499999999999,9.394,8.65,0.7439999999999998,9,0.0,0.0,True,40.0,-13.300000000000011,385.7,-0.3800000000000003,0.1000000000000014,0.0028571428571428,9.1,8.7,0.4000000000000003,4,0.0,-4.999999999999929,True,35.0,52.30000000000001,396.3,1.1622222222222225,-0.7000000000000011,-0.0155555555555555,8.8,7.8,1.0000000000000009,4,-4.999999999999929,0.0,True,45.0,8.7996,3.0500000000000003,0.1,-1.44,-1.5174999999999998,-0.22,0.627,442.75,8.180260794538684,-5.9,-26.0,-28,0.9675,1.14,2.15,8.5,10.0,51.0,140.2,4,6
2015-06-18,16.900000000000034,374.8,0.3755555555555563,-0.25,-0.0055555555555555,9.05,8.7,0.3500000000000014,4,0.0,4.999999999999929,True,45.0,1.3000000000000114,376.1,0.0433333333333337,-0.4000000000000003,-0.0133333333333333,8.8,8.4,0.4000000000000003,3,4.999999999999929,-4.999999999999929,True,30.0,32.39999999999998,408.5,0.7199999999999995,-0.6000000000000005,-0.0133333333333333,8.4,7.8,0.6000000000000005,4,-4.999999999999929,0.0,True,45.0,8.483333333333333,0.1999999999999999,-3.3,-2.16,-0.285,1.27,0.966,413.0,9.055385138137416,-5.4,-13.5,-17,0.675,0.72,2.2,6.5,10.0,39.0,155.7,4,6
2015-06-19,-10.0,333.7,-0.2222222222222222,0.0499999999999989,0.001111111111111,9.8,9.55,0.25,4,0.0,4.999999999999929,True,45.0,11.800000000000011,332.0,0.3933333333333337,-0.1999999999999993,-0.0066666666666666,9.6,9.1,0.5,3,4.999999999999929,-4.999999999999929,True,30.0,,,,,,,,,0,-4.999999999999929,-15.0,False,,9.2375,0.0749999999999999,-0.4,-0.25,-0.215,-0.03,0.124,325.5,14.177446878757824,-10.6,-7.25,-9,0.4925,0.53,2.975,1.5,3.0,9.0,141.8,4,6
2015-06-20,-9.699999999999989,344.4,-0.2155555555555553,0.75,0.0166666666666666,8.5,7.75,0.75,4,0.0,4.999999999999929,True,45.0,-4.899999999999977,334.7,-0.1633333333333325,-0.3000000000000007,-0.01,8.5,8.2,0.3000000000000007,3,4.999999999999929,-4.999999999999929,True,30.0,2.3999999999999773,332.2,0.0533333333333328,-0.8999999999999995,-0.0199999999999999,8.2,7.3,0.8999999999999995,4,-4.999999999999929,0.0,True,45.0,7.9944444444444445,-0.3,-0.7,-0.0599999999999999,-0.145,-0.0,0.0259999999999999,302.25,4.112987559751022,2.9,4.75,3,1.2125,1.44,4.15,1.5,3.0,9.0,139.8,4,6
2015-06-21,-16.599999999999966,351.7,-0.3688888888888881,-0.3500000000000005,-0.0077777777777777,7.95,7.6,0.3500000000000005,4,0.0,4.999999999999929,True,45.0,44.599999999999966,379.7,1.4866666666666657,0.0,0.0,7.6,7.4,0.1999999999999993,3,4.999999999999929,-4.999999999999929,True,30.0,-6.5,384.6,-0.1444444444444444,-1.0,-0.0222222222222222,7.6,6.6,1.0,3,-4.999999999999929,0.0,True,45.0,7.5375,3.1250000000000004,1.3,0.07,-1.265,-0.17,-0.236,341.5,5.5677643628300215,-2.8,20.25,13,4.5,7.01,3.7,25.0,27.0,150.0,136.0,4,6
2015-06-22,-13.199999999999989,364.1,-0.293333333333333,0.450000000000001,0.01,9.3,7.8,1.5000000000000009,4,0.0,4.999999999999929,True,45.0,13.699999999999989,341.9,0.4566666666666663,-1.5000000000000009,-0.05,9.3,7.8,1.5000000000000009,3,4.999999999999929,-4.999999999999929,True,30.0,-19.0,341.9,-0.4222222222222222,-0.7999999999999998,-0.0177777777777777,7.8,7.0,0.7999999999999998,4,-4.999999999999929,0.0,True,45.0,8.094444444444443,10.0,1.6,3.8400000000000007,-7.71,-3.27,-2.032,653.25,4.193248541803041,-1.3,-95.5,-100,26.63,30.58,11.5,68.0,83.0,408.0,255.0,4,6
2015-06-23,-13.699999999999989,394.5,-0.3044444444444442,-0.6499999999999995,-0.0144444444444444,7.05,6.4,0.6499999999999995,4,0.0,4.999999999999929,True,45.0,-54.0,369.1,-1.8,-1.2000000000000002,-0.04,6.4,5.2,1.2000000000000002,3,4.999999999999929,-4.999999999999929,True,30.0,89.09999999999997,404.2,1.9799999999999995,1.3999999999999997,0.0311111111111111,6.6,5.2,1.3999999999999997,4,-4.999999999999929,0.0,True,45.0,6.261111111111111,-1.35,-3.1,-0.0599999999999999,0.3399999999999999,1.89,0.3959999999999999,563.5,18.484227510682363,10.4,-91.0,-96,1.05,1.44,4.725,35.0,37.0,210.0,119.9,4,6
2015-06-24,-7.599999999999966,353.1,-0.1688888888888881,-0.25,-0.0055555555555555,7.85,7.4,0.4499999999999993,4,0.0,4.999999999999929,True,45.0,35.80000000000001,363.6,1.1933333333333338,0.3999999999999994,0.0133333333333333,7.8,7.4,0.3999999999999994,3,4.999999999999929,-4.999999999999929,True,30.0,-28.0,363.6,-0.6222222222222222,-1.5,-0.0333333333333333,7.8,6.3,1.5,4,-4.999999999999929,0.0,True,45.0,7.416666666666667,1.275,0.7,-0.4299999999999999,-1.1025,-0.51,0.327,638.0,2.449489742783178,-0.4,-51.75,-54,2.7775,3.62,3.1,18.5,27.0,111.0,113.1,4,6
2015-06-25,23.100000000000023,357.7,0.5133333333333339,-0.25,-0.0055555555555555,8.35,8.1,0.25,4,0.0,4.999999999999929,True,45.0,25.0,374.0,0.8333333333333334,0.3000000000000007,0.01,8.5,8.1,0.4000000000000003,3,4.999999999999929,-4.999999999999929,True,30.0,32.5,406.5,0.7222222222222222,-0.8000000000000007,-0.0177777777777777,8.4,7.6,0.8000000000000007,4,-4.999999999999929,0.0,True,45.0,8.21111111111111,-1.15,-2.4,-0.9,0.6225,1.26,0.5010000000000001,537.25,11.086778913041726,-8.3,-64.75,-71,1.2975,1.61,-0.475,30.0,33.0,180.0,105.2,4,6
2015-06-26,4.099999999999966,328.2,0.0911111111111103,-0.6500000000000004,-0.0144444444444444,8.85,8.2,0.6500000000000004,4,0.0,4.999999999999929,True,45.0,9.0,334.7,0.3,-0.5999999999999996,-0.0199999999999999,8.2,7.6,0.5999999999999996,3,4.999999999999929,-4.999999999999929,True,30.0,11.800000000000011,346.5,0.2622222222222224,-0.3999999999999994,-0.0088888888888888,7.8,7.2,0.5999999999999996,4,-4.999999999999929,0.0,True,45.0,7.983333333333334,-1.25,-2.9,-0.7,0.5575,1.29,0.303,470.75,5.188127472091127,3.9,-39.0,-44,1.3,1.4,0.375,15.0,27.0,90.0,104.6,4,6
2015-06-30,55.80000000000001,383.5,1.2400000000000002,0.5499999999999998,0.0122222222222222,8.1,6.65,1.4499999999999993,4,0.0,4.999999999999929,True,45.0,-33.89999999999998,383.5,-1.1299999999999992,0.0,0.0,8.1,8.1,0.0,3,4.999999999999929,-4.999999999999929,True,30.0,-49.30000000000001,357.2,-1.0955555555555558,-2.1999999999999997,-0.0488888888888888,8.1,5.9,2.1999999999999997,4,-4.999999999999929,0.0,True,45.0,7.422222222222222,-0.25,-0.9,-0.28,0.075,0.22,0.028,364.75,1.5,0.9,-8.25,-12,2.8625,4.0,0.475,20.0,23.0,120.0,104.2,4,6
2015-07-01,-23.09999999999997,335.7,-0.5133333333333325,0.25,0.0055555555555555,8.5,8.25,0.25,4,0.0,4.999999999999929,True,45.0,-8.5,312.6,-0.2833333333333333,-0.4000000000000003,-0.0133333333333333,8.5,8.1,0.4000000000000003,3,4.999999999999929,-4.999999999999929,True,30.0,10.099999999999966,323.4,0.2244444444444437,-0.1999999999999993,-0.0044444444444444,8.1,7.9,0.1999999999999993,4,-4.999999999999929,0.0,True,45.0,8.225000000000001,0.825,-0.1,0.1499999999999999,-0.425,-0.04,-0.06,395.25,2.217355782608345,-0.7,-21.0,-23,1.085,1.2,2.475,3.5,7.0,21.0,113.3,4,6
2015-07-02,31.899999999999977,394.4,0.7088888888888883,-0.3499999999999996,-0.0077777777777777,7.95,7.5,0.4500000000000002,4,0.0,4.999999999999929,True,45.0,7.800000000000011,382.7,0.2600000000000004,-0.4000000000000003,-0.0133333333333333,7.5,7.1,0.4000000000000003,3,4.999999999999929,-4.999999999999929,True,30.0,7.199999999999989,389.9,0.1599999999999997,-0.6999999999999993,-0.0155555555555555,7.1,6.4,0.6999999999999993,4,-4.999999999999929,0.0,True,45.0,7.26111111111111,0.6,0.4,0.1399999999999999,-0.2625,-0.17,-0.0569999999999999,338.25,2.6299556396765835,-1.7,-13.0,-15,0.9075,1.0,1.6999999999999995,3.0,3.0,18.0,117.6,4,6
2015-07-03,13.800000000000011,360.5,0.3066666666666669,0.5500000000000007,0.0122222222222222,9.3,8.75,0.5500000000000007,4,0.0,4.999999999999929,True,45.0,-23.900000000000038,347.3,-0.7966666666666679,-0.7000000000000011,-0.0233333333333333,9.3,8.6,0.7000000000000011,3,4.999999999999929,-4.999999999999929,True,30.0,6.400000000000034,340.5,0.1422222222222229,-0.8999999999999995,-0.0199999999999999,8.6,7.7,0.8999999999999995,4,-4.999999999999929,0.0,True,45.0,8.722222222222221,1.6999999999999995,1.4,-0.1599999999999999,-0.46,-0.38,0.048,311.0,1.4142135623730951,0.2,-1.75,-3,1.8975,2.05,-2.475,3.0,3.0,18.0,116.1,4,6
2015-07-04,-21.80000000000001,360.7,-0.4844444444444447,0.450000000000001,0.01,9.3,8.45,0.8500000000000014,4,0.0,4.999999999999929,True,45.0,-5.0,338.9,-0.1666666666666666,-0.4000000000000003,-0.0133333333333333,9.3,8.7,0.6000000000000014,3,4.999999999999929,-4.999999999999929,True,30.0,47.0,380.9,1.0444444444444445,-0.4000000000000003,-0.0088888888888888,8.9,8.5,0.4000000000000003,3,-4.999999999999929,0.0,True,45.0,8.775,-4.325,-7.2,0.57,2.6,4.43,-0.5199999999999998,526.5,40.60788100849391,-30.2,-56.0,-64,5.452500000000001,5.69,-6.699999999999999,51.5,53.0,309.0,120.7,4,6
2015-07-05,,,,,,,,,0,0.0,-10.000000000000073,False,,,,,,,,,,0,-10.000000000000073,-4.999999999999929,False,,0.5999999999999659,378.9,0.0133333333333325,0.200000000000001,0.0044444444444444,8.4,8.2,0.200000000000001,4,-4.999999999999929,0.0,True,45.0,8.142857142857142,-0.5,-1.8,-0.8400000000000001,0.38,1.05,0.454,519.0,8.04155872120988,5.4,-38.25,-41,1.9975,2.14,-3.025,27.0,27.0,162.0,129.0,4,6
2015-07-06,-18.80000000000001,381.0,-0.417777777777778,-0.1500000000000003,-0.0033333333333333,8.6,8.0,0.5999999999999996,4,0.0,4.999999999999929,True,45.0,21.80000000000001,374.7,0.726666666666667,0.1999999999999993,0.0066666666666666,8.2,8.0,0.1999999999999993,3,4.999999999999929,-4.999999999999929,True,30.0,41.400000000000034,416.1,0.9200000000000008,-0.8999999999999995,-0.0199999999999999,8.2,5.9,2.299999999999999,4,-4.999999999999929,0.0,True,45.0,7.800000000000001,2.225,-0.3,-0.99,-0.98,0.25,0.484,496.0,11.916375287812984,7.8,-33.75,-37,1.015,1.23,-3.375,16.5,23.0,99.0,137.9,4,6
2015-07-07,-13.399999999999975,353.7,-0.3349999999999994,-0.8500000000000005,-0.02125,7.65,5.9,1.75,9,0.0,0.0,True,40.0,6.599999999999966,377.0,0.1649999999999991,-0.2999999999999998,-0.0074999999999999,8.1,6.5,1.5999999999999996,8,0.0,0.0,True,40.0,89.0,396.7,2.225,0.5,0.0125,7.3,6.5,0.7999999999999998,9,0.0,0.0,True,40.0,7.2375,-1.15,-1.5,0.2,0.52,0.67,-0.082,415.0,4.0,0.8,-27.25,-28,0.715,0.77,-1.7999999999999998,13.5,17.0,81.0,137.1,4,6
2015-07-08,1.8000000000000114,390.2,0.0450000000000002,0.5500000000000007,0.01375,9.3,8.6,0.7000000000000011,9,0.0,0.0,True,40.0,1.8999999999999773,381.3,0.0474999999999994,-0.7000000000000011,-0.0175,9.3,8.6,0.7000000000000011,9,0.0,0.0,True,40.0,36.5,414.5,0.9125,-0.8999999999999995,-0.0224999999999999,8.6,5.8,2.8,9,0.0,0.0,True,40.0,8.583,1.225,-0.1,0.31,-0.3849999999999999,0.11,-0.126,362.25,5.560275772537426,1.1,-11.25,-13,1.17,1.19,-2.55,11.5,13.0,69.0,133.2,4,6
2015-07-09,9.599999999999966,365.4,0.2742857142857133,0.0499999999999989,0.0014285714285713,9.1,8.4,0.6999999999999993,8,0.0,-5.000000000000142,True,35.0,-24.09999999999997,353.4,-0.5355555555555548,-0.4000000000000003,-0.0088888888888888,9.1,,,2,-5.000000000000142,0.0,True,45.0,18.59999999999997,353.4,0.4649999999999991,-0.3999999999999986,-0.0099999999999999,8.9,8.3,0.5999999999999996,9,0.0,0.0,True,40.0,8.764705882352942,-0.55,-1.6,-0.36,0.2175,0.6,0.101,351.25,3.304037933599835,-2.5,-11.25,-15,1.175,1.23,-1.825,10.0,10.0,60.0,126.0,4,6
2015-07-10,10.399999999999975,398.7,0.2599999999999994,-0.8500000000000014,-0.02125,9.05,7.8,1.2500000000000009,9,0.0,0.0,True,40.0,32.19999999999999,430.2,0.8049999999999997,-0.7999999999999989,-0.0199999999999999,8.2,7.4,0.7999999999999989,9,0.0,0.0,True,40.0,5.100000000000023,447.1,0.1275000000000005,-1.1000000000000003,-0.0275,7.4,5.9,1.5,8,0.0,0.0,True,40.0,7.729166666666667,-2.8,-7.6,-3.1599999999999997,1.425,3.83,1.4380000000000002,426.5,67.57958271549181,51.0,14.0,1,12.675,20.2,-1.8500000000000003,35.0,47.0,210.0,133.3,4,6
2015-07-11,4.699999999999989,351.5,0.1044444444444441,-0.25,-0.0055555555555555,9.25,8.4,0.8499999999999996,4,0.0,4.999999999999929,True,45.0,-2.6000000000000227,351.5,-0.0866666666666674,-0.5,-0.0166666666666666,8.4,7.9,0.5,3,4.999999999999929,-4.999999999999929,True,30.0,76.30000000000001,425.2,1.6955555555555557,0.1999999999999993,0.0044444444444444,8.2,7.8,0.3999999999999994,4,-4.999999999999929,0.0,True,45.0,8.344444444444443,0.275,-1.1,-0.89,-0.2075,0.66,0.549,601.25,5.737304826019502,-0.1,-24.5,-27,2.31,2.96,2.375,33.5,37.0,201.0,124.3,4,6
2015-07-12,-8.800000000000011,364.2,-0.1955555555555558,-0.9500000000000012,-0.0211111111111111,9.05,8.1,0.9500000000000012,4,0.0,4.999999999999929,True,45.0,7.100000000000023,362.5,0.2366666666666674,0.200000000000001,0.0066666666666667,8.3,7.9,0.4000000000000003,3,4.999999999999929,-4.999999999999929,True,30.0,27.19999999999999,392.6,0.6044444444444442,-0.3000000000000007,-0.0066666666666666,8.3,8.0,0.3000000000000007,4,-4.999999999999929,0.0,True,45.0,8.277777777777779,-0.4,-1.1,0.2,0.2299999999999999,0.63,-0.114,584.25,5.737304826019502,3.1,-23.25,-28,1.625,1.77,1.0750000000000002,30.0,30.0,180.0,119.9,4,6
2015-07-13,12.199999999999989,345.1,0.2711111111111108,-0.0499999999999989,-0.001111111111111,8.4,8.3,0.0999999999999996,4,0.0,4.999999999999929,True,45.0,29.200000000000045,375.4,0.9733333333333348,0.0,0.0,8.7,8.3,0.3999999999999986,3,4.999999999999929,-4.999999999999929,True,30.0,40.0,413.6,0.8888888888888888,0.0,0.0,8.5,8.3,0.1999999999999993,4,-4.999999999999929,0.0,True,45.0,8.4,-2.175,-2.7,-0.15,1.0775,1.27,0.043,479.0,6.27162924074226,-4.8,-55.25,-59,1.6025,1.78,-3.4750000000000005,43.5,57.0,261.0,113.8,4,6
2015-07-14,-32.30000000000001,355.7,-0.8075000000000003,-1.0,-0.025,9.3,8.2,1.1000000000000014,9,0.0,0.0,True,40.0,20.5,344.0,0.5125,0.200000000000001,0.005,8.7,7.0,1.6999999999999993,9,0.0,0.0,True,40.0,-0.2999999999999545,350.8,-0.0074999999999988,-0.6000000000000005,-0.015,8.4,7.2,1.2000000000000002,9,0.0,0.0,True,40.0,8.312000000000001,4.175000000000001,2.9,-0.39,-2.0575,-1.41,0.0369999999999999,489.75,40.83605433110958,31.5,-19.75,-21,1.6525,1.72,4.0,15.0,17.0,90.0,108.7,4,6
2015-07-15,-33.599999999999966,349.7,-0.8399999999999992,0.0499999999999998,0.0012499999999999,8.3,7.925,0.3750000000000009,9,0.0,0.0,True,40.0,39.79999999999996,346.9,0.9949999999999988,-0.4000000000000003,-0.01,8.2,7.6,0.5999999999999996,4,0.0,0.0,True,40.0,33.30000000000001,386.1,0.8325000000000002,-0.3999999999999994,-0.0099999999999999,7.7,6.8,0.9000000000000004,9,0.0,0.0,True,40.0,7.77125,-1.825,-2.7,0.4499999999999999,0.9175,1.41,-0.211,502.5,14.52583904633395,7.4,-21.25,-22,1.225,1.53,-0.1,18.0,23.0,108.0,104.4,4,6
2015-07-16,-6.800000000000011,330.5,-0.1700000000000003,-0.4250000000000007,-0.010625,9.65,9.225,0.4250000000000007,9,0.0,0.0,True,40.0,20.200000000000045,340.5,0.5050000000000011,-0.625,-0.015625,9.225,8.4,0.8249999999999993,9,0.0,0.0,True,40.0,-1.7000000000000457,346.8,-0.0425000000000011,-0.5999999999999996,-0.0149999999999999,8.6,8.0,0.5999999999999996,9,0.0,0.0,True,40.0,8.83952,-0.6249999999999999,-1.4,0.39,0.295,0.66,-0.184,469.25,2.753785273643051,-0.5,-25.5,-28,0.4825,0.58,2.55,10.0,10.0,60.0,102.9,4,6
2015-07-17,-40.5,365.1,-1.0125,-0.1499999999999985,-0.0037499999999999,8.85,8.15,0.6999999999999993,9,0.0,0.0,True,40.0,73.59999999999997,372.9,1.8399999999999992,0.0,0.0,8.3,7.0,1.3000000000000007,9,0.0,0.0,True,40.0,-1.0,361.7,-0.025,-0.9000000000000004,-0.0225,8.3,7.0,1.3000000000000007,9,0.0,0.0,True,40.0,8.05,0.5750000000000001,-1.2,-0.41,-0.2175,0.44,0.151,372.25,2.9860788111948198,-0.7,-19.25,-21,0.8725,0.92,1.975,3.0,3.0,18.0,100.6,4,6
2015-07-18,21.5,337.0,0.4777777777777778,-0.25,-0.0055555555555555,8.95,7.8,1.1499999999999997,4,0.0,4.999999999999929,True,45.0,,,,,,,,,0,4.999999999999929,10.000000000000073,False,,,,,,,,,,0,10.000000000000073,-15.0,False,,8.25,2.0500000000000003,1.5,-0.38,-0.6525000000000001,-0.45,0.131,323.25,2.6299556396765835,0.3,-14.5,-15,0.72,0.76,2.05,8.0,13.0,48.0,99.1,4,6
2015-07-19,16.30000000000001,372.5,0.3622222222222225,-0.6500000000000004,-0.0144444444444444,8.65,8.0,0.6500000000000004,4,0.0,4.999999999999929,True,45.0,-0.6000000000000227,372.5,-0.0200000000000007,-0.2000000000000001,-0.0066666666666666,8.1,7.8,0.2999999999999998,3,4.999999999999929,-4.999999999999929,True,30.0,-6.7999999999999545,398.2,-0.1511111111111101,-0.3999999999999994,-0.0088888888888888,7.9,7.4,0.5,4,-4.999999999999929,0.0,True,45.0,8.027777777777779,0.55,-1.3,-0.96,-0.1525,0.4,0.281,291.75,5.737304826019502,-4.3,0.75,0,1.675,1.86,2.4000000000000004,1.5,3.0,9.0,102.6,4,6
2015-07-20,-26.400000000000038,330.6,-0.5866666666666674,0.1499999999999985,0.0033333333333333,8.5,8.05,0.4499999999999993,4,0.0,4.999999999999929,True,45.0,9.300000000000011,313.5,0.265714285714286,-0.5999999999999996,-0.0171428571428571,8.2,7.6,0.5999999999999996,6,4.999999999999929,0.0,True,35.0,-12.699999999999989,316.6,-0.3174999999999997,-0.8999999999999995,-0.0224999999999999,7.7,6.7,1.0,8,0.0,0.0,True,40.0,7.709375,3.95,2.7,0.8200000000000001,-1.2075,-0.8,-0.2609999999999999,301.0,4.320493798938574,3.2,14.5,12,5.3125,6.69,-2.3,7.0,7.0,42.0,96.3,4,6
2015-07-21,-33.5,384.6,-0.8375,-0.2000000000000001,-0.005,7.575,7.05,0.5250000000000004,9,0.0,0.0,True,40.0,29.600000000000023,371.4,0.7400000000000005,-0.25,-0.00625,7.15,6.6,0.5500000000000007,9,0.0,0.0,True,40.0,56.39999999999998,412.5,1.4099999999999997,0.1000000000000005,0.0025,6.9,5.9,1.0,9,0.0,0.0,True,40.0,6.837000000000001,2.45,0.8,-0.4999999999999999,-0.8725,-0.22,0.195,378.25,12.365947867699695,-4.9,-7.0,-14,2.3375,2.63,5.625000000000001,21.5,23.0,129.0,94.0,4,6
2015-07-22,55.0,370.3,1.375,0.9000000000000004,0.0225,8.15,7.0,1.1500000000000004,9,0.0,0.0,True,40.0,-2.3999999999999773,364.6,-0.0599999999999994,0.25,0.00625,8.5,8.15,0.3499999999999996,9,0.0,0.0,True,40.0,-11.899999999999975,354.3,-0.2974999999999994,-0.9000000000000004,-0.0225,8.4,7.4,1.0,9,0.0,0.0,True,40.0,7.932,-1.25,-4.5,-1.2200000000000002,0.5750000000000001,1.85,0.4760000000000001,393.0,4.546060565661952,-2.2,-8.0,-16,2.55,2.74,6.000000000000001,18.0,23.0,108.0,91.9,4,6
2015-07-23,10.800000000000011,333.0,0.2400000000000002,0.75,0.0166666666666666,9.35,8.55,0.7999999999999989,4,0.0,4.999999999999929,True,45.0,33.900000000000034,357.6,1.1300000000000012,-0.7000000000000011,-0.0233333333333333,9.3,8.6,0.7000000000000011,3,4.999999999999929,-4.999999999999929,True,30.0,5.699999999999989,363.3,0.1266666666666664,-1.0999999999999996,-0.0244444444444444,8.6,7.5,1.0999999999999996,4,-4.999999999999929,0.0,True,45.0,8.600000000000001,0.35,-1.4,0.5799999999999998,-0.0399999999999999,0.76,-0.2719999999999999,464.75,14.407752542757436,-10.1,-50.5,-54,1.205,1.3,5.6000000000000005,32.0,37.0,192.0,92.2,4,6
2015-07-24,-40.30000000000001,334.8,-0.8955555555555558,-0.7000000000000002,-0.0155555555555555,8.0,7.25,0.75,4,0.0,4.999999999999929,True,45.0,44.30000000000001,338.8,1.476666666666667,0.5,0.0166666666666666,7.8,7.3,0.5,3,4.999999999999929,-4.999999999999929,True,30.0,-19.0,338.8,-0.4222222222222222,-0.5999999999999996,-0.0133333333333333,7.8,7.2,0.5999999999999996,4,-4.999999999999929,0.0,True,45.0,7.594444444444444,-0.1,-1.0,0.6599999999999999,0.17,0.51,-0.26,419.25,6.13052471924984,2.5,-31.0,-33,1.0575,1.14,5.225,15.0,17.0,90.0,95.2,4,6
2015-07-25,29.09999999999997,292.0,0.646666666666666,-0.0499999999999998,-0.0011111111111111,6.1,5.8,0.2999999999999998,4,0.0,4.999999999999929,True,45.0,39.60000000000002,353.4,1.3200000000000007,1.1000000000000003,0.0366666666666666,7.2,5.8,1.4000000000000004,3,4.999999999999929,-4.999999999999929,True,30.0,-15.0,343.5,-0.3333333333333333,-2.2,-0.0488888888888888,6.9,4.7,2.2,4,-4.999999999999929,0.0,True,45.0,6.03888888888889,-2.775,-3.9,0.51,1.4475,2.02,-0.1849999999999999,466.0,12.138094304022085,4.2,-39.25,-42,0.93,1.07,5.275,20.0,23.0,120.0,96.9,4,6
2015-07-26,-102.5,366.6,-2.2777777777777777,-1.95,-0.0433333333333333,6.95,5.0,1.95,4,0.0,4.999999999999929,True,45.0,40.099999999999966,320.7,1.3366666666666656,0.7000000000000002,0.0233333333333333,5.9,5.0,0.9000000000000004,3,4.999999999999929,-4.999999999999929,True,30.0,77.5,381.7,1.7222222222222223,0.0999999999999996,0.0022222222222222,5.8,5.7,0.0999999999999996,4,-4.999999999999929,0.0,True,45.0,5.905555555555555,1.2999999999999998,-0.5,0.38,-0.5175,0.26,-0.187,429.75,11.954775893619532,8.7,-12.75,-14,3.1499999999999995,3.36,1.6749999999999998,20.0,23.0,120.0,100.1,4,6
2015-07-27,28.900000000000038,364.6,0.642222222222223,-0.450000000000001,-0.01,8.55,7.0,1.5500000000000007,4,0.0,4.999999999999929,True,45.0,-13.0,364.6,-0.4333333333333333,0.0,0.0,8.2,8.1,0.0999999999999996,3,4.999999999999929,-4.999999999999929,True,30.0,59.39999999999998,411.0,1.3199999999999994,-1.0999999999999996,-0.0244444444444444,8.1,7.0,1.0999999999999996,4,-4.999999999999929,0.0,True,45.0,7.694444444444445,0.475,-0.7,0.0499999999999999,-0.1649999999999999,0.31,-0.002,446.0,5.354126134736337,-2.2,-18.5,-22,2.1725,2.38,1.475,17.0,17.0,102.0,103.2,4,6
2015-07-28,,,,,,,,,0,15.0,4.999999999999929,False,,-13.399999999999975,326.0,-0.4466666666666659,-0.200000000000001,-0.0066666666666667,8.4,8.2,0.200000000000001,3,4.999999999999929,-4.999999999999929,True,30.0,32.80000000000001,338.1,0.7288888888888891,-0.7999999999999989,-0.0177777777777777,8.2,7.4,0.7999999999999989,4,-4.999999999999929,0.0,True,45.0,7.875,0.5750000000000001,-0.6,-0.53,-0.1249999999999999,0.42,0.258,421.5,7.14142842854285,4.2,-21.0,-23,1.735,1.81,3.575,15.0,17.0,90.0,104.2,4,6
2015-07-29,,,,,,,,,0,0.0,-10.000000000000073,False,,,,,,,,,,0,-10.000000000000073,-4.999999999999929,False,,8.300000000000011,325.3,0.1844444444444447,-0.6999999999999993,-0.0155555555555555,9.1,8.4,0.6999999999999993,4,-4.999999999999929,0.0,True,45.0,8.2125,0.0249999999999999,-0.8,-0.35,0.0725,0.29,0.093,363.0,1.8257418583505536,-0.4,-12.75,-14,1.57,1.99,2.8000000000000003,12.0,17.0,72.0,103.8,4,6
2015-07-30,-6.0,351.7,-0.1333333333333333,-0.5250000000000004,-0.0116666666666666,8.95,8.4,0.5499999999999989,4,0.0,4.999999999999929,True,45.0,4.600000000000023,343.2,0.1533333333333341,-0.5,-0.0166666666666666,8.4,7.9,0.5,3,4.999999999999929,-4.999999999999929,True,30.0,73.79999999999995,414.9,1.639999999999999,-0.9000000000000004,-0.02,7.9,7.0,0.9000000000000004,4,-4.999999999999929,0.0,True,45.0,8.066666666666668,-4.025,-5.8,-1.17,1.39,2.32,0.592,403.5,2.886751345948129,-1.2,-21.75,-26,3.4875,3.66,-6.6000000000000005,38.0,43.0,228.0,105.1,4,6
2015-07-31,,,,,,,,,0,15.0,4.999999999999929,False,,-12.5,341.7,-0.4166666666666667,0.1000000000000005,0.0033333333333333,7.0,6.8,0.2000000000000001,3,4.999999999999929,-4.999999999999929,True,30.0,23.69999999999999,372.6,0.5266666666666664,0.2999999999999998,0.0066666666666666,7.6,6.4,1.1999999999999993,4,-4.999999999999929,0.0,True,45.0,6.9750000000000005,-2.125,-4.0,1.11,1.025,2.13,-0.6779999999999999,568.25,6.701989754294367,-2.1,-30.25,-35,2.18,2.83,-3.2,31.5,33.0,189.0,103.8,4,6
2015-08-01,13.200000000000044,351.4,0.2933333333333343,-0.1500000000000003,-0.0033333333333333,8.2,8.0,0.1999999999999993,4,0.0,4.999999999999929,True,45.0,-11.5,335.9,-0.3833333333333333,-0.2999999999999998,-0.0099999999999999,8.0,7.7,0.2999999999999998,3,4.999999999999929,-4.999999999999929,True,30.0,27.59999999999997,369.3,0.6133333333333326,-0.5,-0.0111111111111111,7.7,7.1,0.6000000000000005,4,-4.999999999999929,0.0,True,45.0,7.783333333333333,-0.4250000000000001,-2.6,-1.7899999999999998,0.0875,1.34,1.031,582.0,10.295630140987,4.6,-13.5,-19,1.855,2.05,-2.875,23.0,23.0,138.0,106.0,4,6
2015-08-02,-16.400000000000034,356.4,-0.3644444444444452,-0.1500000000000003,-0.0033333333333333,7.8,3.6,4.199999999999999,4,0.0,4.999999999999929,True,45.0,8.900000000000034,343.6,0.2966666666666678,0.2000000000000001,0.0066666666666666,7.7,7.5,0.2000000000000001,3,4.999999999999929,-4.999999999999929,True,30.0,11.699999999999989,355.3,0.2599999999999997,-0.5,-0.0111111111111111,7.7,7.0,0.7000000000000002,4,-4.999999999999929,0.0,True,45.0,7.050000000000001,0.4999999999999999,-1.3,1.06,-0.3725,0.56,-0.545,537.25,15.521490478258416,-11.9,-15.75,-18,1.2325,1.43,-2.15,16.5,20.0,99.0,104.5,4,6
2015-08-03,-9.0,355.8,-0.2,-0.1750000000000007,-0.0038888888888889,7.775,7.6,0.1750000000000007,4,0.0,4.999999999999929,True,45.0,-15.900000000000034,364.6,-0.5300000000000011,0.5999999999999996,0.0199999999999999,8.2,7.6,0.5999999999999996,3,4.999999999999929,-4.999999999999929,True,30.0,5.300000000000011,336.2,0.117777777777778,-0.3999999999999994,-0.0088888888888888,8.2,,,2,-4.999999999999929,0.0,True,45.0,7.846428571428571,-0.125,-0.4,0.0699999999999999,-0.15,-0.0,-0.036,460.75,4.272001872658765,1.5,-10.75,-13,1.495,1.53,-4.199999999999999,13.0,13.0,78.0,108.7,4,6
2015-08-04,-12.099999999999966,336.4,-0.2688888888888881,-0.3499999999999996,-0.0077777777777777,9.65,9.3,0.3499999999999996,4,0.0,4.999999999999929,True,45.0,,,,,,,,,0,4.999999999999929,-34.99999999999993,False,,,339.2,,,,8.3,,,1,25.00000000000007,-15.0,False,,9.27,-2.125,-3.0,0.43,0.6775,1.1,-0.215,423.25,5.251983752196243,-1.9,-11.0,-13,1.4675,1.55,-4.15,20.0,27.0,120.0,109.9,4,6
2015-08-05,8.600000000000023,335.0,0.1911111111111116,-0.625,-0.0138888888888888,9.125,8.5,0.625,4,0.0,4.999999999999929,True,45.0,25.19999999999999,360.2,0.8399999999999996,0.1999999999999993,0.0066666666666666,8.7,8.5,0.1999999999999993,3,4.999999999999929,-4.999999999999929,True,30.0,14.600000000000025,374.8,0.3244444444444449,-0.7999999999999989,-0.0177777777777777,8.7,7.9,0.7999999999999989,4,-4.999999999999929,0.0,True,45.0,8.558333333333334,-1.8,-3.4,0.0799999999999999,0.665,1.38,-0.1259999999999999,374.25,11.87083260208258,6.1,-9.75,-11,1.4725,1.78,0.125,18.0,23.0,108.0,115.5,4,6
2015-08-06,,,,,,,,,0,10.000000000000073,4.999999999999929,False,,-10.099999999999966,388.7,-0.3366666666666655,-0.7999999999999998,-0.0266666666666666,8.6,7.8,0.7999999999999998,3,4.999999999999929,-4.999999999999929,True,30.0,32.19999999999999,415.0,0.7155555555555553,-0.8999999999999995,-0.0199999999999999,7.8,6.9,0.8999999999999995,4,-4.999999999999929,0.0,True,45.0,8.016666666666667,0.975,-0.1,-0.4899999999999999,-0.1725,0.44,0.267,539.75,7.88986691902975,3.3,-15.0,-19,2.57,3.08,5.125,25.0,27.0,150.0,125.1,4,6
2015-08-07,8.399999999999977,387.6,0.1866666666666661,0.0,0.0,8.7,8.375,0.3249999999999993,4,0.0,4.999999999999929,True,45.0,3.1999999999999886,383.4,0.1066666666666662,0.0,0.0,8.7,8.5,0.1999999999999993,3,4.999999999999929,-4.999999999999929,True,30.0,-7.099999999999966,383.4,-0.157777777777777,-0.0999999999999996,-0.0022222222222222,8.7,8.5,0.1999999999999993,4,-4.999999999999929,0.0,True,45.0,8.602777777777776,1.225,0.4,-0.2700000000000001,-0.3325,0.16,0.0529999999999999,535.5,10.016652800877813,-6.0,-21.0,-24,2.325,2.57,4.525,15.0,17.0,90.0,125.5,4,6
2015-08-08,-23.80000000000001,367.2,-0.5288888888888892,-0.4499999999999993,-0.0099999999999999,9.25,8.8,0.4499999999999993,4,0.0,4.999999999999929,True,45.0,28.600000000000023,372.0,0.953333333333334,0.1999999999999993,0.0066666666666666,9.2,8.8,0.3999999999999986,3,4.999999999999929,-4.999999999999929,True,30.0,38.0,410.0,0.8444444444444444,-0.4000000000000003,-0.0088888888888888,9.0,8.5,0.5,4,-4.999999999999929,0.0,True,45.0,8.949999999999998,2.925,2.7,-0.0499999999999999,-1.285,-1.2,0.0179999999999999,484.75,9.56991814663706,4.5,-24.75,-34,2.8475,3.12,1.95,27.0,27.0,162.0,124.4,4,6
2015-08-09,25.399999999999977,353.4,0.564444444444444,0.75,0.0166666666666666,9.0,8.25,0.75,4,0.0,4.999999999999929,True,45.0,-14.199999999999989,353.4,-0.4733333333333329,-0.3000000000000007,-0.01,9.1,8.7,0.4000000000000003,3,4.999999999999929,-4.999999999999929,True,30.0,52.400000000000034,391.6,1.1644444444444453,-0.1999999999999993,-0.0044444444444444,8.7,8.5,0.1999999999999993,4,-4.999999999999929,0.0,True,45.0,8.683333333333334,0.8999999999999999,-0.7,-0.48,-0.4599999999999999,0.64,0.376,528.5,3.696845502136472,2.8,-16.5,-21,3.1525,3.2,-0.0249999999999999,25.0,30.0,150.0,117.6,4,6
2015-08-10,,,,,,,,,0,0.0,-25.00000000000007,False,,,,,,,,,,0,15.0,-4.999999999999929,False,,,,,,,,,,0,-4.999999999999929,-15.0,False,,7.785714285714286,1.275,0.2,0.7300000000000001,-0.3725,0.18,-0.303,434.0,8.445906306213285,-2.4,-15.5,-20,2.4675,2.63,2.825,18.0,23.0,108.0,109.1,4,6
2015-08-11,21.600000000000023,342.6,0.4800000000000005,0.1499999999999985,0.0033333333333333,8.75,8.55,0.1999999999999993,4,0.0,4.999999999999929,True,45.0,2.6999999999999886,345.3,0.0899999999999996,-0.0999999999999996,-0.0033333333333333,8.7,8.5,0.1999999999999993,3,4.999999999999929,-4.999999999999929,True,30.0,20.0,365.3,0.4444444444444444,-0.1999999999999993,-0.0044444444444444,8.6,8.1,0.5,4,-4.999999999999929,0.0,True,45.0,8.522222222222224,0.1999999999999999,-2.3,-0.6599999999999999,0.1374999999999999,1.17,0.299,384.5,5.32290647422377,1.4,-11.0,-16,1.715,2.04,3.775,15.0,23.0,90.0,105.6,4,6
2015-08-12,-23.100000000000023,346.1,-0.5133333333333339,-0.0820000000000007,-0.0018222222222222,8.85,8.2,0.6500000000000004,4,0.0,4.999999999999929,True,45.0,31.80000000000001,354.8,1.0600000000000005,0.3000000000000007,0.01,8.5,8.1,0.4000000000000003,3,4.999999999999929,-4.999999999999929,True,30.0,34.099999999999966,398.2,0.757777777777777,-0.9000000000000004,-0.02,8.5,7.6,0.9000000000000004,4,-4.999999999999929,0.0,True,45.0,8.264666666666665,-5.525,-6.7,-0.6300000000000001,2.135,2.59,0.164,416.25,2.217355782608345,0.1,-28.0,-35,1.7175,2.18,-2.3,30.0,33.0,180.0,101.9,4,6
2015-08-13,-12.800000000000011,344.7,-0.2844444444444447,0.0,0.0,9.3,9.3,0.0,4,0.0,4.999999999999929,True,45.0,21.80000000000001,349.2,0.726666666666667,-0.200000000000001,-0.0066666666666667,9.3,9.1,0.200000000000001,3,4.999999999999929,-4.999999999999929,True,30.0,-2.3999999999999773,350.8,-0.0533333333333328,-0.1999999999999993,-0.0044444444444444,9.1,8.9,0.1999999999999993,4,-4.999999999999929,0.0,True,45.0,9.155555555555557,0.675,-0.8,1.35,-0.0124999999999999,0.49,-0.4629999999999999,352.5,4.123105625617661,3.0,-26.0,-35,1.06,1.24,4.125,10.0,10.0,60.0,97.3,4,6
2015-08-14,29.30000000000001,363.0,0.6511111111111114,0.2999999999999998,0.0066666666666666,7.8,7.3,0.5,4,0.0,4.999999999999929,True,45.0,-18.600000000000023,363.0,-0.6200000000000008,-0.2999999999999998,-0.0099999999999999,7.8,7.5,0.2999999999999998,3,4.999999999999929,-4.999999999999929,True,30.0,5.800000000000011,353.9,0.1288888888888891,-0.2000000000000001,-0.0044444444444444,8.0,7.3,0.7000000000000002,4,-4.999999999999929,0.0,True,45.0,7.538888888888888,5.551115123125783e-17,-1.8,-0.72,0.5075,1.16,0.251,361.25,13.35102992281869,-9.5,-6.0,-7,1.85,1.94,9.0,8.5,10.0,51.0,95.7,4,6
2015-08-15,37.0,393.6,0.8222222222222222,-0.4000000000000003,-0.0088888888888888,8.65,8.25,0.4000000000000003,4,0.0,4.999999999999929,True,45.0,17.099999999999966,410.7,0.5699999999999988,-1.1500000000000004,-0.0383333333333333,8.25,7.1,1.1500000000000004,3,4.999999999999929,-4.999999999999929,True,30.0,77.80000000000001,488.5,1.7288888888888891,-1.3999999999999997,-0.0311111111111111,7.1,5.7,1.3999999999999997,3,-4.999999999999929,0.0,True,45.0,7.7,-6.275,-7.6,-0.8099999999999998,3.0775,3.74,0.4790000000000001,497.25,5.737304826019502,-2.3,-60.5,-69,3.8575,5.14,0.0,38.0,43.0,228.0,91.7,4,6
2015-08-16,41.19999999999999,416.9,0.9155555555555552,-0.0500000000000007,-0.0011111111111111,9.55,8.95,0.6000000000000014,4,0.0,4.999999999999929,True,45.0,19.80000000000001,436.7,0.6600000000000004,-0.9000000000000004,-0.03,9.5,8.6,0.9000000000000004,3,4.999999999999929,-4.999999999999929,True,30.0,-17.19999999999999,436.7,-0.3822222222222219,-0.5,-0.0111111111111111,8.6,8.1,0.5,4,-4.999999999999929,0.0,True,45.0,8.927777777777777,0.625,-1.4,0.33,-0.13,1.02,-0.23,533.5,1.7320508075688772,-0.8,-48.5,-54,2.1025,2.28,2.175,37.0,37.0,222.0,87.8,4,6
2015-08-17,-62.0,383.1,-1.3777777777777778,-0.3499999999999996,-0.0077777777777777,7.594,7.2,0.3940000000000001,4,0.0,4.999999999999929,True,45.0,0.5,369.4,0.0166666666666666,0.0999999999999996,0.0033333333333333,7.6,7.2,0.3999999999999994,3,4.999999999999929,-4.999999999999929,True,30.0,26.09999999999997,371.7,0.5799999999999993,0.1000000000000005,0.0022222222222222,7.4,6.9,0.5,4,-4.999999999999929,0.0,True,45.0,7.366,0.0499999999999999,-0.9,-0.0199999999999999,-0.0024999999999999,0.5,0.007,543.5,10.47218538160334,-7.0,-35.5,-44,1.4375000000000002,1.55,0.3249999999999999,30.0,37.0,180.0,89.2,4,6
2015-08-18,-40.200000000000045,357.1,-0.8933333333333343,-0.5,-0.0111111111111111,7.7,7.2,0.5,4,0.0,4.999999999999929,True,45.0,1.6000000000000227,338.0,0.053333333333334,0.0,0.0,7.2,7.2,0.0,3,4.999999999999929,-4.999999999999929,True,30.0,33.19999999999999,351.7,0.7377777777777775,-0.2999999999999998,-0.0066666666666666,7.2,6.7,0.5,4,-4.999999999999929,0.0,True,45.0,7.188888888888889,-1.9,-4.7,-1.9,0.97,2.0,0.722,418.5,3.872983346207417,-1.6,-27.75,-35,1.4249999999999998,1.61,2.6,16.5,23.0,99.0,90.9,4,6
2015-08-19,-75.19999999999999,345.5,-1.6711111111111108,-1.75,-0.0388888888888888,7.55,5.8,1.75,4,0.0,4.999999999999929,True,45.0,42.599999999999966,324.0,1.4199999999999988,0.7000000000000002,0.0233333333333333,6.9,5.8,1.1000000000000003,3,4.999999999999929,-4.999999999999929,True,30.0,35.900000000000034,348.8,0.7977777777777786,-0.2000000000000001,-0.0044444444444444,6.5,5.9,0.5999999999999996,4,-4.999999999999929,0.0,True,45.0,6.613888888888888,0.5499999999999998,-0.7,-0.72,0.0725,0.54,0.317,498.0,6.055300708194984,-2.4,-29.5,-32,1.995,2.23,3.9,25.0,27.0,150.0,100.6,4,6
2015-08-20,,337.0,,,,7.1,,,1,45.0,4.999999999999929,False,,0.6000000000000227,347.4,0.0200000000000007,0.2000000000000001,0.0066666666666666,7.3,7.1,0.2000000000000001,3,4.999999999999929,-4.999999999999929,True,30.0,29.59999999999997,371.7,0.657777777777777,0.1000000000000005,0.0022222222222222,7.6,7.3,0.2999999999999998,4,-4.999999999999929,0.0,True,45.0,7.333333333333333,1.2999999999999998,-2.1,1.28,-0.32,1.2,-0.5740000000000001,466.0,17.029386365926403,13.0,-21.25,-25,1.5499999999999998,1.77,3.45,27.0,27.0,162.0,105.3,4,6
2015-08-21,29.80000000000001,375.8,0.6622222222222225,-0.4500000000000002,-0.01,7.15,6.7,0.4500000000000002,4,0.0,4.999999999999929,True,45.0,-16.30000000000001,375.8,-0.5433333333333337,-0.2999999999999998,-0.0099999999999999,6.7,6.4,0.2999999999999998,3,4.999999999999929,-4.999999999999929,True,30.0,38.19999999999999,397.7,0.8488888888888886,-0.5,-0.0111111111111111,6.5,5.9,0.5999999999999996,4,-4.999999999999929,0.0,True,45.0,6.583333333333333,0.65,-0.1,-0.74,0.0074999999999999,0.34,0.3369999999999999,436.5,12.12435565298214,-8.6,-11.75,-13,1.3875,1.5,3.75,11.5,13.0,69.0,121.4,4,6
2015-08-22,13.299999999999956,352.9,0.2955555555555545,-0.5999999999999996,-0.0133333333333333,9.1,8.5,0.5999999999999996,4,0.0,4.999999999999929,True,45.0,14.200000000000044,367.1,0.4733333333333348,-0.1999999999999993,-0.0066666666666666,8.5,8.2,0.3000000000000007,3,4.999999999999929,-4.999999999999929,True,30.0,11.699999999999989,378.8,0.2599999999999997,-0.4000000000000003,-0.0088888888888888,8.3,7.6,0.7000000000000011,4,-4.999999999999929,0.0,True,45.0,8.311111111111112,1.425,-1.4,-0.8099999999999999,-0.2175,0.85,0.501,373.25,4.5,-1.3,-8.75,-15,2.815,3.39,4.425,21.5,23.0,129.0,119.6,4,6
2015-08-23,-40.79999999999996,370.9,-0.9066666666666656,0.1999999999999993,0.0044444444444444,8.9,8.5,0.4000000000000003,4,0.0,4.999999999999929,True,45.0,-1.3000000000000114,350.9,-0.0433333333333337,-0.6999999999999993,-0.0233333333333333,8.7,8.0,0.6999999999999993,3,4.999999999999929,-4.999999999999929,True,30.0,34.89999999999998,375.7,0.775555555555555,0.5,0.0111111111111111,8.5,8.0,0.5,4,-4.999999999999929,0.0,True,45.0,8.5,-1.1,-2.8,0.6199999999999999,0.8150000000000001,1.6,-0.3,540.75,15.79820664927932,-11.5,-29.25,-34,1.3525,1.53,2.025,30.0,37.0,180.0,136.1,4,6
2015-08-24,-12.899999999999975,360.9,-0.2866666666666662,-0.1000000000000014,-0.0022222222222222,8.3,7.3,1.0000000000000009,4,0.0,4.999999999999929,True,45.0,28.100000000000023,376.1,0.9366666666666674,-0.1999999999999993,-0.0066666666666666,8.2,8.0,0.1999999999999993,3,4.999999999999929,-4.999999999999929,True,30.0,-23.600000000000023,376.1,-0.5244444444444449,-0.5,-0.0111111111111111,8.0,7.5,0.5,4,-4.999999999999929,0.0,True,45.0,7.911111111111111,-2.125,-2.8,-0.7299999999999999,0.8975,1.22,0.295,416.75,3.8622100754188224,1.9,-17.0,-22,1.4675,1.63,0.3249999999999999,12.0,17.0,72.0,130.6,4,6
2015-08-25,11.5,363.7,0.2875,-0.4000000000000003,-0.01,9.0,8.5,0.5,9,0.0,0.0,True,40.0,6.800000000000011,366.1,0.1511111111111113,-0.9000000000000004,-0.02,8.5,7.1,1.4000000000000004,7,0.0,5.000000000000142,True,45.0,47.19999999999999,413.1,1.3485714285714283,-0.1999999999999993,-0.0057142857142856,7.8,7.1,0.7000000000000002,8,5.000000000000142,0.0,True,35.0,8.100000000000001,-0.5,-2.7,-1.44,0.595,1.5,0.672,404.5,11.030261405182864,7.0,-17.5,-22,2.4000000000000004,2.57,4.725,25.0,27.0,150.0,123.9,4,6
2015-08-26,,,,,,,,,0,30.0,0.0,False,,41.19999999999999,393.2,1.0299999999999998,-0.0999999999999996,-0.0024999999999999,9.6,9.3,0.2999999999999989,9,0.0,0.0,True,40.0,58.0,451.2,1.45,-0.5999999999999996,-0.0149999999999999,9.5,8.9,0.5999999999999996,9,0.0,0.0,True,40.0,9.357894736842104,-7.85,-9.2,-0.9599999999999996,3.2025,3.56,0.2629999999999999,367.25,4.031128874149275,-3.1,-64.25,-79,2.5275,2.99,5.05,47.0,47.0,282.0,128.9,4,6
2015-08-27,,,,,,,,,0,,,False,,,,,,,,,,0,,,False,,,,,,,,,,0,,,False,,,-10.2,-11.1,0.8799999999999997,2.895,3.36,-0.426,343.75,5.737304826019502,-0.1,-84.5,-100,3.2,4.21,-7.45,51.5,63.0,309.0,112.5,4,6
2015-08-28,-74.59999999999997,375.2,-1.6577777777777771,-1.2999999999999998,-0.0288888888888888,8.5,7.2,1.2999999999999998,3,0.0,4.999999999999929,True,45.0,,,,,,,,,0,4.999999999999929,10.000000000000073,False,,,329.3,,,,8.8,,,1,10.000000000000073,-30.0,False,,8.26,-1.3,-4.9,-2.26,0.25,2.49,1.402,422.0,18.07392228230128,14.0,-49.75,-61,5.3175,5.68,-3.8249999999999993,48.5,57.0,291.0,111.3,4,6
2015-08-31,14.5,329.1,0.3222222222222222,-0.25,-0.0055555555555555,8.55,8.3,0.25,4,0.0,4.999999999999929,True,45.0,21.59999999999997,355.1,0.7199999999999989,0.8999999999999986,0.0299999999999999,9.2,8.3,0.8999999999999986,3,4.999999999999929,-4.999999999999929,True,30.0,,,,,,,,,0,-4.999999999999929,-15.0,False,,8.73125,-2.3666666666666667,-2.6,0.25,0.6233333333333333,0.74,-0.125,372.6666666666667,3.2145502536643185,2.5,-11.0,-12,1.4900000000000002,1.61,-3.0,17.0,17.0,102.0,92.7,3,6
