FECHA,Δh1,Mh1,Mv1,Delta_foF2_1,slope_foF2_1,foF2_max_SW1,foF2_min_SW1,foF2_drop_SW1,num_muestras_foF2_SW1,delta_inicio_SW1_min,delta_fin_SW1_min,extremos_validos_SW1,tiempo_real_SW1_min,Δh2,Mh2,Mv2,Delta_foF2_2,slope_foF2_2,foF2_max_SW2,foF2_min_SW2,foF2_drop_SW2,num_muestras_foF2_SW2,delta_inicio_SW2_min,delta_fin_SW2_min,extremos_validos_SW2,tiempo_real_SW2_min,Δh3,Mh3,Mv3,Delta_foF2_3,slope_foF2_3,foF2_max_SW3,foF2_min_SW3,foF2_drop_SW3,num_muestras_foF2_SW3,delta_inicio_SW3_min,delta_fin_SW3_min,extremos_validos_SW3,tiempo_real_SW3_min,F_DENSITY,Bz_mean_16_19,Bz_min_16_19,Bz_slope_16_19,E_mean_16_19,E_max_16_19,E_slope_16_19,SW_speed_mean_16_19,SW_speed_std_16_19,SW_speed_slope_16_19,Dst_mean_16_19,Dst_min_16_19,Pdyn_mean_16_19,Pdyn_max_16_19,BY_mean_16_19,Kp_last_6h_mean,Kp_last_6h_max,Kp_last_6h_sum,F10.7_Index,num_registros_16_19,num_registros_kp_13_18,TARGET,VECES_SUPERO_UMBRAL,S4_MAX,S4_MEAN,TOTAL_MEDICIONES,HORA_PICO,PRN_PICO
2013-11-02,-20.0,323.3,-0.5,-1.0,-0.025,9.3,7.1,2.200000000000001,4.0,0.0,0.0,True,40.0,-1.2000000000000457,344.6,-0.0300000000000011,-1.5999999999999996,-0.0399999999999999,9.3,6.4,2.9000000000000004,9.0,0.0,0.0,True,40.0,153.8,447.2,3.845,2.6,0.0649999999999999,9.0,5.8,3.2,9.0,0.0,0.0,True,40.0,8.12,-2.875,-3.2,-0.15,1.0025,1.24,0.107,355.5,19.122412679017955,10.6,-9.25,-13.0,1.05,1.31,-0.1999999999999999,8.5,17.0,51.0,139.4,4.0,6.0,1.0,3.0,0.43,0.0724,2139.0,2013-11-02 22:53:04,G27
2013-11-03,60.60000000000002,350.9,1.5150000000000006,1.4000000000000004,0.035,9.0,7.1,1.9000000000000004,9.0,0.0,0.0,True,40.0,-45.19999999999999,340.8,-1.1299999999999997,-2.7,-0.0675,8.5,5.8,2.7,9.0,0.0,0.0,True,40.0,116.39999999999998,409.5,2.91,1.7999999999999998,0.045,7.8,5.8,2.0,8.0,0.0,0.0,True,40.0,7.7,-1.8,-3.7,1.3,0.6624999999999999,1.38,-0.4509999999999999,367.25,6.238322424070967,3.7,-9.75,-13.0,0.6825,1.06,0.325,20.0,23.0,120.0,141.1,4.0,6.0,1.0,31.0,0.8781,0.0775,2141.0,2013-11-03 23:29:04,G03
2013-11-04,-91.3,438.3,-2.2825,-2.4000000000000004,-0.06,11.6,9.2,2.4000000000000004,9.0,0.0,0.0,True,40.0,60.69999999999999,407.7,1.5174999999999996,0.5,0.0125,9.9,9.2,0.7000000000000011,9.0,0.0,0.0,True,40.0,45.69999999999999,454.2,1.1424999999999996,-0.3999999999999986,-0.0099999999999999,9.7,9.3,0.3999999999999986,9.0,0.0,0.0,True,40.0,10.0,-3.2,-3.8,-0.38,1.0875,1.35,0.131,382.25,30.258607590788664,-18.7,-9.25,-11.0,0.5349999999999999,0.65,-2.325,11.5,13.0,69.0,144.9,4.0,6.0,1.0,3.0,0.4402,0.0654,2122.0,2013-11-04 19:17:14,G18
2013-11-05,-24.100000000000023,419.6,-0.6025000000000006,-0.7000000000000011,-0.0175,10.4,9.5,0.9000000000000004,7.0,0.0,0.0,True,40.0,29.80000000000001,421.5,0.7450000000000003,-0.3999999999999986,-0.0099999999999999,9.7,9.2,0.5,9.0,0.0,0.0,True,40.0,55.60000000000002,477.1,1.3900000000000006,-0.7000000000000011,-0.0175,9.3,8.6,0.7000000000000011,9.0,0.0,0.0,True,40.0,9.41304347826087,0.45,-0.8,-0.3,-0.0424999999999999,0.36,0.1089999999999999,332.5,1.7320508075688772,-1.0,-2.0,-3.0,0.5549999999999999,0.58,2.275,8.0,13.0,48.0,145.9,4.0,6.0,1.0,153.0,1.246,0.1403,2148.0,2013-11-05 23:39:04,G03
2013-11-06,10.799999999999956,433.4,0.2699999999999988,-0.4000000000000003,-0.01,11.4,11.0,0.4000000000000003,9.0,0.0,0.0,True,40.0,-20.399999999999977,430.3,-0.5099999999999995,-1.5,-0.0375,11.0,9.5,1.5,9.0,0.0,0.0,True,40.0,73.0,480.5,1.825,-0.5,-0.0125,9.7,9.0,0.6999999999999993,9.0,0.0,0.0,True,40.0,10.304,-0.8749999999999999,-3.6,1.13,0.42,1.28,-0.376,327.5,3.696845502136472,-2.8,-2.75,-7.0,1.125,1.19,3.125,18.5,20.0,111.0,150.8,4.0,6.0,1.0,85.0,0.9493,0.1143,2151.0,2013-11-06 23:32:04,G03
2013-11-12,-1.6000000000000227,403.0,-0.035555555555556,-0.5999999999999996,-0.0133333333333333,8.9,8.3,0.5999999999999996,4.0,0.0,4.999999999999929,True,45.0,4.0,405.4,0.1333333333333333,-0.1000000000000014,-0.0033333333333333,8.3,7.2,1.1000000000000003,3.0,4.999999999999929,-4.999999999999929,True,30.0,37.10000000000002,442.5,0.824444444444445,-0.0999999999999996,-0.0022222222222222,8.3,8.1,0.200000000000001,4.0,-4.999999999999929,0.0,True,45.0,8.255555555555555,1.7999999999999998,1.3,-0.06,-0.7124999999999999,-0.51,0.055,402.0,9.128709291752768,-6.0,-20.75,-24.0,0.4175,0.45,0.2499999999999999,1.5,3.0,9.0,164.0,4.0,6.0,1.0,28.0,0.6156,0.0942,1972.0,2013-11-12 21:14:04,G16
2013-11-13,6.0,445.9,0.1333333333333333,-0.9000000000000004,-0.02,11.4,10.5,0.9000000000000004,4.0,0.0,4.999999999999929,True,45.0,-25.09999999999997,440.9,-0.8366666666666656,-1.1999999999999993,-0.0399999999999999,10.5,9.3,1.1999999999999993,3.0,4.999999999999929,-4.999999999999929,True,30.0,63.30000000000001,479.1,1.406666666666667,-0.9000000000000004,-0.02,9.3,8.4,0.9000000000000004,4.0,-4.999999999999929,0.0,True,45.0,9.911111111111111,1.525,0.6,-0.61,-0.6499999999999999,-0.34,0.208,381.75,2.6299556396765835,-1.7,-9.0,-10.0,0.5325,0.62,-1.975,3.0,3.0,18.0,167.4,4.0,6.0,1.0,44.0,0.9318,0.127,2032.0,2013-11-13 19:52:04,G22
2013-11-14,-74.29999999999995,407.6,-1.65111111111111,-1.7999999999999998,-0.0399999999999999,9.0,7.2,1.7999999999999998,4.0,0.0,4.999999999999929,True,45.0,80.5,413.6,2.683333333333333,0.9999999999999992,0.0333333333333333,8.2,7.2,0.9999999999999992,3.0,4.999999999999929,-4.999999999999929,True,30.0,56.5,470.1,1.2555555555555555,-0.4999999999999991,-0.011111111111111,8.2,7.2,0.9999999999999992,4.0,-4.999999999999929,0.0,True,45.0,8.094444444444443,-1.975,-2.2,0.11,0.6875,0.74,-0.019,352.25,2.0615528128088303,1.1,-9.5,-11.0,0.9575,1.08,-0.1,5.0,7.0,30.0,172.0,4.0,6.0,1.0,28.0,0.9866,0.0935,2171.0,2013-11-14 23:42:04,G19
2013-11-16,-52.5,445.8,-1.1666666666666667,-2.1,-0.0466666666666666,11.5,9.4,2.1,4.0,0.0,4.999999999999929,True,45.0,18.0,405.3,0.6,-0.0999999999999996,-0.0033333333333333,9.4,9.3,0.0999999999999996,3.0,4.999999999999929,-4.999999999999929,True,30.0,65.39999999999998,470.7,1.453333333333333,0.0999999999999996,0.0022222222222222,9.4,9.3,0.0999999999999996,4.0,-4.999999999999929,0.0,True,45.0,9.944444444444445,0.425,-0.6,0.45,-0.3275,0.31,-0.3149999999999999,519.75,14.198004554631378,7.9,-13.5,-15.0,1.7225,2.08,-2.825,16.5,20.0,99.0,170.6,4.0,6.0,1.0,109.0,0.7824,0.1394,2151.0,2013-11-16 22:50:04,G27
2013-11-17,3.1000000000000227,412.3,0.0688888888888893,-0.3000000000000007,-0.0066666666666666,9.3,9.0,0.3000000000000007,4.0,0.0,4.999999999999929,True,45.0,-0.6000000000000227,415.6,-0.0200000000000007,-0.0999999999999996,-0.0033333333333333,9.0,8.9,0.0999999999999996,3.0,4.999999999999929,-4.999999999999929,True,30.0,37.69999999999999,449.5,0.8377777777777775,-0.8000000000000007,-0.0177777777777777,8.9,8.1,0.8000000000000007,4.0,-4.999999999999929,0.0,True,45.0,8.883333333333333,-0.375,-0.9,0.2299999999999999,0.13,0.35,-0.094,427.5,3.696845502136472,-1.6,-10.5,-12.0,0.9325,0.98,-0.75,13.0,13.0,78.0,172.9,4.0,6.0,1.0,33.0,0.9126,0.0991,2183.0,2013-11-17 22:14:04,G03
2013-11-19,33.19999999999999,428.9,0.7377777777777775,0.0,0.0,10.6,10.0,0.5999999999999996,4.0,0.0,4.999999999999929,True,45.0,-1.0,436.6,-0.0333333333333333,-0.5,-0.0166666666666666,10.2,9.5,0.6999999999999993,3.0,4.999999999999929,-4.999999999999929,True,30.0,38.5,450.4,0.8555555555555555,-0.5999999999999996,-0.0133333333333333,9.5,8.9,0.5999999999999996,4.0,-4.999999999999929,0.0,True,45.0,9.811111111111112,-1.3250000000000002,-3.7,-0.91,0.4599999999999999,1.39,0.364,390.25,4.716990566028302,-0.7,-3.25,-4.0,1.115,1.17,-2.225,15.0,20.0,90.0,149.3,4.0,6.0,1.0,20.0,0.5585,0.1023,2027.0,2013-11-19 22:03:04,G21
2013-11-20,16.600000000000023,401.5,0.3688888888888894,0.0,0.0,8.7,8.7,0.0,4.0,0.0,4.999999999999929,True,45.0,6.100000000000023,410.0,0.2033333333333341,0.0,0.0,8.7,8.7,0.0,3.0,4.999999999999929,-4.999999999999929,True,30.0,57.89999999999998,465.5,1.2866666666666662,-0.8999999999999995,-0.0199999999999999,8.7,7.8,0.8999999999999995,4.0,-4.999999999999929,0.0,True,45.0,8.52222222222222,1.0,0.4,-0.42,-0.4075,-0.19,0.155,379.0,2.8284271247461903,-1.6,-5.5,-6.0,0.7074999999999999,0.78,-1.25,1.5,3.0,9.0,143.5,4.0,6.0,1.0,10.0,0.729,0.0904,2198.0,2013-11-20 21:33:04,G25
2013-11-21,-25.90000000000004,436.3,-0.5755555555555563,-1.700000000000001,-0.0377777777777778,10.3,8.6,1.700000000000001,4.0,0.0,4.999999999999929,True,45.0,12.0,422.4,0.4,-0.2999999999999989,-0.0099999999999999,8.6,8.3,0.2999999999999989,3.0,4.999999999999929,-4.999999999999929,True,30.0,-32.89999999999998,444.5,-0.7311111111111106,-1.4000000000000004,-0.0311111111111111,8.3,6.9,1.4000000000000004,4.0,-4.999999999999929,0.0,True,45.0,8.544444444444444,-1.8,-2.3,0.04,0.555,0.73,-0.016,321.75,7.41057802513857,-5.5,-5.0,-7.0,0.585,0.65,-1.65,5.0,7.0,30.0,137.8,4.0,6.0,1.0,21.0,0.746,0.0933,2206.0,2013-11-21 22:15:04,G31
2013-11-22,-1.8000000000000114,388.6,-0.0400000000000002,-0.1000000000000014,-0.0022222222222222,8.65,8.45,0.200000000000001,4.0,0.0,4.999999999999929,True,45.0,14.0,391.3,0.4666666666666667,-0.25,-0.0083333333333333,8.45,8.2,0.25,3.0,4.999999999999929,-4.999999999999929,True,30.0,36.89999999999998,428.2,0.8199999999999995,-0.0999999999999996,-0.0022222222222222,8.3,8.1,0.200000000000001,4.0,-4.999999999999929,0.0,True,45.0,8.36111111111111,0.8,-1.0,0.7000000000000001,-0.25,0.27,-0.198,297.5,3.1091263510296048,0.4,-2.0,-3.0,0.74,0.88,-1.15,10.0,10.0,60.0,139.2,4.0,6.0,1.0,7.0,0.566,0.0862,2216.0,2013-11-22 20:48:04,G06
2013-11-23,-2.1999999999999886,387.9,-0.0488888888888886,0.0,0.0,9.5,9.4,0.0999999999999996,4.0,0.0,4.999999999999929,True,45.0,-13.200000000000044,381.1,-0.4400000000000015,-0.0999999999999996,-0.0033333333333333,9.5,9.3,0.1999999999999993,3.0,4.999999999999929,-4.999999999999929,True,30.0,87.5,452.4,1.9444444444444444,0.0999999999999996,0.0022222222222222,9.5,9.3,0.1999999999999993,4.0,-4.999999999999929,0.0,True,45.0,9.422222222222224,0.35,-1.2,-0.98,-0.0974999999999999,0.39,0.301,310.5,24.03469714114714,15.8,-8.0,-9.0,0.7849999999999999,0.88,-1.0750000000000002,5.0,10.0,30.0,132.2,4.0,6.0,1.0,19.0,0.7252,0.0922,2226.0,2013-11-23 22:09:04,G31
2013-11-24,2.5,411.4,0.0555555555555555,0.0,0.0,11.1,11.0,0.0999999999999996,4.0,0.0,4.999999999999929,True,45.0,-3.0,418.2,-0.1,0.0,0.0,11.3,11.1,0.200000000000001,3.0,4.999999999999929,-4.999999999999929,True,30.0,64.5,472.9,1.4333333333333331,-0.9000000000000004,-0.02,11.1,10.2,0.9000000000000004,4.0,-4.999999999999929,0.0,True,45.0,10.911111111111111,-0.375,-1.1,-0.27,0.115,0.34,0.084,304.25,3.095695936834452,2.1,-4.25,-6.0,0.48,0.52,-1.225,0.0,0.0,0.0,123.9,4.0,6.0,1.0,20.0,0.7876,0.0901,2242.0,2013-11-24 21:39:04,G14
2013-11-25,26.399999999999977,393.5,0.5866666666666661,0.3000000000000007,0.0066666666666666,10.85,10.5,0.3499999999999996,4.0,0.0,4.999999999999929,True,45.0,-19.5,393.5,-0.65,-0.1000000000000014,-0.0033333333333333,10.8,10.1,0.7000000000000011,3.0,4.999999999999929,-4.999999999999929,True,30.0,43.80000000000001,417.8,0.9733333333333336,0.8000000000000007,0.0177777777777777,11.5,10.7,0.8000000000000007,4.0,-4.999999999999929,0.0,True,45.0,10.838888888888889,-0.0249999999999999,-0.7,-0.55,0.0025,0.21,0.1709999999999999,307.0,9.345230512584124,-7.2,2.5,1.0,0.575,0.74,-1.85,0.0,0.0,0.0,116.0,4.0,6.0,1.0,20.0,0.5656,0.0861,2254.0,2013-11-25 21:57:04,G14
2013-11-26,-1.400000000000034,382.6,-0.0311111111111118,0.25,0.0055555555555555,9.2,8.95,0.25,4.0,0.0,4.999999999999929,True,45.0,-37.599999999999966,380.7,-1.2533333333333323,0.3000000000000007,0.01,9.5,9.2,0.3000000000000007,3.0,4.999999999999929,-4.999999999999929,True,30.0,18.399999999999977,361.5,0.4088888888888883,-0.0999999999999996,-0.0022222222222222,9.5,9.4,0.0999999999999996,4.0,-4.999999999999929,0.0,True,45.0,9.27777777777778,2.175,1.4,-0.2699999999999999,-0.685,-0.46,0.0779999999999999,310.25,3.095695936834452,-2.1,15.0,11.0,1.54,1.79,-1.625,5.0,7.0,30.0,112.4,4.0,6.0,1.0,22.0,0.6686,0.0857,2266.0,2013-11-26 21:48:04,G31
2013-11-27,-41.10000000000002,333.7,-0.913333333333334,-1.5500000000000007,-0.0344444444444444,8.4,6.75,1.6500000000000004,4.0,0.0,4.999999999999929,True,45.0,23.80000000000001,300.2,0.7933333333333337,0.1500000000000003,0.005,6.9,6.75,0.1500000000000003,3.0,4.999999999999929,-4.999999999999929,True,30.0,69.19999999999999,369.4,1.5377777777777777,0.3999999999999994,0.0088888888888888,7.3,6.9,0.3999999999999994,4.0,-4.999999999999929,0.0,True,45.0,7.322222222222223,2.525,1.7,-0.3899999999999999,-0.7175,-0.47,0.117,283.25,5.057996968497839,-0.9,11.25,11.0,0.425,0.47,-2.2,0.0,0.0,0.0,125.6,4.0,6.0,1.0,5.0,0.5107,0.0664,2279.0,2013-11-27 21:41:04,G21
2013-11-28,3.3999999999999773,383.7,0.075555555555555,-0.25,-0.0055555555555555,11.55,11.3,0.25,4.0,0.0,4.999999999999929,True,45.0,8.5,391.5,0.2833333333333333,0.0,0.0,11.3,11.3,0.0,3.0,4.999999999999929,-4.999999999999929,True,30.0,21.899999999999977,413.4,0.4866666666666661,-0.3000000000000007,-0.0066666666666666,11.3,11.0,0.3000000000000007,4.0,-4.999999999999929,0.0,True,45.0,11.266666666666667,-1.825,-2.5,0.43,0.4925,0.69,-0.1169999999999999,274.25,3.304037933599835,-2.3,3.25,2.0,0.9425,1.01,4.025,1.5,3.0,9.0,129.3,4.0,6.0,1.0,2.0,0.4961,0.0799,2293.0,2013-11-28 20:41:04,G25
2013-11-29,-93.7,411.7,-2.0822222222222218,-3.799999999999999,-0.0844444444444444,12.7,8.9,3.799999999999999,4.0,0.0,4.999999999999929,True,45.0,88.5,406.5,2.95,2.4000000000000004,0.08,11.4,8.9,2.5,3.0,4.999999999999929,-4.999999999999929,True,30.0,35.80000000000001,442.3,0.7955555555555558,-0.1000000000000014,-0.0022222222222222,11.7,11.2,0.5,4.0,-4.999999999999929,0.0,True,45.0,11.333333333333334,2.525,0.1,-1.39,-0.8499999999999999,-0.07,0.4539999999999999,331.25,2.5,1.9,-7.25,-9.0,1.8325,1.92,5.6,25.0,33.0,150.0,125.0,4.0,6.0,1.0,20.0,0.6046,0.1074,2305.0,2013-11-29 21:08:04,G31
2013-12-01,-6.600000000000023,449.0,-0.1466666666666671,-2.0,-0.0444444444444444,12.35,10.35,2.0,4.0,0.0,4.999999999999929,True,45.0,-21.69999999999999,442.4,-0.7233333333333329,-1.3499999999999996,-0.0449999999999999,10.35,9.0,1.3499999999999996,3.0,4.999999999999929,-4.999999999999929,True,30.0,24.40000000000004,453.4,0.5422222222222229,-0.4000000000000003,-0.0088888888888888,9.0,8.6,0.4000000000000003,4.0,-4.999999999999929,0.0,True,45.0,9.977777777777778,5.325,3.3,-0.8899999999999999,-2.375,-1.46,0.416,454.0,3.741657386773941,-0.4,-10.25,-12.0,0.4575,0.71,-3.6,3.5,7.0,21.0,126.9,4.0,6.0,1.0,14.0,0.7352,0.0789,2325.0,2013-12-01 22:25:04,G18
2013-12-02,-10.0,392.4,-0.2222222222222222,-0.4000000000000003,-0.0088888888888888,11.75,11.25,0.5,4.0,0.0,4.999999999999929,True,45.0,33.30000000000001,409.5,1.1100000000000003,-0.0500000000000007,-0.0016666666666666,11.5,11.2,0.3000000000000007,3.0,4.999999999999929,-4.999999999999929,True,30.0,55.10000000000002,464.6,1.224444444444445,-0.3999999999999986,-0.0088888888888888,11.2,10.8,0.3999999999999986,4.0,-4.999999999999929,0.0,True,45.0,11.333333333333332,0.725,0.3,0.2099999999999999,-0.3275,-0.19,-0.079,382.25,3.5,0.9,-9.25,-12.0,0.265,0.35,3.65,0.0,0.0,0.0,130.0,4.0,6.0,1.0,11.0,0.6486,0.0647,2334.0,2013-12-02 19:32:04,G29
2013-12-03,11.899999999999975,422.4,0.2644444444444439,-0.25,-0.0055555555555555,11.35,10.8,0.5499999999999989,4.0,0.0,4.999999999999929,True,45.0,18.399999999999977,435.4,0.6133333333333326,-0.4000000000000003,-0.0133333333333333,10.8,10.4,0.4000000000000003,3.0,4.999999999999929,-4.999999999999929,True,30.0,39.10000000000002,474.5,0.8688888888888894,-1.0999999999999996,-0.0244444444444444,10.4,9.3,1.0999999999999996,4.0,-4.999999999999929,0.0,True,45.0,10.4,-0.7499999999999999,-2.4,0.5800000000000001,0.3125,0.91,-0.215,381.0,9.128709291752768,5.8,-13.25,-15.0,1.06,1.36,-2.4,22.0,27.0,132.0,131.9,4.0,6.0,1.0,15.0,0.6829,0.089,2347.0,2013-12-03 23:36:04,G22
2013-12-04,-18.80000000000001,414.5,-0.417777777777778,-0.6500000000000004,-0.0144444444444444,10.3,9.65,0.6500000000000004,4.0,0.0,4.999999999999929,True,45.0,-0.6999999999999886,395.7,-0.0233333333333329,-0.1500000000000003,-0.005,9.65,9.3,0.3499999999999996,3.0,4.999999999999929,-4.999999999999929,True,30.0,12.5,407.5,0.2777777777777778,-0.0999999999999996,-0.0022222222222222,9.5,9.4,0.0999999999999996,4.0,-4.999999999999929,0.0,True,45.0,9.68888888888889,-1.825,-3.3,0.45,0.595,1.17,-0.174,347.25,5.852349955359813,-0.9,-20.0,-20.0,0.55,0.65,2.85,13.5,17.0,81.0,134.0,4.0,6.0,1.0,4.0,0.483,0.0704,2304.0,2013-12-04 23:36:04,G22
2013-12-05,-3.6000000000000227,331.1,-0.0800000000000005,-0.2999999999999989,-0.0066666666666666,8.2,7.9,0.2999999999999989,4.0,0.0,4.999999999999929,True,45.0,15.100000000000025,353.3,0.5033333333333341,0.1999999999999993,0.0066666666666666,8.4,7.9,0.5,3.0,4.999999999999929,-4.999999999999929,True,30.0,24.0,366.6,0.5333333333333333,-0.8999999999999995,-0.0199999999999999,8.1,6.7,1.3999999999999997,4.0,-4.999999999999929,0.0,True,45.0,7.711111111111112,1.1750000000000005,-0.7,0.7500000000000001,-0.385,0.19,-0.2219999999999999,329.0,6.582805886043833,1.2,-12.0,-13.0,0.54,0.6,-5.551115123125783e-17,8.5,10.0,51.0,145.3,4.0,6.0,1.0,13.0,0.564,0.0819,2377.0,2013-12-05 23:34:04,G22
2013-12-06,-64.0,360.6,-1.4222222222222225,-1.9,-0.0422222222222222,9.1,6.7,2.3999999999999995,4.0,0.0,4.999999999999929,True,45.0,-27.700000000000045,320.2,-0.9233333333333348,-1.4000000000000004,-0.0466666666666666,7.9,5.8,2.1000000000000005,3.0,4.999999999999929,-4.999999999999929,True,30.0,101.0,369.9,2.2444444444444445,2.500000000000001,0.0555555555555555,8.6,5.8,2.8,4.0,-4.999999999999929,0.0,True,45.0,7.588888888888889,-1.9,-2.7,-0.44,0.6325000000000001,0.92,0.121,336.75,2.753785273643051,0.1,0.25,-3.0,2.64,2.77,0.025,10.0,13.0,60.0,146.1,4.0,6.0,1.0,22.0,0.8675,0.0726,2392.0,2013-12-06 20:11:04,G25
2013-12-07,-8.099999999999966,394.1,-0.1799999999999992,-0.200000000000001,-0.0044444444444444,9.55,9.35,0.200000000000001,4.0,0.0,4.999999999999929,True,45.0,25.30000000000001,409.6,0.8433333333333337,-0.0499999999999989,-0.0016666666666666,9.35,9.3,0.0499999999999989,3.0,4.999999999999929,-4.999999999999929,True,30.0,23.5,433.1,0.5222222222222223,-0.4000000000000003,-0.0088888888888888,9.3,8.9,0.4000000000000003,4.0,-4.999999999999929,0.0,True,45.0,9.305555555555555,-1.275,-8.3,-3.67,0.6525,3.48,1.421,396.75,28.453177912727664,20.7,12.5,4.0,5.01,6.15,-2.2750000000000004,23.5,27.0,141.0,152.3,4.0,6.0,1.0,2.0,0.6113,0.0659,2409.0,2013-12-07 23:29:04,G22
2013-12-08,-46.80000000000001,421.2,-1.0400000000000005,-0.8500000000000014,-0.0188888888888889,10.3,9.45,0.8500000000000014,4.0,0.0,4.999999999999929,True,45.0,23.600000000000023,398.0,0.7866666666666674,0.0500000000000007,0.0016666666666666,9.5,9.45,0.0500000000000007,3.0,4.999999999999929,-4.999999999999929,True,30.0,40.80000000000001,438.8,0.906666666666667,-0.3000000000000007,-0.0066666666666666,9.5,9.2,0.3000000000000007,4.0,-4.999999999999929,0.0,True,45.0,9.616666666666667,-0.625,-1.5,0.49,0.2549999999999999,0.74,-0.2619999999999999,546.0,15.663120165960974,-12.0,-31.25,-33.0,0.7374999999999999,1.13,2.225,23.5,30.0,141.0,160.6,4.0,6.0,1.0,24.0,0.6362,0.0851,2426.0,2013-12-08 20:54:04,G31
2013-12-09,-12.900000000000034,424.8,-0.2866666666666674,-0.450000000000001,-0.01,11.15,10.55,0.5999999999999996,4.0,0.0,4.999999999999929,True,45.0,7.100000000000023,419.0,0.2366666666666674,-0.0999999999999996,-0.0033333333333333,10.7,9.3,1.3999999999999986,3.0,4.999999999999929,-4.999999999999929,True,30.0,29.69999999999999,448.7,0.6599999999999997,-0.1999999999999993,-0.0044444444444444,10.6,10.4,0.1999999999999993,4.0,-4.999999999999929,0.0,True,45.0,10.533333333333331,0.7999999999999999,-0.2,0.12,-0.395,0.04,-0.0679999999999999,416.25,3.304037933599835,2.3,-16.75,-18.0,1.26,1.38,1.9,13.0,13.0,78.0,163.1,4.0,6.0,1.0,25.0,0.665,0.0828,2441.0,2013-12-09 20:40:04,G14
2013-12-10,0.7999999999999545,402.9,0.0177777777777767,-0.0999999999999996,-0.0022222222222222,9.0,8.9,0.0999999999999996,4.0,0.0,4.999999999999929,True,45.0,10.5,413.4,0.35,-0.0999999999999996,-0.0033333333333333,8.9,8.8,0.0999999999999996,3.0,4.999999999999929,-4.999999999999929,True,30.0,31.0,444.4,0.6888888888888889,-0.7000000000000011,-0.0155555555555555,8.8,8.1,0.7000000000000011,4.0,-4.999999999999929,0.0,True,45.0,8.722222222222221,-0.0749999999999999,-0.7,-0.39,-0.0124999999999999,0.19,0.133,379.75,6.946221994724902,-4.5,-7.5,-9.0,0.9525,1.11,1.025,1.5,3.0,9.0,169.9,4.0,6.0,1.0,1.0,0.4297,0.061,2233.0,2013-12-10 20:46:04,G21
2013-12-11,-1.6999999999999886,412.8,-0.0377777777777775,-0.5,-0.0111111111111111,9.5,9.0,0.5,4.0,0.0,4.999999999999929,True,45.0,3.899999999999977,421.4,0.1299999999999992,0.0,0.0,9.1,9.0,0.0999999999999996,3.0,4.999999999999929,-4.999999999999929,True,30.0,25.899999999999977,440.9,0.575555555555555,-0.1999999999999993,-0.0044444444444444,9.0,8.8,0.1999999999999993,4.0,-4.999999999999929,0.0,True,45.0,9.077777777777778,-0.8,-0.9,0.02,0.255,0.3,0.002,330.25,7.632168761236874,-5.1,-8.25,-9.0,0.7675000000000001,0.8,0.175,6.5,10.0,39.0,165.6,4.0,6.0,1.0,12.0,0.7357,0.0897,2468.0,2013-12-11 19:22:04,G29
2013-12-14,6.399999999999977,468.9,0.1422222222222217,-0.4000000000000003,-0.0088888888888888,12.6,11.6,1.0,4.0,0.0,4.999999999999929,True,45.0,24.700000000000045,493.6,0.8233333333333348,-0.1999999999999993,-0.0066666666666666,12.2,11.4,0.7999999999999989,3.0,4.999999999999929,-4.999999999999929,True,30.0,-23.700000000000045,493.6,-0.5266666666666677,-2.8000000000000007,-0.0622222222222222,12.0,9.2,2.8000000000000007,4.0,-4.999999999999929,0.0,True,45.0,11.266666666666667,4.324999999999999,2.2,-0.3300000000000002,-2.015,-0.76,0.082,588.25,7.632168761236874,4.1,-15.0,-19.0,4.3175,4.69,-6.725,31.5,40.0,189.0,159.0,4.0,6.0,1.0,2.0,0.4391,0.0882,2523.0,2013-12-14 22:55:04,G22
2013-12-15,25.600000000000023,398.3,0.5688888888888894,-0.0500000000000007,-0.0011111111111111,13.9,13.6,0.3000000000000007,4.0,0.0,4.999999999999929,True,45.0,32.099999999999966,430.4,1.069999999999999,-0.0999999999999996,-0.0033333333333333,13.6,13.2,0.4000000000000003,3.0,4.999999999999929,-4.999999999999929,True,30.0,23.40000000000004,463.0,0.5200000000000008,-1.1999999999999993,-0.0266666666666666,13.5,12.3,1.1999999999999993,4.0,-4.999999999999929,0.0,True,45.0,13.405555555555557,0.875,0.2,-0.15,-0.8525,-0.58,0.087,449.0,3.559026084010437,-1.8,-13.5,-16.0,0.305,0.43,7.8,10.0,10.0,60.0,151.3,4.0,6.0,1.0,41.0,0.7074,0.0845,2534.0,2013-12-15 20:12:04,G14
2013-12-17,18.80000000000001,439.3,0.417777777777778,-0.2999999999999989,-0.0066666666666666,12.7,12.4,0.2999999999999989,4.0,0.0,4.999999999999929,True,45.0,-21.30000000000001,460.5,-0.7100000000000004,-0.9000000000000004,-0.03,12.7,11.5,1.1999999999999993,3.0,4.999999999999929,-4.999999999999929,True,30.0,37.89999999999998,457.6,0.8422222222222218,0.0999999999999996,0.0022222222222222,12.4,11.5,0.9000000000000004,4.0,-4.999999999999929,0.0,True,45.0,12.277777777777777,0.575,-1.2,1.17,-0.0475,0.58,-0.4429999999999999,384.0,9.486832980505138,-4.6,-3.75,-5.0,0.605,0.7,-2.675,15.0,23.0,90.0,153.9,4.0,6.0,1.0,5.0,0.5654,0.0706,2550.0,2013-12-17 23:40:04,G16
2013-12-18,19.69999999999999,426.8,0.4377777777777775,-0.4000000000000003,-0.0088888888888888,13.15,12.5,0.6500000000000004,4.0,0.0,4.999999999999929,True,45.0,14.199999999999989,441.0,0.4733333333333329,0.3000000000000007,0.01,13.0,12.5,0.5,3.0,4.999999999999929,-4.999999999999929,True,30.0,16.69999999999999,466.9,0.3711111111111108,-1.200000000000001,-0.0266666666666666,12.8,11.6,1.200000000000001,4.0,-4.999999999999929,0.0,True,45.0,12.66111111111111,-0.55,-1.2,-0.44,0.395,0.64,0.186,359.0,6.97614984548545,2.2,-5.25,-8.0,1.0275,1.16,-3.5,8.0,13.0,48.0,151.1,4.0,6.0,1.0,4.0,0.4912,0.0722,2555.0,2013-12-18 23:36:04,G16
2013-12-19,30.09999999999997,416.7,0.6688888888888881,0.5999999999999996,0.0133333333333333,12.35,11.7,0.6500000000000004,4.0,0.0,4.999999999999929,True,45.0,-12.899999999999975,416.7,-0.4299999999999992,-0.3499999999999996,-0.0116666666666666,12.35,12.0,0.3499999999999996,3.0,4.999999999999929,-4.999999999999929,True,30.0,44.599999999999966,448.4,0.9911111111111104,-0.4000000000000003,-0.0088888888888888,12.0,11.6,0.4000000000000003,4.0,-4.999999999999929,0.0,True,45.0,11.927777777777775,-0.975,-4.5,-1.33,0.53,1.72,0.456,361.25,3.4034296427770228,0.5,-14.0,-19.0,0.9200000000000002,1.03,-2.85,18.5,20.0,111.0,148.5,4.0,6.0,1.0,8.0,0.6059,0.0677,2557.0,2013-12-19 19:28:04,G25
2013-12-20,-5.399999999999977,399.8,-0.1199999999999995,-0.2999999999999989,-0.0066666666666666,11.25,10.8,0.4499999999999993,4.0,0.0,4.999999999999929,True,45.0,21.399999999999977,433.6,0.7133333333333326,0.1999999999999993,0.0066666666666666,11.6,10.9,0.6999999999999993,3.0,4.999999999999929,-4.999999999999929,True,30.0,50.5,466.2,1.1222222222222222,-0.4000000000000003,-0.0088888888888888,11.3,10.7,0.6000000000000014,4.0,-4.999999999999929,0.0,True,45.0,11.083333333333336,-2.75,-4.1,0.5000000000000001,0.935,1.36,-0.102,343.0,5.477225575051661,3.6,-11.5,-13.0,0.675,0.75,-0.15,13.5,17.0,81.0,144.4,4.0,6.0,0.0,0.0,0.3578,0.0719,2563.0,2013-12-20 21:45:04,G19
2013-12-21,-8.800000000000011,417.4,-0.1955555555555558,0.1500000000000003,0.0033333333333333,11.55,11.4,0.1500000000000003,4.0,0.0,4.999999999999929,True,45.0,9.800000000000011,413.2,0.326666666666667,-0.1500000000000003,-0.005,11.6,11.4,0.1999999999999993,3.0,4.999999999999929,-4.999999999999929,True,30.0,33.799999999999955,441.9,0.7511111111111101,0.0,0.0,11.4,11.3,0.0999999999999996,4.0,-4.999999999999929,0.0,True,45.0,11.45,2.575,2.0,0.11,-0.905,-0.62,-0.0679999999999999,322.5,8.504900548115382,1.6,1.0,-1.0,0.5549999999999999,0.62,1.6,5.0,7.0,30.0,139.5,4.0,6.0,1.0,6.0,0.6549,0.0747,2571.0,2013-12-21 19:26:04,G25
2013-12-22,35.400000000000034,455.3,0.7866666666666674,-0.8000000000000007,-0.0177777777777777,12.0,11.2,0.8000000000000007,4.0,0.0,4.999999999999929,True,45.0,-6.0,463.1,-0.2,-1.6999999999999993,-0.0566666666666666,11.2,9.5,1.6999999999999993,3.0,4.999999999999929,-4.999999999999929,True,30.0,-6.600000000000023,449.3,-0.1466666666666671,-1.5999999999999996,-0.0355555555555555,9.5,7.9,1.5999999999999996,4.0,-4.999999999999929,0.0,True,45.0,10.133333333333336,0.2749999999999999,-1.2,-1.0099999999999998,-0.2325,0.19,0.287,311.25,2.0615528128088303,-1.5,5.5,5.0,1.125,1.21,2.575,0.0,0.0,0.0,133.4,4.0,6.0,1.0,1.0,0.4551,0.0586,2579.0,2013-12-22 20:54:04,G18
2013-12-23,9.199999999999989,399.4,0.2044444444444441,0.1999999999999993,0.0044444444444444,12.25,11.7,0.5500000000000007,4.0,0.0,4.999999999999929,True,45.0,11.699999999999989,408.0,0.3899999999999996,0.3499999999999996,0.0116666666666666,12.6,12.25,0.3499999999999996,3.0,4.999999999999929,-4.999999999999929,True,30.0,17.100000000000023,422.8,0.3800000000000005,-1.1999999999999993,-0.0266666666666666,12.6,9.3,3.299999999999999,4.0,-4.999999999999929,0.0,True,45.0,11.855555555555556,0.275,-0.7,0.59,-0.1624999999999999,0.21,-0.2009999999999999,295.0,1.4142135623730951,-1.0,5.0,3.0,0.915,0.96,1.55,5.0,7.0,30.0,131.6,4.0,6.0,1.0,47.0,0.9632,0.0853,2589.0,2013-12-23 19:51:04,G14
2013-12-24,11.800000000000011,429.1,0.2622222222222224,-0.1500000000000003,-0.0033333333333333,11.6,11.35,0.25,4.0,0.0,4.999999999999929,True,45.0,8.599999999999966,437.7,0.2866666666666655,-0.0499999999999989,-0.0016666666666666,11.45,11.4,0.0499999999999989,3.0,4.999999999999929,-4.999999999999929,True,30.0,26.0,463.7,0.5777777777777777,-0.5,-0.0111111111111111,11.4,10.9,0.5,4.0,-4.999999999999929,0.0,True,45.0,11.316666666666666,-1.9,-3.5,0.2599999999999999,0.4149999999999999,0.84,-0.196,303.25,10.688779163215974,7.1,5.75,3.0,1.645,1.91,2.2,10.0,17.0,60.0,124.1,4.0,6.0,1.0,7.0,0.807,0.0641,2604.0,2013-12-24 20:44:04,G18
2013-12-25,7.399999999999977,394.5,0.1644444444444439,0.0999999999999996,0.0022222222222222,8.65,8.55,0.0999999999999996,4.0,0.0,4.999999999999929,True,45.0,-3.899999999999977,392.5,-0.1299999999999992,0.0499999999999989,0.0016666666666666,8.85,8.65,0.1999999999999993,3.0,4.999999999999929,-4.999999999999929,True,30.0,-14.600000000000025,398.6,-0.3244444444444449,-0.2999999999999989,-0.0066666666666666,8.7,8.4,0.2999999999999989,4.0,-4.999999999999929,0.0,True,45.0,8.649999999999999,1.45,1.0,-0.0399999999999999,-0.6275,-0.5,0.015,280.75,3.593976442141304,1.9,-12.5,-14.0,1.8825,2.0,3.725,8.0,13.0,48.0,118.7,4.0,6.0,1.0,8.0,0.504,0.064,2612.0,2013-12-25 23:08:04,G16
2013-12-26,27.30000000000001,443.0,0.6066666666666669,-0.4000000000000003,-0.0088888888888888,11.65,11.25,0.4000000000000003,4.0,0.0,4.999999999999929,True,45.0,11.399999999999975,454.4,0.3799999999999992,-0.1500000000000003,-0.005,11.25,11.1,0.1500000000000003,3.0,4.999999999999929,-4.999999999999929,True,30.0,-38.099999999999966,459.5,-0.8466666666666659,-1.799999999999999,-0.0399999999999999,11.1,9.3,1.799999999999999,4.0,-4.999999999999929,0.0,True,45.0,11.0,4.2,3.4,0.32,-1.0525,-0.76,-0.1169999999999999,264.25,1.707825127659933,1.3,0.0,-1.0,0.8075,0.87,-0.525,1.5,3.0,9.0,120.6,4.0,6.0,1.0,10.0,0.5665,0.071,2621.0,2013-12-26 22:07:04,G22
2013-12-27,35.69999999999999,334.4,0.7933333333333331,0.3999999999999994,0.0088888888888888,7.9,7.1,0.8000000000000007,4.0,0.0,4.999999999999929,True,45.0,-37.79999999999996,334.4,-1.2599999999999985,-1.3499999999999996,-0.0449999999999999,7.85,6.5,1.3499999999999996,3.0,4.999999999999929,-4.999999999999929,True,30.0,47.29999999999996,343.9,1.05111111111111,0.4000000000000003,0.0088888888888888,6.9,6.5,0.4000000000000003,4.0,-4.999999999999929,0.0,True,45.0,7.122222222222224,1.975,0.9,-0.3299999999999999,-0.645,-0.24,0.112,296.25,2.0615528128088303,1.1,20.5,19.0,3.0225,3.52,1.1749999999999998,6.5,10.0,39.0,126.3,4.0,6.0,1.0,2.0,0.5311,0.051,1923.0,2013-12-27 23:21:04,G14
2013-12-28,-0.5,390.7,-0.0111111111111111,-0.1999999999999993,-0.0044444444444444,9.95,9.55,0.3999999999999986,4.0,0.0,4.999999999999929,True,45.0,47.19999999999999,413.9,1.573333333333333,-0.450000000000001,-0.015,9.55,9.1,0.450000000000001,3.0,4.999999999999929,-4.999999999999929,True,30.0,39.30000000000001,453.2,0.8733333333333336,-0.4000000000000003,-0.0088888888888888,9.1,8.7,0.4000000000000003,4.0,-4.999999999999929,0.0,True,45.0,9.31111111111111,-0.5250000000000001,-4.4,-0.6099999999999999,-0.0825,1.16,0.1549999999999999,350.0,10.98483803552272,7.4,3.25,-4.0,0.995,1.73,3.3,10.0,10.0,60.0,130.1,4.0,6.0,1.0,4.0,0.4715,0.0619,2636.0,2013-12-28 19:31:04,G21
2013-12-29,9.399999999999975,409.4,0.2088888888888883,-0.1500000000000003,-0.0033333333333333,11.35,11.2,0.1500000000000003,4.0,0.0,4.999999999999929,True,45.0,13.800000000000011,423.2,0.4600000000000003,-0.0999999999999996,-0.0033333333333333,11.2,11.1,0.0999999999999996,3.0,4.999999999999929,-4.999999999999929,True,30.0,24.40000000000004,447.6,0.5422222222222229,-0.5,-0.0111111111111111,11.5,10.6,0.9000000000000004,4.0,-4.999999999999929,0.0,True,45.0,11.205555555555556,1.275,0.5,-0.23,-0.7175,-0.33,0.107,358.75,17.745891543302825,-8.3,2.5,2.0,0.6825000000000001,0.76,3.125,5.0,10.0,30.0,132.5,4.0,6.0,1.0,2.0,0.5465,0.059,2648.0,2013-12-29 22:55:04,G16
2013-12-30,26.40000000000004,375.3,0.5866666666666674,0.0,0.0,11.7,11.6,0.0999999999999996,3.0,0.0,4.999999999999929,True,45.0,23.80000000000001,399.1,0.7933333333333337,-0.0999999999999996,-0.0033333333333333,11.7,11.5,0.1999999999999993,3.0,4.999999999999929,-4.999999999999929,True,30.0,42.0,441.1,0.9333333333333332,-1.0999999999999996,-0.0244444444444444,11.5,10.4,1.0999999999999996,4.0,-4.999999999999929,0.0,True,45.0,11.2625,-2.75,-4.2,-0.78,0.675,1.41,0.362,380.5,24.515301344262525,10.2,-3.5,-8.0,0.1875,0.23,3.8249999999999993,1.5,3.0,9.0,138.2,4.0,6.0,1.0,3.0,0.443,0.061,2661.0,2013-12-30 22:46:04,G16
