FECHA,Mh_PRECURSOR,Mv_PRECURSOR,Dh_TOTAL,F_DENSITY,Delta_foF2_1,slope_foF2_1,foF2_max_SW,foF2_min_SW,foF2_drop_SW,num_muestras_foF2,delta_inicio_min,delta_fin_min,extremos_validos,hora_inicio_real,hora_fin_real,tiempo_real_min,num_registros,Bz_mean_16_19,Bz_min_16_19,Bz_slope_16_19,E_mean_16_19,E_max_16_19,E_slope_16_19,SW_speed_mean_16_19,SW_speed_std_16_19,SW_speed_slope_16_19,Dst_mean_16_19,Dst_min_16_19,Pdyn_mean_16_19,Pdyn_max_16_19,BY_mean_16_19,Kp_last_6h_mean,Kp_last_6h_max,Kp_last_6h_sum,F10.7_Index,num_registros_16_19,num_registros_kp_13_18
2012-12-31,312.9,,,9.4,,,9.4,,,1,120.0,0.0,False,2012-12-31 19:00:00,,,1,-0.2,-0.2,,0.14,0.14,,358.0,,,4.0,4,0.49,0.49,-0.7,,,,113.9,1,0
2013-01-01,,,,,,,,,,0,15.0,0.0,False,2013-01-01 17:15:00,2013-01-01 19:00:00,,3,1.025,0.5,0.39,-0.1775,-0.0,-0.139,307.5,1.0,-0.6,4.25,2,0.65,0.69,-1.5750000000000002,0.0,0.0,0.0,113.9,4,6
2013-01-02,,,,,,,,,,0,15.0,0.0,False,2013-01-02 17:15:00,2013-01-02 19:00:00,,5,-0.1999999999999999,-1.9,0.3999999999999999,0.16,0.7,-0.174,305.5,3.3166247903554,1.2,3.25,1,2.17,2.42,-1.275,8.5,10.0,51.0,115.0,4,6
2013-01-03,,,,,,,,,,0,30.0,0.0,False,2013-01-03 17:30:00,2013-01-03 19:00:00,,7,-1.15,-3.1,-1.08,0.0099999999999999,0.82,0.408,302.5,1.7320508075688772,0.8,7.0,5,1.4325,1.61,3.8,0.0,0.0,0.0,124.6,4,6
2013-01-04,,,,,,,,,,0,15.0,0.0,False,2013-01-04 17:15:00,2013-01-04 19:00:00,,6,-0.925,-2.3,0.67,0.0924999999999999,0.57,-0.205,335.25,1.8929694486000912,0.7,1.75,1,0.9449999999999998,1.14,2.1500000000000004,7.0,7.0,42.0,138.4,4,6
2013-01-05,,,,,,,,,,0,60.0,0.0,False,2013-01-05 18:00:00,2013-01-05 19:00:00,,5,-0.6000000000000001,-1.2,-0.0799999999999999,-0.04,0.12,-0.0119999999999999,291.25,2.0615528128088303,1.5,1.75,-3,0.5025,0.54,2.475,1.5,3.0,9.0,140.3,4,6
2013-01-06,,,,,,,,,,0,30.0,0.0,False,2013-01-06 17:30:00,2013-01-06 19:00:00,,5,1.575,-1.0,0.21,-0.11,0.7,-0.072,347.5,3.415650255319866,-2.2,9.0,5,2.5475,2.88,-4.0,13.5,17.0,81.0,137.5,4,6
2013-01-07,421.8,0.3400000000000001,40.80000000000001,11.3125,-0.8999999999999986,-0.0074999999999999,11.7,10.8,0.8999999999999986,8,0.0,0.0,True,2013-01-07 17:00:00,2013-01-07 19:00:00,120.0,8,1.775,0.5,-0.11,-0.365,0.24,0.1099999999999999,353.5,7.593857166596345,-5.8,4.0,2,1.4075,1.79,-2.1750000000000003,5.0,7.0,30.0,144.8,4,6
2013-01-08,444.7,-0.7641666666666665,-91.7,8.507499999999999,-4.9,-0.0408333333333333,10.5,5.6,4.9,20,0.0,0.0,True,2013-01-08 17:00:00,2013-01-08 19:00:00,120.0,20,-2.7,-3.2,-8.881784197001253e-17,0.875,1.03,0.1159999999999999,325.75,4.5,3.3,0.75,-1,1.8175,1.92,-0.35,16.5,23.0,99.0,150.5,4,6
2013-01-09,374.7,0.2433333333333332,29.19999999999999,11.0,-1.299999999999999,-0.0108333333333333,11.7,10.4,1.299999999999999,13,0.0,0.0,True,2013-01-09 17:00:00,2013-01-09 19:00:00,120.0,13,-1.35,-3.3,0.9,0.4449999999999999,1.14,-0.4119999999999999,322.5,4.43471156521669,-1.0,-4.0,-6,0.97,1.03,-0.2750000000000001,7.0,7.0,42.0,163.8,4,6
2013-01-10,444.3,0.1575000000000002,18.900000000000038,8.96,-2.9000000000000004,-0.0241666666666666,10.8,7.2,3.6000000000000005,15,0.0,0.0,True,2013-01-10 17:00:00,2013-01-10 19:00:00,120.0,15,-0.3249999999999999,-0.8,0.45,-0.0599999999999999,0.24,-0.2219999999999999,296.75,3.304037933599835,-1.5,3.75,2,1.17,1.34,1.525,5.0,7.0,30.0,168.2,4,6
2013-01-11,,,,,,,,,,0,30.0,0.0,False,2013-01-11 17:30:00,2013-01-11 19:00:00,,16,-3.725,-5.1,0.6499999999999998,0.885,1.41,-0.2019999999999999,339.25,17.55704986607944,12.9,1.25,-5,1.7575,1.82,2.55,12.0,17.0,72.0,166.7,4,6
2013-01-12,,,,,,,,,,0,10.000000000000073,0.0,False,2013-01-12 17:10:00,2013-01-12 19:00:00,,16,-0.4749999999999998,-4.1,-1.99,-0.255,1.5,0.912,384.5,7.416198487095663,-3.6,5.0,3,1.945,2.04,3.325,6.5,10.0,39.0,163.0,4,6
2013-01-13,,,,,,,,,,0,64.99999999999993,0.0,False,2013-01-13 18:05:00,2013-01-13 19:00:00,,14,-0.425,-4.0,0.2700000000000001,0.1524999999999999,2.3,-0.3269999999999999,492.75,7.544313531837517,-1.7,-13.0,-18,2.5525,2.66,0.125,32.0,37.0,192.0,151.4,4,6
2013-01-14,460.4,0.5624000000000001,70.30000000000001,10.95,-2.0,-0.016,11.5,9.5,2.0,16,-4.999999999999929,0.0,True,2013-01-14 16:55:00,2013-01-14 19:00:00,125.0,16,0.525,-0.5,0.01,-0.4725,-0.05,0.1049999999999999,507.75,8.80814017448254,-6.5,-5.25,-6,0.8775,0.98,1.275,18.5,20.0,111.0,149.1,4,6
2013-01-15,435.0,0.5544000000000001,69.30000000000001,10.657894736842104,-1.5,-0.012,11.4,9.5,1.9000000000000004,19,-4.999999999999929,0.0,True,2013-01-15 16:55:00,2013-01-15 19:00:00,125.0,19,1.125,-0.4,-0.65,-0.7999999999999999,-0.21,0.2959999999999999,434.0,14.854853303438128,-10.2,-4.0,-7,1.0,1.08,2.25,8.0,13.0,48.0,135.2,4,6
2013-01-16,363.5,0.0939130434782609,10.800000000000011,10.292307692307691,-0.9000000000000004,-0.0078260869565217,10.7,9.5,1.1999999999999993,13,0.0,-4.999999999999929,True,2013-01-16 17:00:00,2013-01-16 18:55:00,115.0,13,1.5,0.3,0.8399999999999999,0.1249999999999999,0.57,-0.384,399.5,5.802298395176403,-4.0,3.25,-1,2.43,5.03,-4.725,21.5,23.0,129.0,132.6,4,6
2013-01-17,386.1,0.2834782608695654,32.60000000000002,9.988888888888887,-0.4000000000000003,-0.0034782608695652,10.4,9.5,0.9000000000000004,9,4.999999999999929,0.0,True,2013-01-17 17:05:00,2013-01-17 19:00:00,115.0,9,-1.35,-2.8,1.0,2.17,2.71,-0.418,373.0,8.04155872120988,-4.6,-51.5,-52,0.1725,0.37,-12.425,28.5,30.0,171.0,118.8,4,6
2013-01-18,349.9,0.0478260869565217,5.5,10.244444444444444,1.0,0.008695652173913,10.5,9.5,1.0,9,4.999999999999929,0.0,True,2013-01-18 17:05:00,2013-01-18 19:00:00,115.0,9,1.0,-0.9,-0.02,0.0125,0.76,0.0629999999999999,441.75,2.753785273643051,-2.1,0.0,-15,6.890000000000001,12.38,-2.625,25.0,30.0,150.0,111.5,4,6
2013-01-19,391.6,0.4316666666666667,51.80000000000001,8.192647058823532,0.6000000000000005,0.005,8.4,7.7,0.7000000000000002,17,0.0,0.0,True,2013-01-19 17:00:00,2013-01-19 19:00:00,120.0,17,-4.550000000000001,-6.9,-1.1200000000000003,1.405,2.32,0.422,434.75,2.6299556396765835,1.9,-12.5,-19,2.89,4.03,2.6,23.5,27.0,141.0,103.3,4,6
2013-01-20,407.5,0.2391304347826087,27.5,8.90625,-0.3000000000000007,-0.0026086956521739,9.15,8.5,0.6500000000000004,16,4.999999999999929,0.0,True,2013-01-20 17:05:00,2013-01-20 19:00:00,115.0,16,-1.0,-2.4,-0.92,0.25,0.77,0.2179999999999999,387.0,1.4142135623730951,-0.6,-10.25,-12,1.12,1.19,0.725,5.0,7.0,30.0,103.2,4,6
2013-01-21,446.8,-0.3208333333333333,-38.5,7.6175000000000015,-3.0,-0.025,9.9,6.9,3.0,20,0.0,0.0,True,2013-01-21 17:00:00,2013-01-21 19:00:00,120.0,20,-0.35,-1.4,0.4999999999999999,0.22,0.57,-0.1279999999999999,348.25,5.737304826019502,-4.3,-8.0,-10,1.1075,1.15,-0.75,6.5,10.0,39.0,104.9,4,6
2013-01-22,439.6,0.4416666666666666,53.0,9.65,-3.75,-0.03125,11.25,7.5,3.75,9,0.0,0.0,True,2013-01-22 17:00:00,2013-01-22 19:00:00,120.0,9,0.475,-0.1,-0.1299999999999999,0.04,0.24,0.0359999999999999,309.75,2.9860788111948198,-2.3,0.25,-1,0.9775,1.08,-1.4,0.0,0.0,0.0,106.9,4,6
2013-01-23,445.3,0.7974999999999999,95.7,10.7125,-3.1,-0.0258333333333333,11.7,8.3,3.3999999999999986,8,0.0,0.0,True,2013-01-23 17:00:00,2013-01-23 19:00:00,120.0,8,-2.075,-2.6,-0.49,0.7975,0.9,0.0249999999999999,287.25,3.304037933599835,-2.3,-4.0,-7,1.0325,1.08,-2.15,1.5,3.0,9.0,101.6,4,6
2013-01-24,432.5,0.6550000000000001,78.60000000000002,10.771428571428572,-2.0,-0.0166666666666666,11.65,9.4,2.25,7,0.0,0.0,True,2013-01-24 17:00:00,2013-01-24 19:00:00,120.0,7,2.725,1.7,0.49,-1.2175,-0.86,-0.149,279.75,2.6299556396765835,1.9,14.0,12,1.5025,1.74,4.625,0.0,0.0,0.0,100.2,4,6
2013-01-25,,,,,,,,,,0,75.0,0.0,False,2013-01-25 18:15:00,2013-01-25 19:00:00,,4,-1.8500000000000003,-11.3,-1.88,1.1025,4.21,-0.0209999999999999,390.0,5.94418483337567,2.6,6.0,-21,5.1325,5.67,-2.725,23.5,30.0,141.0,97.5,4,6
2013-01-26,,,,,,,,,,0,30.0,0.0,False,2013-01-26 17:30:00,2013-01-26 19:00:00,,7,-2.325,-5.8,1.49,1.795,3.63,-0.768,508.25,40.23576352782021,23.1,-42.5,-51,1.9525,2.74,-3.850000000000001,40.0,40.0,240.0,96.3,4,6
2013-01-27,456.2,0.6708333333333333,80.5,11.216666666666669,-1.0999999999999996,-0.0091666666666666,11.7,10.6,1.0999999999999996,6,0.0,0.0,True,2013-01-27 17:00:00,2013-01-27 19:00:00,120.0,6,-0.6,-0.8,0.1399999999999999,0.335,0.46,0.008,416.25,3.304037933599835,-2.5,-18.75,-20,0.945,1.03,-0.5249999999999999,10.0,17.0,60.0,94.7,4,6
2013-01-28,377.2,-0.3400000000000001,-40.80000000000001,9.871428571428572,0.5999999999999996,0.0049999999999999,10.5,9.1,1.4000000000000004,7,0.0,0.0,True,2013-01-28 17:00:00,2013-01-28 19:00:00,120.0,7,-1.075,-1.5,0.07,0.6725,0.88,0.0669999999999999,395.75,2.6299556396765835,-0.1,-11.75,-14,1.0425,1.07,-1.7000000000000002,15.0,17.0,90.0,94.7,4,6
2013-01-29,375.9,0.5691666666666663,68.29999999999995,10.9,-0.8000000000000007,-0.0066666666666666,11.4,10.6,0.8000000000000007,9,0.0,0.0,True,2013-01-29 17:00:00,2013-01-29 19:00:00,120.0,9,0.3999999999999999,-0.2,-0.4600000000000001,0.025,0.28,0.158,350.5,3.415650255319866,-2.2,-5.5,-7,0.6950000000000001,0.81,-1.05,1.5,3.0,9.0,92.6,4,6
2013-01-30,390.2,0.2083333333333333,25.0,9.48125,-0.2999999999999989,-0.0024999999999999,9.6,9.3,0.2999999999999989,8,0.0,0.0,True,2013-01-30 17:00:00,2013-01-30 19:00:00,120.0,8,-0.2749999999999999,-0.6,0.19,0.18,0.25,-0.054,313.5,3.1091263510296048,-2.4,-11.5,-13,0.645,0.67,-0.75,1.5,3.0,9.0,93.8,4,6
2013-01-31,333.6,0.0775000000000001,9.300000000000011,9.92,-0.200000000000001,-0.0016666666666666,10.2,9.6,0.5999999999999996,5,0.0,0.0,True,2013-01-31 17:00:00,2013-01-31 19:00:00,120.0,5,-2.675,-3.9,0.6699999999999999,1.0325,1.38,0.0549999999999999,327.5,1.2909944487358056,-0.4,2.5,-7,1.955,2.14,-1.725,8.5,10.0,51.0,99.7,4,6
2013-02-01,,,,,,,,,,0,75.0,0.0,False,2013-02-01 18:15:00,2013-02-01 19:00:00,,4,2.35,-0.1,-1.6599999999999997,0.3625,1.63,0.877,366.5,15.673757260678329,11.6,4.0,-3,2.405,4.74,-6.725,18.0,23.0,108.0,100.7,4,6
2013-02-02,401.6,0.0483333333333334,5.800000000000011,9.31,0.0999999999999996,0.0008333333333333,9.5,9.1,0.4000000000000003,5,0.0,0.0,True,2013-02-02 17:00:00,2013-02-02 19:00:00,120.0,5,0.75,0.1,0.34,0.275,0.51,-0.072,459.25,6.849574196011505,-0.1,-8.25,-11,1.1675,1.44,-2.825,20.0,30.0,120.0,108.6,4,6
2013-02-03,412.3,0.6158333333333336,73.90000000000003,11.52,-0.1999999999999993,-0.0016666666666666,11.6,11.4,0.1999999999999993,5,0.0,0.0,True,2013-02-03 17:00:00,2013-02-03 19:00:00,120.0,5,2.225,0.9,-0.57,-0.2075,0.16,0.139,409.0,3.741657386773941,-2.2,-1.25,-2,2.5175,2.85,-3.25,5.0,7.0,30.0,107.9,4,6
2013-02-04,406.1,0.0524999999999996,6.2999999999999545,9.188888888888888,-0.5500000000000007,-0.0045833333333333,9.55,8.8,0.75,9,0.0,0.0,True,2013-02-04 17:00:00,2013-02-04 19:00:00,120.0,9,0.2,-2.0,-0.5,-0.09,0.55,0.076,346.5,3.0,-2.2,13.5,13,3.0275000000000003,3.18,0.125,13.0,23.0,78.0,103.7,4,6
2013-02-05,,,,,,,,,,0,15.0,0.0,False,2013-02-05 17:15:00,2013-02-05 19:00:00,,5,0.575,-2.5,-0.4299999999999999,-0.47,0.56,0.1,333.0,4.320493798938574,-2.8,2.25,2,1.4775,1.84,1.85,0.0,0.0,0.0,102.2,4,6
2013-02-06,437.5,0.4991666666666665,59.89999999999998,10.67777777777778,-1.5,-0.0125,11.35,9.5,1.85,9,0.0,0.0,True,2013-02-06 17:00:00,2013-02-06 19:00:00,120.0,9,-2.55,-4.6,-0.3400000000000001,0.1099999999999999,0.87,0.078,334.75,1.707825127659933,1.1,5.25,4,2.1425,2.28,4.175,8.5,10.0,51.0,100.7,4,6
2013-02-07,386.6,-0.2141666666666665,-25.69999999999999,8.094444444444445,-0.5499999999999998,-0.0045833333333333,8.5,7.7,0.7999999999999998,9,0.0,0.0,True,2013-02-07 17:00:00,2013-02-07 19:00:00,120.0,9,2.2750000000000004,1.3,-0.4699999999999999,-1.0325,-0.26,-0.179,368.75,2.0615528128088303,-0.9,-5.25,-8,3.075,3.27,1.65,13.0,13.0,78.0,100.0,4,6
2013-02-08,415.0,0.3758333333333335,45.10000000000002,12.011111111111113,-1.0999999999999996,-0.0091666666666666,12.4,11.3,1.0999999999999996,9,0.0,0.0,True,2013-02-08 17:00:00,2013-02-08 19:00:00,120.0,9,-1.6,-2.9,-0.9,0.135,0.58,0.294,445.5,2.3804761428476167,1.6,-10.5,-11,1.9975,2.07,2.35,11.5,13.0,69.0,101.4,4,6
2013-02-09,407.0,0.4666666666666667,56.0,9.261111111111113,-0.6999999999999993,-0.0058333333333333,9.7,8.6,1.0999999999999996,9,0.0,0.0,True,2013-02-09 17:00:00,2013-02-09 19:00:00,120.0,9,-1.0750000000000002,-2.2,-0.6300000000000001,-0.6375000000000001,-0.2,0.2349999999999999,402.25,4.856267428111155,-3.7,-2.0,-4,1.8725,1.92,5.3500000000000005,6.5,10.0,39.0,104.8,4,6
2013-02-10,398.4,0.1408333333333331,16.899999999999977,9.52777777777778,-0.6999999999999993,-0.0058333333333333,9.8,9.0,0.8000000000000007,9,0.0,0.0,True,2013-02-10 17:00:00,2013-02-10 19:00:00,120.0,9,-2.125,-2.4,0.03,0.645,0.79,0.0299999999999999,359.5,5.972157622389639,-4.2,-10.25,-13,1.2875,1.42,0.125,15.0,20.0,90.0,103.2,4,6
2013-02-11,446.9,0.4741666666666664,56.89999999999998,10.183333333333332,-1.700000000000001,-0.0141666666666666,11.0,9.2,1.8000000000000007,9,0.0,0.0,True,2013-02-11 17:00:00,2013-02-11 19:00:00,120.0,9,-0.6,-1.9,0.3399999999999999,0.905,1.43,-0.2299999999999999,364.75,4.573474244670748,0.7,-8.25,-11,1.5750000000000002,1.83,-4.025,20.0,20.0,120.0,102.5,4,6
2013-02-12,379.9,0.1216666666666663,14.599999999999966,9.555555555555555,-0.0999999999999996,-0.0008333333333333,9.8,9.4,0.4000000000000003,9,0.0,0.0,True,2013-02-12 17:00:00,2013-02-12 19:00:00,120.0,9,-1.7,-3.2,1.02,0.775,1.17,-0.298,354.75,4.573474244670748,-2.5,-5.75,-11,1.5575,1.7,-1.375,22.0,27.0,132.0,99.2,4,6
2013-02-13,426.3,0.4541666666666666,54.5,10.588888888888889,-0.0499999999999989,-0.0004166666666666,10.9,10.3,0.5999999999999996,9,0.0,0.0,True,2013-02-13 17:00:00,2013-02-13 19:00:00,120.0,9,-2.975,-5.8,-2.11,1.5125,2.53,0.585,380.25,12.816005617976296,-2.1,-12.75,-22,3.8225,4.23,-2.95,38.0,43.0,228.0,97.8,4,6
2013-02-14,401.2,-0.1399999999999996,-16.799999999999955,10.000000000000002,-0.6000000000000014,-0.005,10.3,9.4,0.9000000000000004,9,0.0,0.0,True,2013-02-14 17:00:00,2013-02-14 19:00:00,120.0,9,-0.95,-1.1,0.0399999999999999,0.01,0.19,0.04,382.75,1.2583057392117916,-0.5,-19.5,-21,1.23,1.29,1.6,21.5,23.0,129.0,97.0,4,6
2013-02-15,,,,,,,,,,0,,,False,,,,0,-0.4499999999999999,-1.9,-0.2199999999999999,-0.2275,0.13,0.023,336.25,5.315072906367325,-3.9,-17.25,-18,1.2075,1.42,2.15,16.5,20.0,99.0,97.7,4,6
2013-02-16,452.2,0.5858333333333334,70.30000000000001,10.186111111111112,-3.4000000000000004,-0.0283333333333333,11.75,8.2,3.5500000000000007,9,0.0,0.0,True,2013-02-16 17:00:00,2013-02-16 19:00:00,120.0,9,1.1749999999999998,-1.1,-0.1899999999999999,-1.7400000000000002,-0.8,0.426,379.25,11.615363389350618,-5.3,-16.25,-19,2.8575000000000004,3.91,7.125,21.5,33.0,129.0,100.8,4,6
2013-02-17,415.5,-0.1099999999999999,-13.199999999999989,8.794444444444444,-2.45,-0.0204166666666666,9.65,7.2,2.45,9,0.0,0.0,True,2013-02-17 17:00:00,2013-02-17 19:00:00,120.0,9,1.075,-1.5,1.31,-1.1225,-0.29,-0.411,352.25,4.7871355387816905,-2.3,-34.5,-40,1.685,1.89,4.525,25.0,30.0,150.0,103.1,4,6
2013-02-18,398.6,0.1266666666666665,15.199999999999989,9.677777777777775,-0.6999999999999993,-0.0058333333333333,10.0,9.3,0.6999999999999993,9,0.0,0.0,True,2013-02-18 17:00:00,2013-02-18 19:00:00,120.0,9,1.2,-0.9,0.36,-0.8175,-0.12,-0.137,319.25,5.909032633745278,3.5,-26.25,-31,0.9425,1.01,3.0250000000000004,21.5,33.0,129.0,102.3,4,6
2013-02-19,427.4,0.188333333333333,22.59999999999997,9.422222222222224,-1.700000000000001,-0.0141666666666666,10.3,8.6,1.700000000000001,9,0.0,0.0,True,2013-02-19 17:00:00,2013-02-19 19:00:00,120.0,9,-0.7499999999999999,-2.3,-1.14,-0.6675,0.07,0.525,365.0,7.702813338860896,-5.4,-13.0,-14,1.865,2.08,4.825,18.5,20.0,111.0,109.9,4,6
2013-02-20,411.3,0.0816666666666667,9.800000000000011,8.722222222222221,-2.000000000000001,-0.0166666666666666,9.8,7.8,2.000000000000001,9,0.0,0.0,True,2013-02-20 17:00:00,2013-02-20 19:00:00,120.0,9,1.925,-0.8,-2.01,0.0649999999999999,1.13,0.884,400.25,4.99165971062398,2.3,-11.0,-14,2.6525,2.91,-3.55,15.0,20.0,90.0,111.0,4,6
2013-02-21,452.8,0.5375,64.5,10.511111111111113,-2.25,-0.01875,11.55,9.3,2.25,9,0.0,0.0,True,2013-02-21 17:00:00,2013-02-21 19:00:00,120.0,9,-0.5,-1.7,-0.7599999999999999,0.985,1.56,0.19,392.75,5.852349955359813,2.3,-22.75,-24,2.3425,2.58,-4.075,18.5,20.0,111.0,106.2,4,6
2013-02-22,457.6,0.5441666666666668,65.30000000000001,10.714285714285714,-1.5999999999999996,-0.0133333333333333,12.4,9.5,2.9000000000000004,7,0.0,0.0,True,2013-02-22 17:00:00,2013-02-22 19:00:00,120.0,7,-2.625,-3.2,-0.45,1.75,1.85,0.092,391.25,3.2015621187164243,2.3,-25.25,-31,1.595,1.7,-4.3500000000000005,28.0,33.0,168.0,104.7,4,6
2013-02-23,,,,,,,,,,0,15.0,0.0,False,2013-02-23 17:15:00,2013-02-23 19:00:00,,6,-1.075,-2.0,-0.31,0.5125,0.76,0.009,364.5,4.203173404306164,-3.2,-22.0,-24,1.4174999999999998,1.44,-0.925,23.0,23.0,138.0,97.5,4,6
2013-02-24,,,,,,,,,,0,60.0,0.0,False,2013-02-24 18:00:00,2013-02-24 19:00:00,,5,1.425,1.2,0.03,-0.03,0.03,-0.018,314.75,0.957427107756338,0.3,-9.75,-13,1.1025,1.13,-2.225,5.0,7.0,30.0,93.0,4,6
2013-02-25,,,,,,,,,,0,,,False,,,,0,0.25,0.0,0.0399999999999999,0.19,0.31,0.046,348.0,2.449489742783178,-1.8,6.0,3,3.3475,4.01,-1.45,13.5,17.0,81.0,93.5,4,6
2013-03-05,,,,,,,,,,0,15.0,0.0,False,2013-03-05 17:15:00,2013-03-05 19:00:00,,8,-1.1,-1.9,0.54,0.665,0.77,-0.056,345.25,4.193248541803041,-2.3,-8.75,-17,1.4449999999999998,1.53,-1.85,8.5,10.0,51.0,116.6,4,6
2013-03-06,,,,,,,,,,0,0.0,-15.0,False,2013-03-06 17:00:00,2013-03-06 18:45:00,,8,2.4,2.1,-0.14,-1.05,-0.41,-0.25,316.75,3.5,-2.1,1.75,-2,1.875,2.2,2.4,3.0,3.0,18.0,112.6,4,6
2013-03-07,454.2,0.5299999999999997,63.599999999999966,9.18888888888889,-1.8000000000000007,-0.015,10.0,8.2,1.8000000000000007,9,0.0,0.0,True,2013-03-07 17:00:00,2013-03-07 19:00:00,120.0,9,0.7,-0.3,0.6399999999999999,-0.73,-0.59,-0.086,324.75,1.707825127659933,-1.3,2.75,1,1.64,1.67,3.075,1.5,3.0,9.0,112.1,4,6
2013-03-08,447.8,0.3308333333333332,39.69999999999999,11.372222222222222,-3.25,-0.0270833333333333,12.65,9.4,3.25,9,0.0,0.0,True,2013-03-08 17:00:00,2013-03-08 19:00:00,120.0,9,-3.375,-3.8,-0.31,0.965,1.09,-0.024,333.0,5.715476066494082,3.6,2.25,-1,1.6150000000000002,2.31,-0.0749999999999999,10.0,13.0,60.0,113.3,4,6
2013-03-09,470.2,0.6933333333333332,83.19999999999999,11.468888888888888,-4.706999999999999,-0.0392249999999999,13.1,8.3,4.799999999999999,9,0.0,0.0,True,2013-03-09 17:00:00,2013-03-09 19:00:00,120.0,9,2.35,0.7,0.9399999999999998,-1.255,-0.66,-0.2779999999999999,349.25,2.0615528128088303,-0.3,5.0,2,1.975,2.7,2.975,10.0,17.0,60.0,114.6,4,6
2013-03-10,470.4,0.8724999999999999,104.7,11.72222222222222,-2.5,-0.0208333333333333,12.8,10.3,2.5,9,0.0,0.0,True,2013-03-10 17:00:00,2013-03-10 19:00:00,120.0,9,-1.7,-3.4,1.2,0.8775,1.16,-0.175,318.5,3.1091263510296048,-0.8,-2.75,-6,3.2025,3.47,-2.425,15.0,20.0,90.0,117.7,4,6
2013-03-11,488.0,1.0641666666666665,127.7,10.766666666666667,-2.5,-0.0208333333333333,12.1,9.2,2.9000000000000004,9,0.0,0.0,True,2013-03-11 17:00:00,2013-03-11 19:00:00,120.0,9,0.9500000000000002,-0.4,-0.58,-0.4125,-0.03,0.275,311.75,1.707825127659933,0.1,8.75,7,2.7275,3.04,0.975,3.0,3.0,18.0,118.2,4,6
2013-03-12,432.5,0.2333333333333333,28.0,10.255555555555556,-2.6999999999999997,-0.0224999999999999,11.1,8.4,2.6999999999999997,9,0.0,0.0,True,2013-03-12 17:00:00,2013-03-12 19:00:00,120.0,9,-1.2999999999999998,-1.6,0.0599999999999999,0.3875,0.52,-0.061,322.0,2.8284271247461903,1.2,2.25,0,2.71,3.14,-0.2249999999999999,15.0,20.0,90.0,121.5,4,6
2013-03-13,475.7,0.8416666666666667,101.0,10.544444444444444,-2.4000000000000004,-0.02,11.6,9.2,2.4000000000000004,9,0.0,0.0,True,2013-03-13 17:00:00,2013-03-13 19:00:00,120.0,9,-0.3999999999999999,-2.3,1.12,0.525,0.98,-0.288,312.25,2.5,-1.7,8.0,7,2.37,2.46,-2.5,7.0,7.0,42.0,121.5,4,6
2013-03-14,462.0,0.6275000000000001,75.30000000000001,10.327777777777776,-2.35,-0.0195833333333333,11.45,9.1,2.35,9,0.0,0.0,True,2013-03-14 17:00:00,2013-03-14 19:00:00,120.0,9,0.7999999999999999,-1.0,0.1599999999999999,-1.475,-1.01,-0.0499999999999999,361.75,9.84462628374824,-5.3,3.25,1,1.6025,1.95,6.325,7.0,7.0,42.0,121.5,4,6
2013-03-15,415.8,0.5224999999999999,62.69999999999999,9.411111111111111,-0.1999999999999993,-0.0016666666666666,9.5,9.2,0.3000000000000007,9,0.0,0.0,True,2013-03-15 17:00:00,2013-03-15 19:00:00,120.0,9,-2.25,-3.4,-0.72,0.155,0.87,0.3379999999999999,437.25,4.193248541803041,1.5,-2.75,-4,1.3275,1.38,2.875,6.5,10.0,39.0,121.8,4,6
2013-03-16,457.9,0.6591666666666663,79.09999999999997,9.455555555555556,-1.5999999999999996,-0.0133333333333333,10.4,8.8,1.5999999999999996,9,0.0,0.0,True,2013-03-16 17:00:00,2013-03-16 19:00:00,120.0,9,-0.0499999999999999,-1.7,0.3599999999999998,0.0224999999999999,0.47,-0.0209999999999999,420.25,4.924428900898052,-3.7,-9.25,-11,1.045,1.07,0.0,15.0,17.0,90.0,124.8,4,6
2013-03-17,406.9,0.0308333333333332,3.6999999999999886,9.511111111111113,-1.0,-0.0083333333333333,10.3,9.3,1.0,9,0.0,0.0,True,2013-03-17 17:00:00,2013-03-17 19:00:00,120.0,9,2.65,0.7,1.52,-0.2175,1.07,-1.229,594.5,21.855586623714007,7.2,-112.0,-131,2.26,2.47,-3.6,63.5,67.0,381.0,124.5,4,6
2013-03-18,432.8,0.5916666666666667,71.0,9.266666666666667,-0.3000000000000007,-0.0025,9.4,9.0,0.4000000000000003,9,0.0,0.0,True,2013-03-18 17:00:00,2013-03-18 19:00:00,120.0,9,4.675,3.4,-0.5900000000000002,-0.965,-0.19,0.3879999999999999,470.75,6.18465843842649,-1.5,-45.75,-47,0.705,0.83,-3.45,15.0,17.0,90.0,116.6,4,6
2013-03-19,427.0,0.5224999999999999,62.69999999999999,10.1,-1.299999999999999,-0.0108333333333333,10.7,9.4,1.299999999999999,9,0.0,0.0,True,2013-03-19 17:00:00,2013-03-19 19:00:00,120.0,9,-1.05,-2.0,-0.36,0.66,1.05,0.118,486.75,7.804912982645397,-2.9,-33.0,-36,1.2624999999999995,1.41,-0.825,22.0,27.0,132.0,109.5,4,6
2013-03-20,397.4,0.288333333333333,34.599999999999966,9.11111111111111,-0.0999999999999996,-0.0008333333333333,9.6,7.2,2.3999999999999995,9,0.0,0.0,True,2013-03-20 17:00:00,2013-03-20 19:00:00,120.0,9,-2.75,-6.1,-2.8599999999999994,2.515,4.1,0.5319999999999999,515.5,12.793227374930323,5.4,-39.25,-48,1.5825,2.44,-4.65,30.0,33.0,180.0,106.7,4,6
2013-03-21,,,,,,,,,,0,,,False,,,,0,4.575,3.8,-0.0299999999999999,-2.55,-2.37,-0.022,441.0,4.760952285695233,-3.2,-24.0,-28,1.23,1.34,3.55,8.5,10.0,51.0,105.3,4,6
2013-03-26,445.3,0.811666666666667,97.40000000000003,10.488888888888887,-1.299999999999999,-0.0108333333333333,10.9,9.4,1.5,9,0.0,0.0,True,2013-03-26 17:00:00,2013-03-26 19:00:00,120.0,9,2.5,0.6,0.86,-1.0675,-0.7,-0.0049999999999999,364.5,6.454972243679028,4.8,3.25,0,2.1525,2.51,1.5000000000000002,1.5,3.0,9.0,92.0,4,6
2013-03-27,451.8,0.1841666666666668,22.100000000000023,10.31111111111111,-2.5,-0.0208333333333333,11.6,9.1,2.5,9,0.0,0.0,True,2013-03-27 17:00:00,2013-03-27 19:00:00,120.0,9,-0.7250000000000001,-1.8,-0.51,1.2325,1.69,-0.049,523.25,19.17246289169269,-14.5,-30.75,-32,2.4575,2.66,-3.2,38.0,43.0,228.0,92.6,4,6
2013-03-28,476.9,0.7449999999999998,89.39999999999998,9.366666666666664,-3.5,-0.0291666666666666,11.1,7.6,3.5,9,0.0,0.0,True,2013-03-28 17:00:00,2013-03-28 19:00:00,120.0,9,-1.675,-2.6,-0.55,0.955,1.2,0.176,388.75,7.804912982645397,5.3,-17.5,-25,2.26,2.9,-1.925,21.5,23.0,129.0,98.3,4,6
2013-03-29,418.2,0.0950000000000002,11.400000000000034,9.233333333333334,-1.299999999999999,-0.0108333333333333,10.2,8.8,1.3999999999999986,9,0.0,0.0,True,2013-03-29 17:00:00,2013-03-29 19:00:00,120.0,9,-1.225,-4.7,1.11,1.04,1.62,-0.248,531.75,13.425721582097552,-6.3,-43.75,-47,2.3600000000000003,2.59,-1.6999999999999995,33.5,37.0,201.0,104.8,4,6
2013-03-30,318.4,0.2683333333333332,32.19999999999999,7.844444444444444,-2.7,-0.0225,8.9,5.8,3.1000000000000005,9,0.0,0.0,True,2013-03-30 17:00:00,2013-03-30 19:00:00,120.0,9,-0.2750000000000001,-2.2,-0.7100000000000001,0.5925,1.53,0.279,533.25,13.30100246848585,-2.9,-29.25,-34,1.17,1.3,-1.675,28.0,33.0,168.0,108.2,4,6
2013-03-31,408.1,1.0383333333333336,124.60000000000002,8.73125,-0.0999999999999996,-0.0008333333333333,9.3,7.9,1.4000000000000004,8,0.0,0.0,True,2013-03-31 17:00:00,2013-03-31 19:00:00,120.0,8,0.725,0.2,0.1299999999999999,0.365,0.57,-0.0379999999999999,471.5,5.802298395176403,-3.2,-19.25,-22,0.8975,0.96,-2.55,18.5,20.0,111.0,113.1,4,6
2013-04-01,,,,,,,,,,0,15.0,0.0,False,2013-04-01 17:15:00,2013-04-01 19:00:00,,8,0.425,-1.0,-0.1699999999999999,0.2875,0.83,0.019,399.25,13.35102992281869,-10.3,-19.5,-22,0.915,0.94,-2.0,13.5,20.0,81.0,119.0,4,6
2013-04-02,,,,,,,,,,0,,,False,,,,0,0.3,-0.5,0.2,0.3824999999999999,0.73,-0.1889999999999999,343.75,8.88350531415762,-6.1,-12.75,-14,0.675,0.7,-2.5,13.5,17.0,81.0,122.1,4,6
2013-04-03,,,,,,,,,,0,45.0,0.0,False,2013-04-03 17:45:00,2013-04-03 19:00:00,,6,0.45,0.1,0.26,0.275,0.48,-0.054,297.5,5.686240703077327,3.6,-15.75,-17,0.6699999999999999,0.77,-2.475,8.0,13.0,48.0,127.0,4,6
2013-04-04,396.4,0.7133333333333335,85.60000000000002,7.411111111111111,-1.6000000000000003,-0.0133333333333333,8.4,5.8,2.6000000000000005,9,0.0,0.0,True,2013-04-04 17:00:00,2013-04-04 19:00:00,120.0,9,-1.3250000000000002,-3.1,-0.39,0.27,0.49,0.0359999999999999,281.25,4.924428900898052,-1.5,-16.25,-17,0.515,0.59,0.275,5.0,7.0,30.0,128.6,4,6
2013-04-05,465.2,0.3491666666666664,41.89999999999998,9.18888888888889,-4.000000000000001,-0.0333333333333333,11.3,7.3,4.000000000000001,9,0.0,0.0,True,2013-04-05 17:00:00,2013-04-05 19:00:00,120.0,9,3.1,1.9,0.4,-0.11,0.28,-0.142,281.5,9.678154093971983,7.0,-4.25,-5,1.5575,1.98,-4.199999999999999,13.0,13.0,78.0,134.5,4,6
2013-04-06,478.4,0.8041666666666667,96.5,10.366666666666667,-3.4000000000000004,-0.0283333333333333,11.6,8.2,3.4000000000000004,9,0.0,0.0,True,2013-04-06 17:00:00,2013-04-06 19:00:00,120.0,9,-1.2,-1.8,0.2,0.7424999999999999,0.78,-0.0009999999999999,337.0,2.160246899469287,-1.0,-10.25,-12,1.0575,1.15,-2.2750000000000004,11.5,13.0,69.0,137.3,4,6
2013-04-07,487.1,0.5175000000000002,62.10000000000002,9.777777777777777,-3.3999999999999986,-0.0283333333333333,11.7,8.3,3.3999999999999986,9,0.0,0.0,True,2013-04-07 17:00:00,2013-04-07 19:00:00,120.0,9,2.975,2.0,0.11,-1.2275,-1.08,-0.0429999999999999,338.75,8.65544144839919,-6.7,-8.0,-9,0.91,1.42,2.15,6.5,13.0,39.0,138.2,4,6
2013-04-08,517.5,1.106666666666667,132.8,11.444444444444445,-3.6,-0.0299999999999999,13.1,9.3,3.799999999999999,9,0.0,0.0,True,2013-04-08 17:00:00,2013-04-08 19:00:00,120.0,9,-0.925,-2.1,-0.7500000000000001,-0.1875,0.04,0.155,359.5,8.660254037844387,2.4,-5.75,-7,0.83,1.17,2.5250000000000004,3.0,3.0,18.0,139.6,4,6
2013-04-09,495.2,1.0691666666666668,128.3,10.811111111111112,-2.1,-0.0174999999999999,11.6,9.4,2.1999999999999997,9,0.0,0.0,True,2013-04-09 17:00:00,2013-04-09 19:00:00,120.0,9,0.725,-1.6,1.11,-0.8975,-0.34,-0.2189999999999999,341.75,4.031128874149275,-2.1,-5.0,-7,0.64,0.7,3.875,5.0,7.0,30.0,147.0,4,6
2013-04-10,441.9,0.6183333333333333,74.19999999999999,10.811111111111112,-2.0,-0.0166666666666666,11.6,9.4,2.1999999999999997,9,0.0,0.0,True,2013-04-10 17:00:00,2013-04-10 19:00:00,120.0,9,1.75,-1.1,2.1,-1.105,0.19,-0.744,371.75,9.535023160258536,-0.5,0.25,-3,1.7599999999999998,1.94,2.825,15.0,23.0,90.0,148.6,4,6
2013-04-11,493.0,1.0466666666666664,125.59999999999997,11.044444444444444,-2.1999999999999997,-0.0183333333333333,11.7,9.4,2.299999999999999,9,0.0,0.0,True,2013-04-11 17:00:00,2013-04-11 19:00:00,120.0,9,0.15,-1.6,0.2799999999999999,-0.3474999999999999,0.76,0.1969999999999999,474.5,5.802298395176403,-3.8,-6.5,-10,1.7325000000000002,1.82,1.15,13.5,20.0,81.0,137.8,4,6
2013-04-12,489.1,0.7666666666666667,92.0,9.144444444444446,-3.0,-0.025,11.0,7.9,3.1,9,0.0,0.0,True,2013-04-12 17:00:00,2013-04-12 19:00:00,120.0,9,-0.675,-1.7,-0.41,-0.5325,0.09,0.295,434.75,6.291528696058959,-3.7,-2.25,-4,1.0475,1.14,3.475,3.0,3.0,18.0,138.6,4,6
2013-04-13,,,,,,,,,,0,0.0,-45.0,False,2013-04-13 17:00:00,2013-04-13 18:15:00,,6,-1.2000000000000002,-2.1,-0.5599999999999999,-0.65,-0.44,-0.1379999999999999,413.25,45.36059229478087,29.9,9.0,0,2.2875,4.93,5.0,16.5,30.0,99.0,125.8,4,6
2013-04-14,363.3,0.7099999999999999,85.19999999999999,7.355555555555556,-0.8999999999999995,-0.0074999999999999,8.6,5.9,2.6999999999999997,9,0.0,0.0,True,2013-04-14 17:00:00,2013-04-14 19:00:00,120.0,9,9.125,8.6,0.15,-4.612500000000001,-4.05,0.0830000000000001,446.25,7.58836829188814,-0.3,4.0,-4,3.2099999999999995,6.14,4.9,18.5,20.0,111.0,117.5,4,6
2013-04-15,,,,,,,,,,0,60.0,0.0,False,2013-04-15 18:00:00,2013-04-15 19:00:00,,5,2.2,-2.5,0.3399999999999997,-0.365,1.31,-0.17,387.75,6.238322424070967,4.1,-1.0,-6,0.965,1.2,-1.9,25.0,30.0,150.0,114.1,4,6
2013-04-16,454.3,0.5633333333333336,67.60000000000002,9.044444444444444,-3.500000000000001,-0.0291666666666666,10.8,7.1,3.700000000000001,9,0.0,0.0,True,2013-04-16 17:00:00,2013-04-16 19:00:00,120.0,9,-3.2,-3.8,0.2399999999999999,0.7175,0.97,-0.0829999999999999,347.25,7.804912982645397,-5.5,-15.5,-17,0.6775,0.82,1.35,18.5,20.0,111.0,114.1,4,6
2013-04-17,468.8,0.8641666666666665,103.7,8.655555555555555,-2.6999999999999997,-0.0224999999999999,9.7,7.0,2.6999999999999997,9,0.0,0.0,True,2013-04-17 17:00:00,2013-04-17 19:00:00,120.0,9,0.7,-0.6,-0.74,-0.165,0.35,0.286,323.0,5.0990195135927845,-3.2,-3.0,-6,0.72,0.79,-0.2,1.5,3.0,9.0,107.1,4,6
2013-04-18,419.1,0.5908333333333337,70.90000000000003,11.022222222222222,-1.700000000000001,-0.0141666666666666,12.4,8.0,4.4,9,0.0,0.0,True,2013-04-18 17:00:00,2013-04-18 19:00:00,120.0,9,-0.075,-0.4,-0.03,-0.16,-0.0,-0.068,289.25,2.0615528128088303,-0.1,-3.25,-4,0.7424999999999999,0.82,1.225,3.5,7.0,21.0,105.9,4,6
2013-04-19,467.9,0.898333333333333,107.79999999999995,8.833333333333334,-1.700000000000001,-0.0141666666666666,9.8,7.2,2.6000000000000005,9,0.0,0.0,True,2013-04-19 17:00:00,2013-04-19 19:00:00,120.0,9,-1.25,-1.7,0.3399999999999999,-0.36,-0.24,-0.0559999999999999,300.5,6.454972243679028,-3.4,3.0,1,1.245,1.38,4.550000000000001,3.0,3.0,18.0,100.3,4,6
2013-04-20,367.4,0.5324999999999999,63.89999999999998,7.233333333333332,-2.3500000000000005,-0.0195833333333333,8.4,5.8,2.6000000000000005,9,0.0,0.0,True,2013-04-20 17:00:00,2013-04-20 19:00:00,120.0,9,2.35,1.5,0.4599999999999999,-0.39,-0.12,-0.2239999999999999,295.25,3.774917217635375,-2.1,7.0,6,1.885,2.02,-1.425,3.5,7.0,21.0,105.9,4,6
2013-04-21,451.1,1.6941666666666666,203.3,8.722222222222221,1.5,0.0125,11.0,6.9,4.1,9,0.0,0.0,True,2013-04-21 17:00:00,2013-04-21 19:00:00,120.0,9,1.7999999999999998,-2.4,-1.7799999999999998,-0.2875,0.97,0.651,281.0,2.449489742783178,-1.8,15.25,12,2.285,2.65,-1.15,5.0,7.0,30.0,110.5,4,6
2013-04-22,448.1,0.6858333333333334,82.30000000000001,9.411111111111111,-1.700000000000001,-0.0141666666666666,10.3,8.6,1.700000000000001,9,0.0,0.0,True,2013-04-22 17:00:00,2013-04-22 19:00:00,120.0,9,-0.925,-1.7,0.37,0.0375,0.29,-0.187,265.0,2.943920288775949,2.2,7.25,4,1.97,2.22,1.375,5.0,7.0,30.0,114.1,4,6
2013-04-23,473.8,1.1233333333333335,134.8,9.844444444444443,-2.35,-0.0195833333333333,10.65,8.3,2.35,9,0.0,0.0,True,2013-04-23 17:00:00,2013-04-23 19:00:00,120.0,9,-3.075,-8.2,-3.47,1.93,3.31,0.636,315.5,6.8068592855540455,3.8,5.75,-6,3.985,4.47,-6.899999999999999,23.5,27.0,141.0,118.8,4,6
2013-04-24,437.8,1.0700000000000005,128.40000000000003,9.616666666666667,-0.25,-0.0020833333333333,10.3,9.2,1.1000000000000014,9,0.0,0.0,True,2013-04-24 17:00:00,2013-04-24 19:00:00,120.0,9,0.325,-3.0,1.4300000000000002,1.0475,2.06,-0.4589999999999999,411.0,5.887840577551898,2.8,-41.25,-46,3.3575,3.49,-5.85,40.0,50.0,240.0,116.1,4,6
2013-04-25,428.4,0.8591666666666664,103.09999999999997,11.066666666666666,-2.0,-0.0166666666666666,12.0,10.0,2.0,9,0.0,0.0,True,2013-04-25 17:00:00,2013-04-25 19:00:00,120.0,9,2.625,0.7,0.93,-0.3725,-0.11,-0.087,533.0,29.3598365118064,-22.0,-20.5,-24,1.7624999999999995,2.02,-3.325,22.0,27.0,132.0,120.7,4,6
2013-04-26,395.8,0.4158333333333336,49.900000000000034,9.9125,-1.0,-0.0083333333333333,10.5,9.3,1.1999999999999993,8,0.0,0.0,True,2013-04-26 17:00:00,2013-04-26 19:00:00,120.0,8,0.6,-0.2,-0.38,0.43,1.17,0.224,559.75,10.812801055539063,-6.1,-24.25,-27,1.625,1.84,-2.6750000000000003,30.0,33.0,180.0,123.5,4,6
2013-04-27,389.3,0.39,46.80000000000001,11.022222222222222,-0.1000000000000014,-0.0008333333333333,11.5,10.7,0.8000000000000007,9,0.0,0.0,True,2013-04-27 17:00:00,2013-04-27 19:00:00,120.0,9,0.0249999999999999,-0.5,0.27,0.4825,0.66,-0.107,436.75,6.701989754294367,-3.1,-14.5,-17,0.7424999999999999,0.78,-2.35,10.0,13.0,60.0,128.8,4,6
2013-04-28,367.5,0.0983333333333334,11.800000000000011,10.65,-1.0999999999999996,-0.0091666666666666,11.2,9.5,1.6999999999999993,8,0.0,0.0,True,2013-04-28 17:00:00,2013-04-28 19:00:00,120.0,8,-0.5249999999999999,-1.9,-0.05,0.5425,1.03,0.0289999999999999,430.25,4.856267428111155,-1.1,-10.25,-13,1.03,1.19,-1.725,20.0,20.0,120.0,133.5,4,6
2013-04-29,320.2,0.2924999999999997,35.099999999999966,8.044444444444444,-0.8000000000000007,-0.0066666666666666,9.0,4.6,4.4,9,0.0,0.0,True,2013-04-29 17:00:00,2013-04-29 19:00:00,120.0,9,-0.7250000000000001,-1.9,0.41,0.685,0.93,-0.046,356.5,1.7320508075688772,0.0,-2.75,-5,0.8575000000000002,1.08,-2.725,10.0,13.0,60.0,144.5,4,6
2013-04-30,423.6,1.005,120.60000000000002,9.0375,0.8000000000000007,0.0066666666666666,9.7,6.8,2.8999999999999995,8,0.0,0.0,True,2013-04-30 17:00:00,2013-04-30 19:00:00,120.0,8,-0.0249999999999999,-1.9,-0.89,1.4025,1.94,0.235,377.5,2.6457513110645907,-0.6,-6.25,-13,1.4675,1.61,-7.949999999999999,17.0,27.0,102.0,156.7,4,6
2013-05-01,434.3,0.5108333333333335,61.30000000000001,10.22222222222222,0.1999999999999993,0.0016666666666666,10.9,9.0,1.9000000000000004,9,0.0,0.0,True,2013-05-01 17:00:00,2013-05-01 19:00:00,120.0,9,-1.4249999999999998,-3.4,0.09,1.2125,2.19,-0.217,463.25,11.236102527122116,7.3,-57.25,-65,1.8575,1.89,-2.85,45.0,57.0,270.0,161.7,4,6
2013-05-02,379.7,-0.1224999999999999,-14.699999999999989,7.944444444444446,-2.5,-0.0208333333333333,9.4,6.3,3.1000000000000005,9,0.0,0.0,True,2013-05-02 17:00:00,2013-05-02 19:00:00,120.0,9,1.3,0.1,0.5599999999999999,-0.2225,0.34,-0.287,435.75,5.5,0.1,-27.5,-30,1.0025,1.05,-1.4,23.5,30.0,141.0,151.8,4,6
2013-05-03,471.5,0.6800000000000002,81.60000000000002,9.744444444444444,-1.5999999999999996,-0.0133333333333333,10.8,9.0,1.8000000000000007,9,0.0,0.0,True,2013-05-03 17:00:00,2013-05-03 19:00:00,120.0,9,0.1249999999999999,-0.7,-0.31,0.0624999999999999,0.3,0.1689999999999999,376.25,3.8622100754188224,-2.5,-18.75,-20,0.7175,0.77,-0.6,12.0,17.0,72.0,150.4,4,6
2013-05-04,431.8,0.4950000000000003,59.400000000000034,9.622222222222222,-1.0,-0.0083333333333333,10.1,9.1,1.0,9,0.0,0.0,True,2013-05-04 17:00:00,2013-05-04 19:00:00,120.0,9,-2.9000000000000004,-3.7,-0.4200000000000001,1.0375,1.19,0.0489999999999999,357.75,4.7871355387816905,0.3,-25.25,-27,0.7949999999999999,0.82,-0.7,15.0,17.0,90.0,144.1,4,6
2013-05-05,444.5,0.5824999999999998,69.89999999999998,9.58888888888889,-1.299999999999999,-0.0108333333333333,10.3,8.9,1.4000000000000004,9,0.0,0.0,True,2013-05-05 17:00:00,2013-05-05 19:00:00,120.0,9,1.825,1.0,0.0099999999999999,-1.55,-1.24,0.0259999999999999,416.0,7.3484692283495345,5.4,-3.5,-6,2.29,2.48,4.675000000000001,10.0,17.0,60.0,139.5,4,6
2013-05-06,392.8,0.5666666666666667,68.0,11.15,-1.799999999999999,-0.0149999999999999,12.1,10.3,1.799999999999999,8,0.0,0.0,True,2013-05-06 17:00:00,2013-05-06 19:00:00,120.0,8,-1.475,-2.7,-1.07,-0.1399999999999999,1.08,0.768,487.75,3.5,2.1,-8.75,-9,3.5325,3.84,3.65,21.5,23.0,129.0,133.0,4,6
2013-05-07,389.6,0.4783333333333336,57.400000000000034,10.6,-2.1,-0.0174999999999999,11.7,9.4,2.299999999999999,9,0.0,0.0,True,2013-05-07 17:00:00,2013-05-07 19:00:00,120.0,9,1.125,-1.0,-1.31,-0.97,0.15,0.608,529.25,16.132265804901678,-12.3,-7.0,-9,1.6749999999999998,1.82,1.85,12.0,17.0,72.0,131.1,4,6
2013-05-08,426.5,0.5133333333333335,61.60000000000002,10.28888888888889,-2.1000000000000014,-0.0175,11.3,9.2,2.1000000000000014,9,0.0,0.0,True,2013-05-08 17:00:00,2013-05-08 19:00:00,120.0,9,-0.3,-1.5,0.16,-0.3475,0.15,-0.047,495.0,8.04155872120988,-2.0,-7.5,-9,1.1925,1.26,2.25,13.0,13.0,78.0,129.3,4,6
2013-05-09,421.6,0.8091666666666668,97.10000000000002,9.033333333333331,-1.1999999999999993,-0.0099999999999999,9.5,8.3,1.1999999999999993,9,0.0,0.0,True,2013-05-09 17:00:00,2013-05-09 19:00:00,120.0,9,0.6,-0.4,-0.7999999999999999,-0.92,-0.54,0.352,455.75,9.17877987534291,-5.7,4.5,2,1.0025,1.06,3.4000000000000004,3.0,3.0,18.0,130.9,4,6
2013-05-10,421.5,0.3233333333333334,38.80000000000001,9.216666666666669,-1.049999999999999,-0.0087499999999999,9.5,8.4,1.0999999999999996,9,0.0,0.0,True,2013-05-10 17:00:00,2013-05-10 19:00:00,120.0,9,0.225,-0.4,0.37,-0.63,-0.33,-0.146,418.75,3.5,2.1,2.5,0,0.8900000000000001,0.99,3.0250000000000004,5.0,7.0,30.0,127.3,4,6
2013-05-11,445.0,0.6641666666666666,79.69999999999999,9.055555555555555,-0.5999999999999996,-0.0049999999999999,9.3,8.6,0.7000000000000011,9,0.0,0.0,True,2013-05-11 17:00:00,2013-05-11 19:00:00,120.0,9,-0.075,-0.8,-0.57,0.2525,0.7,0.359,379.75,8.341662504161466,1.3,1.0,0,0.7974999999999999,0.86,-1.375,7.0,7.0,42.0,139.4,4,6
2013-05-12,432.1,0.4625,55.5,9.11111111111111,-0.6000000000000014,-0.005,9.4,8.6,0.8000000000000007,9,0.0,0.0,True,2013-05-12 17:00:00,2013-05-12 19:00:00,120.0,9,-0.1,-1.1,-0.5599999999999999,-0.165,0.28,0.308,324.5,12.36931687685298,-9.0,5.0,2,0.565,0.71,1.375,3.0,3.0,18.0,150.4,4,6
2013-05-13,413.8,0.5841666666666668,70.10000000000002,8.8,-0.4000000000000003,-0.0033333333333333,9.3,8.2,1.1000000000000014,9,0.0,0.0,True,2013-05-13 17:00:00,2013-05-13 19:00:00,120.0,9,2.625,2.0,-0.1299999999999999,-0.9075,-0.54,-0.1929999999999999,364.0,2.309401076758503,1.6,14.0,12,2.18,2.4,0.2500000000000001,6.5,10.0,39.0,153.5,4,6
2013-05-14,414.2,0.275,33.0,8.933333333333332,-1.0,-0.0083333333333333,9.4,8.3,1.0999999999999996,9,0.0,0.0,True,2013-05-14 17:00:00,2013-05-14 19:00:00,120.0,9,3.975,0.4,1.65,-1.6975,-0.74,-0.3889999999999999,336.25,2.9860788111948198,-1.7,-5.75,-12,2.0925,2.38,3.4750000000000005,18.5,20.0,111.0,151.1,4,6
2013-05-15,455.0,0.5816666666666668,69.80000000000001,8.666666666666666,-1.6000000000000003,-0.0133333333333333,9.3,7.7,1.6000000000000003,9,0.0,0.0,True,2013-05-15 17:00:00,2013-05-15 19:00:00,120.0,9,4.875,4.4,-0.15,-2.4175000000000004,-2.16,0.2349999999999999,418.5,8.34665601703261,-6.4,6.5,6,3.3825,3.54,3.2,13.5,20.0,81.0,148.8,4,6
2013-05-16,443.8,0.3691666666666667,44.30000000000001,7.966666666666667,-1.6000000000000003,-0.0133333333333333,8.8,7.2,1.6000000000000003,9,0.0,0.0,True,2013-05-16 17:00:00,2013-05-16 19:00:00,120.0,9,-2.95,-4.7,1.4600000000000002,0.9275,2.13,-0.971,375.75,2.753785273643051,1.5,-31.0,-35,1.35,1.78,0.5999999999999999,28.0,33.0,168.0,148.0,4,6
2013-05-17,450.9,0.4991666666666665,59.89999999999998,8.544444444444444,-1.3999999999999997,-0.0116666666666666,9.2,7.8,1.3999999999999997,9,0.0,0.0,True,2013-05-17 17:00:00,2013-05-17 19:00:00,120.0,9,-0.5,-1.4,-0.2799999999999999,1.2475,1.52,0.083,380.5,2.516611478423583,-1.4,-15.25,-18,1.4675,1.51,-7.175000000000001,26.5,33.0,159.0,139.6,4,6
2013-05-18,467.1,0.9783333333333336,117.40000000000003,8.333333333333332,-0.7000000000000002,-0.0058333333333333,9.1,7.7,1.3999999999999997,9,0.0,0.0,True,2013-05-18 17:00:00,2013-05-18 19:00:00,120.0,9,-3.0,-4.4,-0.9200000000000002,2.055,2.3,0.1699999999999999,402.5,3.872983346207417,2.0,-44.0,-47,1.215,1.34,-6.025,26.5,33.0,159.0,135.2,4,6
2013-05-19,443.8,0.3224999999999999,38.69999999999999,8.933333333333332,-1.0999999999999996,-0.0091666666666666,9.4,8.1,1.3000000000000007,9,0.0,0.0,True,2013-05-19 17:00:00,2013-05-19 19:00:00,120.0,9,1.9,-0.8,1.64,-1.0175,-0.29,-0.7289999999999999,387.75,25.747168129071333,18.7,-25.5,-36,2.41,4.09,1.875,28.5,37.0,171.0,138.5,4,6
2013-05-20,444.9,0.6324999999999998,75.89999999999998,8.71111111111111,-1.3000000000000007,-0.0108333333333333,9.4,8.1,1.3000000000000007,9,0.0,0.0,True,2013-05-20 17:00:00,2013-05-20 19:00:00,120.0,9,-3.625,-3.8,-0.0499999999999999,1.1925,1.38,0.0069999999999999,403.75,2.362907813126304,-1.1,-13.0,-14,1.5750000000000002,1.75,1.075,21.5,23.0,129.0,135.2,4,6
2013-05-21,,,,,,,,,,0,,,False,,,,0,-2.5250000000000004,-3.2,-0.4899999999999999,0.6499999999999999,1.16,0.4199999999999999,448.75,14.795832746644123,11.3,-8.5,-13,1.4825,2.31,2.4750000000000005,16.5,23.0,99.0,128.4,4,6
2013-05-22,,,,,,,,,,0,,,False,,,,0,0.85,-0.6,1.1,0.5349999999999999,1.05,-0.368,449.0,18.239152027072603,8.8,-16.25,-21,1.0925,1.24,-5.5,25.0,27.0,150.0,136.7,4,6
2013-05-24,,,,,,,,,,0,0.0,-90.0,False,2013-05-24 17:00:00,2013-05-24 17:30:00,,3,1.5499999999999998,-3.4,-4.039999999999999,0.01,1.78,1.524,538.5,8.18535277187245,-6.0,-21.75,-27,5.66,6.28,-4.175000000000001,50.0,57.0,300.0,130.6,4,6
2013-05-27,,,,,,,,,,0,0.0,-90.0,False,2013-05-27 17:00:00,2013-05-27 17:30:00,,2,0.725,-0.1,-0.01,-0.105,0.63,0.238,696.5,4.654746681256314,-1.6,-29.25,-32,1.31,1.57,-1.675,31.5,40.0,189.0,113.1,4,6
2013-05-28,,,,,,,,,,0,0.0,-90.0,False,2013-05-28 17:00:00,2013-05-28 17:30:00,,2,-0.125,-0.5,0.27,0.2075,0.44,-0.1689999999999999,620.75,21.86892772862904,-16.5,-20.75,-22,0.4049999999999999,0.49,-0.575,3.5,7.0,21.0,107.6,4,6
2013-05-30,,,,,,,,,,0,0.0,-90.0,False,2013-05-30 17:00:00,2013-05-30 17:30:00,,2,0.0499999999999999,-0.2,0.2,0.1149999999999999,0.21,-0.08,350.25,9.912113800799505,-6.3,-10.5,-12,0.3849999999999999,0.49,-1.175,3.5,7.0,21.0,106.9,4,6
2013-05-31,,,,,,,,,,0,0.0,-90.0,False,2013-05-31 17:00:00,2013-05-31 17:30:00,,2,4.65,0.4,3.44,-0.84,0.8,-1.368,402.5,1.7320508075688772,0.8,7.5,5,9.85,11.69,-7.425000000000001,37.0,37.0,222.0,104.7,4,6
2013-06-03,,,,,,,,,,0,0.0,-75.0,False,2013-06-03 17:00:00,2013-06-03 17:45:00,,4,-1.35,-1.7,0.02,0.8625,1.22,0.101,638.25,4.856267428111155,-3.1,-22.75,-25,1.5075,1.54,-0.2749999999999999,28.5,30.0,171.0,115.0,4,6
2013-06-04,,,,,,,,,,0,0.0,-90.0,False,2013-06-04 17:00:00,2013-06-04 17:30:00,,3,-1.4249999999999998,-2.8,0.0699999999999999,0.5725,1.38,-0.097,554.0,5.228129047119374,-2.6,-10.75,-14,1.4275,1.51,1.15,22.0,27.0,132.0,113.1,4,6
2013-06-05,379.0,0.3724999999999999,44.69999999999999,9.272222222222222,-0.3499999999999996,-0.0029166666666666,9.7,8.9,0.7999999999999989,9,0.0,0.0,True,2013-06-05 17:00:00,2013-06-05 19:00:00,120.0,9,-1.2,-2.0,0.4599999999999999,0.3525,0.79,-0.233,484.25,6.18465843842649,-4.1,-23.5,-26,1.005,1.03,1.525,11.5,13.0,69.0,112.1,4,6
2013-06-06,401.1,0.4850000000000004,58.200000000000045,8.35,-0.0999999999999996,-0.0008333333333333,8.5,8.2,0.3000000000000007,4,0.0,0.0,True,2013-06-06 17:00:00,2013-06-06 19:00:00,120.0,4,-10.475,-12.2,-0.99,5.022499999999999,5.26,0.1229999999999999,453.75,7.675719293112969,-4.9,-60.25,-64,1.1825,1.45,-3.5249999999999995,43.5,47.0,261.0,112.3,4,6
2013-06-07,,,,,,,,,,0,75.0,-15.0,False,2013-06-07 18:15:00,2013-06-07 18:45:00,,3,7.275,4.7,-1.2500000000000002,-2.9800000000000004,-1.62,0.632,403.25,2.753785273643051,2.1,-25.5,-28,2.9925,3.07,1.3,15.0,17.0,90.0,113.1,4,6
2013-06-08,,,,,,,,,,0,75.0,0.0,False,2013-06-08 18:15:00,2013-06-08 19:00:00,,4,0.425,0.2,-0.05,-0.22,-0.12,0.0239999999999999,408.75,3.4034296427770228,-0.3,-14.5,-16,2.09,2.18,0.6,6.5,10.0,39.0,106.3,4,6
2013-06-09,,,,,,,,,,0,75.0,0.0,False,2013-06-09 18:15:00,2013-06-09 19:00:00,,3,-1.125,-4.0,-0.41,0.1625,1.3,0.283,346.0,3.829708431025352,-2.8,-10.0,-11,1.51,1.7,2.3,23.0,23.0,138.0,99.0,4,6
2013-06-10,,,,,,,,,,0,0.0,-15.0,False,2013-06-10 17:00:00,2013-06-10 18:45:00,,8,3.075,2.5,-0.3099999999999999,-1.4925,-1.29,0.115,372.0,7.52772652709081,5.2,-12.75,-14,1.1075,1.4,4.15,10.0,17.0,60.0,96.2,4,6
2013-06-11,,,,,,,,,,0,30.0,0.0,False,2013-06-11 17:30:00,2013-06-11 19:00:00,,5,-1.675,-3.2,-0.29,0.315,1.05,0.192,412.75,7.5,5.5,-13.75,-16,1.5325,1.68,3.775,13.0,13.0,78.0,92.3,4,6
2013-06-12,381.4,0.1741666666666669,20.900000000000038,7.711111111111112,-1.7000000000000002,-0.0141666666666666,8.5,6.8,1.7000000000000002,9,0.0,0.0,True,2013-06-12 17:00:00,2013-06-12 19:00:00,120.0,9,-0.475,-1.5,-0.59,0.095,0.58,0.298,396.0,5.228129047119374,-3.8,-10.5,-15,0.5349999999999999,0.58,0.925,6.5,10.0,39.0,96.2,4,6
2013-06-13,355.4,0.1875,22.5,8.241666666666667,0.6500000000000004,0.0054166666666666,8.5,7.65,0.8499999999999996,6,0.0,0.0,True,2013-06-13 17:00:00,2013-06-13 19:00:00,120.0,6,0.1,-0.2,-0.1,-0.0425,0.07,0.051,339.5,2.3804761428476167,-1.4,-5.5,-6,0.4875,0.54,0.0999999999999999,5.0,7.0,30.0,102.0,4,6
2013-06-14,371.7,0.2458333333333333,29.5,7.55,-1.7000000000000002,-0.0141666666666666,8.4,6.7,1.7000000000000002,8,0.0,0.0,True,2013-06-14 17:00:00,2013-06-14 19:00:00,120.0,8,-3.45,-3.8,-0.2199999999999999,0.915,1.09,0.1,324.0,3.559026084010437,-0.6,-4.25,-8,0.9375,1.05,2.425,11.5,13.0,69.0,112.6,4,6
2013-06-15,,,,,,,,,,0,30.0,0.0,False,2013-06-15 17:30:00,2013-06-15 19:00:00,,6,-1.35,-2.2,0.4599999999999999,0.59,0.91,-0.158,335.75,4.349329450233296,-3.3,-6.75,-8,0.8325,0.92,-2.0,6.5,10.0,39.0,114.5,4,6
2013-06-16,,,,,,,,,,0,75.0,0.0,False,2013-06-16 18:15:00,2013-06-16 19:00:00,,4,-0.25,-1.2,-0.2,0.3275,0.58,0.0469999999999999,330.25,5.5,-3.3,0.75,-2,0.615,0.83,-3.55,5.0,7.0,30.0,119.7,4,6
2013-06-17,336.4,0.3391666666666665,40.69999999999999,6.922222222222223,-0.75,-0.00625,7.5,6.1,1.4000000000000004,9,0.0,0.0,True,2013-06-17 17:00:00,2013-06-17 19:00:00,120.0,9,0.2500000000000001,-1.4,-0.7,0.1325,0.56,0.165,283.75,7.544313531837517,-4.7,4.5,-1,0.6699999999999999,0.78,-3.6,7.0,7.0,42.0,127.8,4,6
2013-06-18,391.9,0.0824999999999998,9.899999999999975,8.21875,-1.049999999999999,-0.0087499999999999,9.2,6.8,2.3999999999999995,8,0.0,0.0,True,2013-06-18 17:00:00,2013-06-18 19:00:00,120.0,8,-0.4,-3.2,-1.6,0.27,1.02,0.4359999999999999,282.5,2.0816659994661326,0.2,-4.0,-12,0.9825000000000002,1.11,-2.925,10.0,13.0,60.0,128.8,4,6
2013-06-19,368.1,0.1191666666666667,14.300000000000011,7.666666666666667,-0.3999999999999994,-0.0033333333333333,7.8,7.4,0.3999999999999994,6,0.0,0.0,True,2013-06-19 17:00:00,2013-06-19 19:00:00,120.0,6,-4.65,-6.5,-1.4,1.6425,2.22,0.4370000000000001,292.0,10.708252269472672,7.6,0.75,-4,2.775,3.86,-5.35,15.0,20.0,90.0,127.4,4,6
2013-06-20,311.3,0.2775000000000001,33.30000000000001,6.48,-0.7000000000000002,-0.0058333333333333,7.2,5.8,1.4000000000000004,5,0.0,0.0,True,2013-06-20 17:00:00,2013-06-20 19:00:00,120.0,5,-0.475,-4.5,-3.15,0.62,2.24,1.2440000000000002,484.5,8.504900548115382,4.4,-9.75,-12,4.1675,5.24,-4.25,38.0,43.0,228.0,130.5,4,6
2013-06-21,379.9,0.0175000000000001,2.1000000000000227,7.012499999999999,-0.5999999999999996,-0.0049999999999999,7.6,6.8,0.7999999999999998,8,0.0,0.0,True,2013-06-21 17:00:00,2013-06-21 19:00:00,120.0,8,-0.0249999999999999,-1.0,-0.1699999999999999,0.3725,0.77,-0.159,574.5,14.753530650887152,-7.8,-22.5,-27,1.6525,1.96,-3.35,33.5,37.0,201.0,137.6,4,6
2013-06-22,,,,,,,,,,0,15.0,0.0,False,2013-06-22 17:15:00,2013-06-22 19:00:00,,7,-0.725,-2.5,0.99,0.48,1.57,-0.5980000000000001,606.75,13.937359864766352,4.5,-24.0,-30,1.0075,1.11,-0.75,30.0,33.0,180.0,134.2,4,6
2013-06-23,,,,,,,,,,0,15.0,-15.0,False,2013-06-23 17:15:00,2013-06-23 18:45:00,,6,-1.175,-3.5,1.53,1.0675,2.45,-0.9190000000000002,575.25,10.5,-7.1,-34.25,-38,1.55,1.61,-4.25,31.5,33.0,189.0,132.4,4,6
2013-06-24,424.0,0.2349999999999999,28.19999999999999,8.77142857142857,-1.5999999999999996,-0.0133333333333333,9.5,7.9,1.5999999999999996,7,0.0,0.0,True,2013-06-24 17:00:00,2013-06-24 19:00:00,120.0,7,-2.425,-3.2,0.49,1.58,1.92,-0.2599999999999999,539.5,7.047458170621991,0.0,-46.0,-49,0.755,0.82,-3.4,35.0,43.0,210.0,124.6,4,6
2013-06-25,420.5,-0.1033333333333336,-12.400000000000034,7.933333333333334,-1.8000000000000007,-0.015,8.8,7.0,1.8000000000000007,9,0.0,0.0,True,2013-06-25 17:00:00,2013-06-25 19:00:00,120.0,9,0.1,-0.2,-0.1,0.0225,0.15,0.059,485.5,4.795831523312719,-3.6,-19.5,-23,0.4524999999999999,0.47,-0.925,15.0,17.0,90.0,112.9,4,6
2013-06-26,384.5,0.4166666666666667,50.0,7.011111111111111,-0.6500000000000004,-0.0054166666666666,7.4,6.3,1.1000000000000003,9,0.0,0.0,True,2013-06-26 17:00:00,2013-06-26 19:00:00,120.0,9,-1.2,-2.0,0.4599999999999999,0.58,0.94,-0.212,404.5,5.802298395176403,-4.0,-18.25,-19,0.5674999999999999,0.57,-1.725,3.0,3.0,18.0,110.1,4,6
2013-06-27,367.3,0.1175000000000001,14.100000000000025,6.966666666666668,-0.5,-0.0041666666666666,7.2,6.7,0.5,6,0.0,0.0,True,2013-06-27 17:00:00,2013-06-27 19:00:00,120.0,6,-2.6,-3.9,-0.2799999999999999,1.415,1.77,-0.0259999999999999,425.0,4.69041575982343,-3.0,-1.75,-5,5.654999999999999,9.42,-5.3500000000000005,23.5,27.0,141.0,102.9,4,6
2013-06-28,,,,,,,,,,0,15.0,0.0,False,2013-06-28 17:15:00,2013-06-28 19:00:00,,5,-11.2,-12.0,-0.4800000000000002,4.3375,4.57,0.087,385.75,2.753785273643051,-2.1,-86.25,-95,2.33,2.93,-1.075,45.0,47.0,270.0,104.3,4,6
2013-06-29,376.8,0.2616666666666669,31.400000000000038,8.042857142857143,0.1000000000000005,0.0008333333333333,8.3,7.8,0.5000000000000009,7,0.0,0.0,True,2013-06-29 17:00:00,2013-06-29 19:00:00,120.0,7,-0.95,-3.3,-1.0,0.63,1.78,0.642,453.25,7.88986691902975,5.1,-50.75,-62,3.24,3.46,-3.575,40.0,43.0,240.0,103.6,4,6
2013-06-30,,,,,,,,,,0,,,False,,,,0,-2.125,-2.8,0.09,0.9525,1.29,-0.045,535.0,6.97614984548545,3.4,-40.75,-42,1.08,1.14,2.975,25.0,27.0,150.0,106.3,4,6
2013-07-01,,,,,,,,,,0,75.0,0.0,False,2013-07-01 18:15:00,2013-07-01 19:00:00,,4,1.45,1.0,-0.22,-0.695,-0.43,0.142,446.5,13.178264933847196,-10.0,-18.25,-22,0.875,1.05,0.85,6.5,10.0,39.0,111.4,4,6
2013-07-02,,,,,,,,,,0,75.0,0.0,False,2013-07-02 18:15:00,2013-07-02 19:00:00,,4,0.1,-1.2,0.32,-0.09,0.44,-0.1159999999999999,398.25,5.123475382979799,-3.7,-9.0,-10,0.715,0.77,1.25,10.0,10.0,60.0,118.1,4,6
2013-07-03,396.4,0.4941666666666667,59.30000000000001,7.542857142857144,-0.6000000000000005,-0.005,8.0,7.1,0.9000000000000004,7,0.0,0.0,True,2013-07-03 17:00:00,2013-07-03 19:00:00,120.0,7,-0.85,-1.9,-0.8800000000000001,0.24,0.67,0.3419999999999999,369.75,6.994045086119096,-1.1,-6.75,-10,1.24,1.42,2.125,13.5,17.0,81.0,128.7,4,6
2013-07-04,377.8,0.0733333333333334,8.800000000000011,7.666666666666667,-2.4000000000000004,-0.02,8.8,6.4,2.4000000000000004,9,0.0,0.0,True,2013-07-04 17:00:00,2013-07-04 19:00:00,120.0,9,-1.225,-2.9,-0.43,0.42,1.09,0.146,373.0,4.83045891539648,-3.0,7.5,1,2.8725,3.12,1.225,15.0,17.0,90.0,142.3,4,6
2013-07-05,388.4,0.1449999999999998,17.399999999999977,7.7444444444444445,-1.1999999999999993,-0.0099999999999999,8.1,6.9,1.1999999999999993,9,0.0,0.0,True,2013-07-05 17:00:00,2013-07-05 19:00:00,120.0,9,-4.35,-9.7,-2.76,1.285,3.28,1.02,358.75,1.707825127659933,-1.1,-6.75,-10,0.9,1.08,10.075,27.0,37.0,162.0,145.6,4,6
2013-07-06,398.1,0.2208333333333333,26.5,7.477777777777778,-1.2999999999999998,-0.0108333333333333,8.5,6.8,1.7000000000000002,9,0.0,0.0,True,2013-07-06 17:00:00,2013-07-06 19:00:00,120.0,9,-5.075,-6.2,0.19,1.7200000000000002,2.08,-0.07,320.25,3.593976442141304,-2.5,-69.25,-82,1.0425,1.16,-4.699999999999999,35.0,40.0,210.0,138.7,4,6
2013-07-07,388.8,0.2224999999999999,26.69999999999999,7.28888888888889,-0.8999999999999995,-0.0074999999999999,7.8,6.7,1.0999999999999996,9,0.0,0.0,True,2013-07-07 17:00:00,2013-07-07 19:00:00,120.0,9,3.0500000000000003,2.4,-0.4800000000000001,-0.975,-0.76,0.154,292.75,2.362907813126304,-1.7,-18.0,-19,1.5225,1.65,4.824999999999999,5.0,7.0,30.0,129.8,4,6
2013-07-08,340.4,0.1966666666666668,23.600000000000023,8.5,-2.1,-0.0174999999999999,9.5,7.4,2.1,9,0.0,0.0,True,2013-07-08 17:00:00,2013-07-08 19:00:00,120.0,9,1.75,-0.6,0.9600000000000002,-0.6074999999999999,0.12,-0.303,309.75,5.852349955359813,4.3,-7.75,-10,1.5575,1.75,3.6,7.0,7.0,42.0,123.3,4,6
2013-07-09,375.2,0.2050000000000001,24.600000000000023,7.855555555555554,-0.9000000000000004,-0.0075,8.2,7.1,1.0999999999999996,9,0.0,0.0,True,2013-07-09 17:00:00,2013-07-09 19:00:00,120.0,9,0.875,-4.7,-4.23,-0.5800000000000001,1.63,1.7280000000000002,397.75,8.180260794538684,-5.9,7.25,3,3.1100000000000003,4.07,11.125,33.0,33.0,198.0,124.0,4,6
2013-07-10,434.0,0.6516666666666666,78.19999999999999,7.588888888888889,-1.6000000000000003,-0.0133333333333333,8.4,5.8,2.6000000000000005,9,0.0,0.0,True,2013-07-10 17:00:00,2013-07-10 19:00:00,120.0,9,-5.4,-6.5,0.7599999999999999,2.4075,2.93,-0.3510000000000001,457.5,7.593857166596345,-4.4,-46.5,-56,0.8275,0.98,4.025,38.0,43.0,228.0,121.9,4,6
2013-07-11,389.8,0.3483333333333334,41.80000000000001,5.683333333333334,-1.3500000000000003,-0.01125,6.95,4.6,2.3500000000000005,9,0.0,0.0,True,2013-07-11 17:00:00,2013-07-11 19:00:00,120.0,9,-2.35,-3.9,1.0799999999999998,1.05,1.79,-0.494,457.5,5.446711546122731,1.6,-34.0,-41,0.71,1.02,1.7000000000000002,33.5,47.0,201.0,117.1,4,6
2013-07-12,379.9,-0.0341666666666663,-4.099999999999966,8.527777777777779,-1.3500000000000003,-0.01125,9.1,7.3,1.7999999999999998,9,0.0,0.0,True,2013-07-12 17:00:00,2013-07-12 19:00:00,120.0,9,1.875,0.0,-0.0699999999999999,-1.04,-0.15,0.042,498.75,7.762087348130012,4.1,-11.5,-16,1.33,1.57,9.55,26.5,30.0,159.0,121.6,4,6
2013-07-13,380.1,0.2725000000000003,32.700000000000045,8.472222222222221,-0.25,-0.0020833333333333,9.1,8.1,1.0,9,0.0,0.0,True,2013-07-13 17:00:00,2013-07-13 19:00:00,120.0,9,-4.625,-6.3,-0.23,2.0,2.6,0.04,416.0,8.04155872120988,-5.2,-27.0,-27,0.4975,0.63,-11.15,20.0,23.0,120.0,117.8,4,6
2013-07-14,427.7,0.5708333333333333,68.5,6.316666666666666,-1.5500000000000007,-0.0129166666666666,7.15,5.6,1.5500000000000007,9,0.0,0.0,True,2013-07-14 17:00:00,2013-07-14 19:00:00,120.0,9,-8.525,-10.1,1.47,3.25,3.86,-0.564,381.0,0.816496580927726,-0.4,-78.25,-81,1.8175,2.62,2.2,45.0,50.0,270.0,116.7,4,6
2013-07-15,365.4,0.2875,34.5,9.155555555555557,-1.0,-0.0083333333333333,10.2,8.6,1.5999999999999996,9,0.0,0.0,True,2013-07-15 17:00:00,2013-07-15 19:00:00,120.0,9,1.15,-0.4,1.06,-0.435,0.16,-0.4039999999999999,383.0,3.915780041490244,-3.0,-31.5,-35,1.4775,1.55,2.775,17.0,17.0,102.0,117.9,4,6
2013-07-16,361.0,-0.2808333333333332,-33.69999999999999,8.455555555555556,-0.8000000000000007,-0.0066666666666666,9.0,6.4,2.6,9,0.0,0.0,True,2013-07-16 17:00:00,2013-07-16 19:00:00,120.0,9,2.2,2.0,-0.0799999999999999,-0.7725000000000001,-0.69,0.033,351.0,4.546060565661952,-2.2,-16.0,-21,1.105,1.14,2.25,16.5,23.0,99.0,117.6,4,6
2013-07-17,357.8,-0.1866666666666664,-22.399999999999977,8.044444444444444,-0.5,-0.0041666666666666,8.6,7.4,1.1999999999999993,9,0.0,0.0,True,2013-07-17 17:00:00,2013-07-17 19:00:00,120.0,9,0.1,-1.0,0.2800000000000001,-0.0425,0.36,-0.1109999999999999,353.5,3.415650255319866,-2.2,0.5,-1,2.66,3.36,-2.55,13.5,17.0,81.0,114.9,4,6
2013-07-18,361.0,0.125833333333333,15.099999999999966,8.833333333333332,-0.5999999999999996,-0.0049999999999999,9.2,8.1,1.0999999999999996,9,0.0,0.0,True,2013-07-18 17:00:00,2013-07-18 19:00:00,120.0,9,1.7500000000000002,-2.2,-1.9,-0.9575,1.08,0.975,517.0,6.27162924074226,2.6,-8.0,-10,2.705,3.19,-6.275,35.0,47.0,210.0,118.6,4,6
2013-07-19,,,,,,,,,,0,30.0,0.0,False,2013-07-19 17:30:00,2013-07-19 19:00:00,,5,-0.5,-1.8,-0.76,0.2675,1.02,0.4589999999999999,605.5,12.476644848141934,-7.4,-15.25,-18,1.1875,1.45,-2.1750000000000003,32.0,37.0,192.0,117.3,4,6
2013-07-20,381.0,0.3316666666666668,39.80000000000001,7.742857142857142,-0.6000000000000005,-0.005,8.2,7.3,0.8999999999999995,7,0.0,0.0,True,2013-07-20 17:00:00,2013-07-20 19:00:00,120.0,7,-0.05,-0.2,0.06,0.0199999999999999,0.08,-0.024,418.0,6.055300708194984,-4.6,-11.25,-15,0.36,0.4,-1.05,5.0,7.0,30.0,116.1,4,6
2013-07-21,,,,,,,,,,0,15.0,0.0,False,2013-07-21 17:15:00,2013-07-21 19:00:00,,7,0.5999999999999999,-1.1,1.4600000000000002,-0.24,0.43,-0.57,393.0,3.915780041490244,3.0,-3.25,-5,50.4975,99.99,-0.025,13.0,13.0,78.0,112.9,4,6
2013-07-22,,,,,,,,,,0,30.0,0.0,False,2013-07-22 17:30:00,2013-07-22 19:00:00,,7,-1.325,-3.7,0.41,0.4474999999999999,1.45,-0.1929999999999999,383.75,13.961255912942311,-9.3,-1.75,-4,1.1,1.15,-2.95,20.0,27.0,120.0,113.4,4,6
2013-07-23,345.2,0.175833333333333,21.09999999999997,9.38888888888889,0.1000000000000014,0.0008333333333333,9.8,8.8,1.0,9,0.0,0.0,True,2013-07-23 17:00:00,2013-07-23 19:00:00,120.0,9,-1.5,-2.6,-0.4800000000000001,0.515,0.92,0.174,356.0,8.524474568362947,2.8,-10.75,-13,0.7725000000000001,0.85,-1.525,11.5,13.0,69.0,110.1,4,6
2013-07-24,,,,,,,,,,0,,,False,,,,0,0.525,-0.8,-0.53,-0.205,0.23,0.176,327.75,1.8929694486000912,-0.9,-8.0,-11,1.01,1.09,-1.75,11.5,13.0,69.0,111.0,4,6
2013-07-25,376.5,0.0900000000000001,10.800000000000011,8.257142857142856,0.200000000000001,0.0016666666666666,8.4,8.1,0.3000000000000007,7,0.0,0.0,True,2013-07-25 17:00:00,2013-07-25 19:00:00,120.0,7,-2.925,-5.4,0.6099999999999999,1.5025000000000002,2.47,-0.2789999999999999,470.75,10.372238588334406,7.5,-8.25,-19,6.420000000000001,6.87,4.8,40.0,40.0,240.0,110.3,4,6
2013-07-26,374.1,-0.2725000000000003,-32.700000000000045,7.122222222222224,-1.5999999999999996,-0.0133333333333333,7.9,5.4,2.5,9,0.0,0.0,True,2013-07-26 17:00:00,2013-07-26 19:00:00,120.0,9,-0.3,-2.2,-1.2,0.1974999999999999,1.14,0.589,525.25,15.435349040433133,-9.7,-19.0,-22,1.6175,1.83,1.925,18.5,20.0,111.0,112.9,4,6
2013-07-27,388.7,-0.0241666666666664,-2.8999999999999773,8.466666666666669,-1.299999999999999,-0.0108333333333333,9.2,7.9,1.299999999999999,9,0.0,0.0,True,2013-07-27 17:00:00,2013-07-27 19:00:00,120.0,9,1.075,0.6,-0.29,-0.37,-0.17,0.12,424.75,4.99165971062398,1.9,-17.5,-22,1.7575,2.12,2.725,25.0,27.0,150.0,111.3,4,6
2013-07-28,372.0,0.2025000000000001,24.30000000000001,8.544444444444444,0.0999999999999996,0.0008333333333333,9.0,8.3,0.6999999999999993,9,0.0,0.0,True,2013-07-28 17:00:00,2013-07-28 19:00:00,120.0,9,-0.275,-0.8,-0.0499999999999999,0.2075,0.39,0.0289999999999999,441.0,9.966610925150702,-1.8,-17.0,-18,0.8125,0.87,2.6499999999999995,20.0,23.0,120.0,112.7,4,6
2013-07-29,363.8,0.0941666666666662,11.299999999999956,8.366666666666667,-0.4000000000000003,-0.0033333333333333,8.6,7.9,0.6999999999999993,9,0.0,0.0,True,2013-07-29 17:00:00,2013-07-29 19:00:00,120.0,9,1.5,0.7,-0.0399999999999999,-0.4925,-0.15,0.015,392.5,5.32290647422377,-3.6,1.75,1,0.875,0.94,2.725,6.5,10.0,39.0,115.6,4,6
2013-07-30,347.3,0.1633333333333335,19.600000000000023,8.303999999999998,-0.1000000000000014,-0.0008333333333333,8.6,8.1,0.5,25,0.0,0.0,True,2013-07-30 17:00:00,2013-07-30 19:00:00,120.0,25,-0.6749999999999999,-1.7,-0.13,0.3225,0.69,0.0489999999999999,376.25,6.18465843842649,2.1,-13.75,-16,0.5825,0.69,1.85,15.0,17.0,90.0,116.5,4,6
2013-07-31,362.4,-0.225,-27.0,7.300000000000001,-1.5,-0.0125,8.9,5.8,3.1000000000000005,9,0.0,0.0,True,2013-07-31 17:00:00,2013-07-31 19:00:00,120.0,9,-0.9,-1.4,-0.24,0.3424999999999999,0.58,0.0509999999999999,363.25,2.9860788111948198,-2.3,-4.25,-5,0.6075,0.62,0.4499999999999999,10.0,13.0,60.0,112.0,4,6
2013-08-01,297.4,0.775833333333333,93.09999999999997,7.324999999999999,2.575,0.0214583333333333,9.0,4.625,4.375,9,0.0,0.0,True,2013-08-01 17:00:00,2013-08-01 19:00:00,120.0,9,-0.0249999999999999,-1.2,-0.47,0.0249999999999999,0.42,0.166,351.0,1.1547005383792517,0.8,7.5,6,1.835,1.89,0.175,1.5,3.0,9.0,115.4,4,6
2013-08-02,,,,,,,,,,0,15.0,0.0,False,2013-08-02 17:15:00,2013-08-02 19:00:00,,8,0.625,0.0,-0.31,-0.225,-0.03,0.098,310.25,2.8722813232690143,-1.9,0.75,-2,0.8825,0.9,-0.65,3.5,7.0,21.0,116.2,4,6
2013-08-03,330.1,-0.1383333333333335,-16.600000000000023,8.988888888888889,-1.0999999999999996,-0.0091666666666666,9.4,8.0,1.4000000000000004,9,0.0,0.0,True,2013-08-03 17:00:00,2013-08-03 19:00:00,120.0,9,-2.35,-3.5,0.74,0.7125000000000001,0.97,-0.189,318.25,4.5,3.3,2.5,-2,2.3925,2.92,-0.8249999999999998,16.5,20.0,99.0,110.5,4,6
2013-08-04,457.1,0.2758333333333335,33.10000000000002,8.688888888888888,-2.25,-0.01875,9.35,7.1,2.25,9,0.0,0.0,True,2013-08-04 17:00:00,2013-08-04 19:00:00,120.0,9,-4.424999999999999,-9.2,0.4299999999999997,2.4125,4.6,-0.0749999999999999,509.5,32.67516896156264,23.8,-41.25,-46,2.235,2.62,3.575,38.5,40.0,231.0,107.9,4,6
2013-08-05,378.8,0.2808333333333332,33.69999999999999,8.77142857142857,-1.6000000000000003,-0.0133333333333333,9.4,7.8,1.6000000000000003,7,0.0,0.0,True,2013-08-05 17:00:00,2013-08-05 19:00:00,120.0,7,-1.325,-2.8,-0.93,0.7725,1.5,0.461,485.5,7.767453465154029,4.0,-35.5,-40,0.8200000000000001,0.86,2.05,25.0,27.0,150.0,107.3,4,6
2013-08-06,378.9,0.3166666666666666,38.0,8.7,-1.6000000000000003,-0.0133333333333333,9.3,7.7,1.6000000000000003,9,0.0,0.0,True,2013-08-06 17:00:00,2013-08-06 19:00:00,120.0,9,0.125,-1.0,-0.27,0.0075,0.39,0.071,444.5,6.8068592855540455,-3.4,-23.75,-25,0.4375,0.46,1.2,13.5,17.0,81.0,106.8,4,6
2013-08-07,358.4,-0.3224999999999999,-38.69999999999999,8.047222222222222,-3.3,-0.0275,8.6,5.2,3.3999999999999995,9,0.0,0.0,True,2013-08-07 17:00:00,2013-08-07 19:00:00,120.0,9,1.05,0.7,-0.26,-0.2675,-0.12,0.113,402.75,5.188127472091127,3.1,-17.5,-18,0.29,0.31,2.775,3.5,7.0,21.0,108.5,4,6
2013-08-08,368.7,0.1683333333333332,20.19999999999999,8.166666666666666,-0.200000000000001,-0.0016666666666666,8.3,7.8,0.5000000000000009,9,0.0,0.0,True,2013-08-08 17:00:00,2013-08-08 19:00:00,120.0,9,0.45,0.2,0.0199999999999999,-0.155,-0.04,-0.03,364.5,3.3166247903554,-2.4,-6.5,-9,1.27,1.69,0.15,13.5,17.0,81.0,107.3,4,6
2013-08-09,343.8,0.0141666666666665,1.6999999999999886,8.242857142857144,-0.1000000000000014,-0.0008333333333333,9.0,4.9,4.1,7,0.0,0.0,True,2013-08-09 17:00:00,2013-08-09 19:00:00,120.0,7,1.4500000000000002,0.4,-0.52,-0.98,-0.57,0.2259999999999999,478.25,3.685557397915997,1.7,-5.75,-9,2.05,2.33,-4.475,18.0,23.0,108.0,106.5,4,6
2013-08-10,349.9,-0.1650000000000001,-19.80000000000001,8.31111111111111,-0.7000000000000002,-0.0058333333333333,8.7,7.8,0.8999999999999995,9,0.0,0.0,True,2013-08-10 17:00:00,2013-08-10 19:00:00,120.0,9,3.175,2.7,-0.05,-1.3925,-0.97,-0.079,431.75,7.932002689527196,5.9,4.75,-2,2.6625,2.96,-0.525,10.0,10.0,60.0,105.3,4,6
2013-08-11,368.7,0.1366666666666664,16.399999999999977,7.699999999999999,-0.9000000000000004,-0.0075,8.1,7.0,1.0999999999999996,9,0.0,0.0,True,2013-08-11 17:00:00,2013-08-11 19:00:00,120.0,9,-0.4499999999999999,-1.8,0.94,0.1075,0.65,-0.359,376.25,3.774917217635375,-2.3,-4.5,-9,1.155,1.19,-1.125,8.5,10.0,51.0,113.4,4,6
2013-08-12,376.0,0.1733333333333334,20.80000000000001,7.766666666666666,-0.7999999999999998,-0.0066666666666666,8.1,7.3,0.7999999999999998,9,0.0,0.0,True,2013-08-12 17:00:00,2013-08-12 19:00:00,120.0,9,-2.525,-4.4,1.4900000000000002,0.975,1.58,-0.516,352.25,5.795112883571237,-2.3,-1.5,-5,2.9175,3.38,1.7000000000000002,23.5,30.0,141.0,117.2,4,6
2013-08-13,325.9,0.2925000000000002,35.10000000000002,6.866666666666666,-1.1000000000000003,-0.0091666666666666,7.2,5.8,1.4000000000000004,9,0.0,0.0,True,2013-08-13 17:00:00,2013-08-13 19:00:00,120.0,9,-1.475,-2.9,-0.6299999999999999,0.435,1.07,0.324,416.0,6.2182527020592095,-4.0,-9.5,-13,3.365,3.69,-2.525,26.5,30.0,159.0,125.1,4,6
2013-08-14,307.7,0.3766666666666666,45.19999999999999,6.6000000000000005,-0.0999999999999996,-0.0008333333333333,7.7,5.5,2.2,8,0.0,0.0,True,2013-08-14 17:00:00,2013-08-14 19:00:00,120.0,8,-2.4000000000000004,-3.4,0.9600000000000002,1.0074999999999998,1.53,-0.4429999999999999,471.25,4.031128874149275,0.3,-18.25,-28,2.5175,2.57,-1.6,26.5,30.0,159.0,128.5,4,6
2013-08-15,,,,,,,,,,0,30.0,0.0,False,2013-08-15 17:30:00,2013-08-15 19:00:00,,6,-1.4,-3.2,0.0599999999999999,0.2275,1.22,-0.051,581.5,13.403979508588732,1.4,-21.75,-26,3.2875,3.95,-5.8,25.0,33.0,150.0,125.8,4,6
2013-08-16,,,,,,,,,,0,15.0,0.0,False,2013-08-16 17:15:00,2013-08-16 19:00:00,,5,0.2249999999999999,-0.4,0.39,-0.4775,-0.0,-0.371,720.5,23.81176179958132,18.0,-27.75,-29,1.1425,1.25,-2.575,33.0,33.0,198.0,122.9,4,6
2013-08-17,,,,,,,,,,0,60.0,0.0,False,2013-08-17 18:00:00,2013-08-17 19:00:00,,5,0.2,-0.3,0.36,-0.2975,0.0,-0.201,605.0,6.683312551921141,-4.2,-18.25,-22,0.9125,0.97,-1.7,15.0,17.0,90.0,153.4,4,6
2013-08-18,374.1,0.2191666666666667,26.30000000000001,9.211111111111112,-0.5999999999999996,-0.0049999999999999,9.4,8.8,0.5999999999999996,9,0.0,0.0,True,2013-08-18 17:00:00,2013-08-18 19:00:00,120.0,9,0.725,0.1,0.43,-0.51,-0.16,-0.2139999999999999,525.5,17.46424919657298,-7.8,-14.5,-17,0.78,0.84,-1.475,15.0,20.0,90.0,129.2,4,6
2013-08-19,,,,,,,,,,0,30.0,0.0,False,2013-08-19 17:30:00,2013-08-19 19:00:00,,5,0.6749999999999999,-0.6,-0.37,-0.44,0.09,0.1399999999999999,440.75,5.315072906367325,1.5,-11.75,-13,0.7424999999999999,0.8,-1.75,7.0,7.0,42.0,131.4,4,6
2013-08-20,396.3,0.3708333333333333,44.5,9.11111111111111,-0.3000000000000007,-0.0025,9.4,8.8,0.5999999999999996,9,0.0,0.0,True,2013-08-20 17:00:00,2013-08-20 19:00:00,120.0,9,1.9,-1.3,1.56,-0.8999999999999999,0.32,-0.6819999999999999,401.0,11.916375287812984,7.8,19.75,12,5.295,8.32,-1.85,15.0,23.0,90.0,134.6,4,6
2013-08-21,,,,,,,,,,0,60.0,0.0,False,2013-08-21 18:00:00,2013-08-21 19:00:00,,5,1.075,0.2,-0.3699999999999999,-0.0774999999999999,0.57,0.389,510.25,4.7871355387816905,0.5,-19.0,-23,3.2625,3.39,4.775,41.5,43.0,249.0,133.4,4,6
2013-08-22,406.0,0.2,24.0,8.455555555555556,-0.5,-0.0041666666666666,8.6,8.1,0.5,9,0.0,0.0,True,2013-08-22 17:00:00,2013-08-22 19:00:00,120.0,9,-2.45,-3.6,0.24,1.5450000000000002,2.18,-0.2840000000000001,552.25,11.086778913041726,-6.5,-25.0,-34,3.325,3.66,2.1,33.5,37.0,201.0,134.5,4,6
2013-08-23,,,,,,,,,,0,45.0,0.0,False,2013-08-23 17:45:00,2013-08-23 19:00:00,,5,-0.1,-0.9,0.38,0.425,0.78,-0.104,485.5,1.2909944487358056,0.4,-23.0,-25,1.0125,1.07,4.075,25.0,27.0,150.0,126.8,4,6
2013-08-24,,,,,,,,,,0,30.0,0.0,False,2013-08-24 17:30:00,2013-08-24 19:00:00,,7,0.6,0.4,0.0599999999999999,0.1525,0.3,-0.051,430.5,3.7859388972001824,-0.6,-22.75,-23,0.515,0.61,4.75,15.0,20.0,90.0,119.9,4,6
2013-08-25,,,,,,,,,,0,75.0,0.0,False,2013-08-25 18:15:00,2013-08-25 19:00:00,,4,-2.075,-2.9,0.4299999999999999,0.975,1.29,-0.164,375.5,2.886751345948129,-2.0,-27.25,-29,0.9475,1.13,2.925,10.0,13.0,60.0,115.0,4,6
2013-08-26,434.9,0.5241666666666664,62.89999999999998,8.850000000000001,-1.0999999999999996,-0.0091666666666666,9.5,8.3,1.1999999999999993,8,0.0,0.0,True,2013-08-26 17:00:00,2013-08-26 19:00:00,120.0,8,-2.0500000000000003,-2.8,-0.0999999999999999,1.0475,1.29,0.029,357.25,2.217355782608345,-1.3,-9.25,-14,0.7475,0.77,4.575,18.5,20.0,111.0,113.5,4,6
2013-08-27,476.8,0.9591666666666664,115.09999999999997,7.687499999999999,-1.700000000000001,-0.0141666666666666,8.5,6.6,1.9000000000000004,8,0.0,0.0,True,2013-08-27 17:00:00,2013-08-27 19:00:00,120.0,8,-0.95,-3.7,-1.82,0.0174999999999999,1.13,0.825,417.75,5.123475382979799,2.1,-53.5,-59,2.545,2.84,-4.3,46.5,50.0,279.0,111.9,4,6
2013-08-28,406.1,0.2366666666666669,28.400000000000038,8.157142857142858,-2.0,-0.0166666666666666,9.1,6.9,2.1999999999999997,7,0.0,0.0,True,2013-08-28 17:00:00,2013-08-28 19:00:00,120.0,7,-1.05,-1.6,0.52,0.3274999999999999,0.58,-0.213,416.0,7.52772652709081,-5.8,-25.75,-28,1.1275,1.18,-1.025,8.5,10.0,51.0,110.3,4,6
2013-08-29,403.9,1.3433333333333333,161.2,7.387499999999999,1.5,0.0125,8.4,5.8,2.6000000000000005,8,0.0,0.0,True,2013-08-29 17:00:00,2013-08-29 19:00:00,120.0,8,0.475,0.0,0.15,-0.465,-0.27,-0.076,350.0,8.981462390204987,1.4,-11.25,-12,0.9575,1.2,-4.075,5.0,7.0,30.0,111.0,4,6
2013-08-30,452.4,0.6883333333333336,82.60000000000002,7.433333333333334,-2.5,-0.0208333333333333,8.4,5.9,2.5,6,0.0,0.0,True,2013-08-30 17:00:00,2013-08-30 19:00:00,120.0,6,-4.475,-6.7,-0.5899999999999999,2.1975,2.94,0.205,408.5,4.203173404306164,1.4,-23.5,-38,2.7425,3.02,4.4750000000000005,31.5,40.0,189.0,109.5,4,6
2013-08-31,,,,,,,,,,0,30.0,-15.0,False,2013-08-31 17:30:00,2013-08-31 18:45:00,,5,-0.6,-0.8,-0.3,0.5099999999999999,0.69,0.235,439.0,5.5677643628300215,-2.0,-15.0,-16,1.49,1.64,2.6666666666666665,13.0,23.0,78.0,109.5,3,6
